match_id,player_index,champion,subteamId,kills,deaths,assists,kda,goldEarned,champLevel,totalDamageDealtToChampions,totalDamageTaken,totalHeal,damageSelfMitigated,teamDamagePercentage,damageTakenOnTeamPercentage,abilityUses,skillshotsHit,skillshotsDodged,augments,gameDuration
TR1_1664433840,1,Yasuo,3,7,8,4,1.38,10000,15,25319,38947,15115,47506,0.17186620237017758,0.15141667470807083,186,7,17,"[7, 48, 24, 77]",1454
TR1_1664433840,2,Skarner,3,5,7,7,1.71,10300,15,19976,45669,6385,85291,0.13559756280072754,0.17754893437572206,218,2,14,"[136, 48, 23, 149]",1454
TR1_1664433840,3,Gragas,8,10,5,4,2.8,14500,18,37362,34297,7658,40127,0.09888699192324482,0.1255371563659975,337,0,20,"[56, 48, 65, 16, 242]",1454
TR1_1664433840,4,TahmKench,6,2,8,5,0.88,9500,15,16278,36158,15240,81595,0.11049928621484476,0.14057075830939264,119,24,105,"[60, 48, 227, 72]",1454
TR1_1664433840,5,Leona,6,5,7,1,0.86,12461,15,24852,51752,14619,93826,0.16869579340887253,0.20119691553743516,251,22,78,"[237, 48, 13, 67]",1454
TR1_1664433840,6,Kaisa,7,13,8,5,2.25,25325,18,56436,57024,10053,31483,0.14937092028354754,0.208724466210451,167,9,25,"[49, 48, 2, 301, 120]",1454
TR1_1664433840,7,Garen,1,3,6,2,0.83,9550,15,17207,20302,2825,19009,0.11680493143321273,0.0789311582618614,79,0,2,"[46, 48, 77, 82]",1454
TR1_1664433840,8,Trundle,1,2,7,3,0.71,11050,15,20476,26371,7666,31408,0.13899189448146304,0.10252479564142973,199,0,2,"[324, 48, 58, 243]",1454
TR1_1664433840,9,Mel,4,0,8,1,0.12,6519,12,13830,15193,1394,16333,0.09388216548807725,0.059065696442732483,124,117,226,"[218, 48, 38]",1454
TR1_1664433840,10,AurelionSol,8,6,7,8,2.0,13000,18,33269,42650,11657,21530,0.0880535406191862,0.15611310197384837,148,0,13,"[207, 48, 151, 47, 97]",1454
TR1_1664433840,11,Poppy,7,6,6,12,3.0,18700,18,43963,33856,9511,49340,0.11635846086132218,0.12392438704539187,109,0,14,"[34, 48, 89, 311]",1454
TR1_1664433840,12,Lucian,5,18,5,3,4.2,20750,18,94694,32305,4838,32264,0.25062753615251226,0.11824590829505424,250,18,84,"[187, 48, 301, 92, 34]",1454
TR1_1664433840,13,Karma,2,9,6,11,3.33,16900,18,32933,31526,7142,105437,0.0871641252230152,0.11539641369328185,284,6,26,"[308, 48, 118, 74, 80]",1454
TR1_1664433840,14,Aurora,2,12,5,7,3.8,19900,18,64410,27352,10608,41981,0.1704762158133251,0.1001173771272473,436,7,32,"[73, 48, 92, 223, 207]",1454
TR1_1664433840,15,Yuumi,5,3,5,17,4.0,20750,18,14758,14190,9473,16711,0.03906220912384672,0.05194118928872787,371,29,5,"[44, 48, 33, 21, 97]",1454
TR1_1664433840,16,Rammus,4,1,6,0,0.17,6200,12,9378,22827,2279,30140,0.0636621638026246,0.0887450667233557,140,0,87,"[237, 48, 152]",1454
TR1_1657751538,1,Thresh,7,4,3,0,1.33,6000,9,9582,10736,818,5912,0.05099371291794678,0.052922055794382014,66,7,18,[39],1281
TR1_1657751538,2,Sett,1,8,7,6,2.0,19761,18,78692,65711,25785,91410,0.1671108178477821,0.14399517306898726,158,4,9,"[237, 206, 208, 82]",1281
TR1_1657751538,3,Volibear,1,7,6,6,2.17,17150,18,30525,59647,9118,68527,0.06482472583374059,0.13070626145237754,194,0,2,"[49, 9, 123, 238]",1281
TR1_1657751538,4,Vi,8,7,9,10,1.89,15250,18,55806,58785,14489,69400,0.11851032096591405,0.12881859300435855,182,0,1,"[57, 136, 195, 84]",1281
TR1_1657751538,5,Sett,6,12,5,4,3.2,21255,18,86034,57004,17013,69710,0.1827035037744904,0.12491487554828057,150,0,3,"[7, 39, 48, 118]",1281
TR1_1657751538,6,Jhin,6,6,10,5,1.1,18765,18,49737,38048,6554,24425,0.105621542546649,0.08337655698557378,122,3,7,"[80, 105, 195, 71]",1281
TR1_1657751538,7,Shyvana,7,0,4,4,1.0,6100,9,10081,11933,1701,7109,0.05364885293839535,0.058825562520123345,76,7,10,[46],1281
TR1_1657751538,8,Amumu,2,0,7,4,0.57,10200,14,7290,19865,1640,27748,0.03879460070775326,0.0979234153464006,134,12,18,"[171, 49, 234]",1281
TR1_1657751538,9,Sett,2,5,6,0,0.83,9205,14,26255,52587,16729,41637,0.13971314007195768,0.2592204107388464,75,0,6,"[60, 305, 79]",1281
TR1_1657751538,10,Briar,3,7,6,6,2.17,13000,17,25537,24653,23648,25658,0.1358923105714061,0.12152642835205149,174,9,13,"[136, 138, 115, 250]",1281
TR1_1657751538,11,Ambessa,3,7,6,6,2.17,13000,17,39809,27519,5791,40481,0.21184214877817953,0.1356495276978,154,0,8,"[214, 237, 125, 227]",1281
TR1_1657751538,12,Briar,4,9,5,9,3.6,18260,18,68450,66772,60173,56082,0.1453625606736406,0.1463208145624129,241,6,13,"[22, 58, 238]",1281
TR1_1657751538,13,Tristana,4,10,7,6,2.29,18260,18,54795,44761,15363,33017,0.1163645222127222,0.09808610332995017,137,0,4,"[87, 322, 134, 71]",1281
TR1_1657751538,14,Illaoi,8,10,5,2,2.4,18750,18,46855,65614,22217,52197,0.09950200614506108,0.14378162204805922,213,8,9,"[32, 237, 48, 313]",1281
TR1_1657751538,15,Singed,5,3,6,4,1.17,11750,15,34776,25615,2317,38849,0.18505579808966943,0.1262667847246063,96,0,25,"[237, 176, 86]",1281
TR1_1657751538,16,Corki,5,6,11,3,0.82,14477,15,34588,29956,3765,16578,0.18405943592469187,0.14766581482578983,163,22,32,"[206, 79]",1281
TR1_1657744801,1,Riven,2,7,8,13,2.5,11550,16,53739,53033,14682,183357,0.09785400707673232,0.09174031539958781,615,8,50,"[98, 27, 19]",1645
TR1_1657744801,2,Sion,2,19,6,6,4.17,13550,16,74500,90945,15597,208479,0.13565849958929438,0.15732134334683404,298,31,71,"[152, 41, 123]",1645
TR1_1657744801,3,Sylas,6,17,14,7,1.71,19600,18,76087,130902,70380,100291,0.13854822669641925,0.22644154992906476,608,11,135,"[238, 30, 45, 16]",1645
TR1_1657744801,4,Zed,7,6,12,2,0.67,7500,14,41989,27808,3159,26297,0.14446031095024442,0.0794521388190938,247,17,55,"[16, 125, 243]",1645
TR1_1657744801,5,Caitlyn,8,13,11,4,1.55,24493,18,68689,31363,7231,22044,0.12507660409316054,0.05425412445782457,217,21,60,"[74, 81, 225, 312]",1645
TR1_1657744801,6,Vi,1,9,9,9,2.0,21018,18,53195,41493,14743,43174,0.09686431896676163,0.07177769211373725,190,0,12,"[154, 194, 11, 250]",1645
TR1_1657744801,7,Fiora,1,11,6,8,3.17,16000,18,78760,52238,36759,50060,0.14341565138043566,0.0903642789838963,355,4,31,"[250, 11, 6, 238]",1645
TR1_1657744801,8,MissFortune,4,2,8,3,0.62,7500,13,27207,19900,2603,11602,0.0936063149708483,0.05685801454718048,82,38,207,"[84, 156]",1645
TR1_1657744801,9,TahmKench,3,9,5,3,2.4,10003,15,52932,124118,39174,106538,0.1821102990875466,0.35461705483968836,166,31,50,"[313, 54, 123]",1645
TR1_1657744801,10,Yasuo,4,3,7,2,0.71,7000,13,12319,17704,1882,17520,0.04238436302096992,0.050582477161662344,130,2,114,"[52, 115]",1645
TR1_1657744801,11,Pantheon,3,4,17,3,0.41,11000,15,24806,33179,2820,43048,0.08534424226685014,0.09479515003509745,210,2,29,"[154, 195, 234]",1645
TR1_1657744801,12,TwistedFate,5,9,9,4,1.44,15403,15,66793,25619,3498,14574,0.22979667790166872,0.07319632198257074,285,55,160,"[38, 48, 86]",1645
TR1_1657744801,13,Alistar,7,3,8,4,0.88,7502,14,22663,54179,6827,115184,0.07797070269773096,0.15479491477240767,132,0,43,"[152, 18, 208]",1645
TR1_1657744801,14,Maokai,6,14,4,16,7.5,21506,18,66105,141733,100310,294366,0.12037189397866897,0.24517679522166153,281,16,161,"[13, 243, 54, 90]",1645
TR1_1657744801,15,Sett,5,5,7,7,1.71,10002,15,41950,47497,8637,55393,0.14432708910414094,0.13570392784229918,123,0,35,"[64, 66, 58]",1645
TR1_1657744801,16,Zed,8,10,11,11,1.91,22753,18,78099,36375,8270,33354,0.14221079821852725,0.06292390054739376,487,55,83,"[82, 48, 19, 150]",1645
TR1_1654572006,1,Mordekaiser,6,8,9,3,1.22,12009,16,50129,69260,35270,91173,0.21535252720098297,0.2298732696472244,298,0,51,"[313, 234, 129, 45]",1452
TR1_1654572006,2,Maokai,6,4,7,6,1.43,13756,16,42684,58795,22130,138095,0.18336997289573795,0.1951425203306195,246,16,110,"[65, 234, 154, 193]",1452
TR1_1654572006,3,Rengar,3,7,5,11,3.6,17753,18,54162,56087,29975,47223,0.10934380131550006,0.1252310898194424,222,0,7,"[23, 234, 64, 310]",1452
TR1_1654572006,4,Shen,3,13,4,5,4.5,19256,18,73384,53327,22315,118988,0.1481504993587539,0.11906688051057257,245,0,11,"[36, 234, 238, 166, 151]",1452
TR1_1654572006,5,Gragas,7,14,6,6,3.33,24620,18,106117,61837,36793,115856,0.21423316842134915,0.13806833525901552,530,31,77,"[311, 234, 312, 30, 103]",1452
TR1_1654572006,6,Karthus,5,4,7,0,0.57,9391,14,33037,17738,1371,7676,0.14192522142883326,0.05887508122358898,260,27,51,"[38, 234, 211, 195]",1452
TR1_1654572006,7,Zyra,8,0,6,2,0.33,7250,13,14145,16423,2530,6502,0.060769437438953695,0.05450898129557662,137,13,31,"[98, 234, 312]",1452
TR1_1654572006,8,Jinx,4,7,7,4,1.57,11253,16,45811,32455,10456,15799,0.09248592269458564,0.0724654387732344,145,18,79,"[71, 234, 77, 79]",1452
TR1_1654572006,9,Leona,1,8,2,16,12.0,24256,18,66101,82880,57765,238010,0.1334468997847645,0.1850539656677344,190,13,50,"[2, 234, 13, 18, 94]",1452
TR1_1654572006,10,Samira,1,16,9,2,2.0,21664,18,76139,49932,19404,29386,0.15371336493030927,0.11148876234726522,232,6,34,"[92, 234, 74, 134, 52]",1452
TR1_1654572006,11,Shen,4,5,5,7,2.4,13259,16,37119,63363,19251,79335,0.07493739187636746,0.14147643707719879,133,0,34,"[152, 234, 90, 225]",1452
TR1_1654572006,12,Sylas,7,7,7,9,2.29,22003,18,36500,47989,18989,60467,0.07368895161837004,0.1071490905455367,398,13,54,"[16, 234, 133, 1, 129]",1452
TR1_1654572006,13,Kalista,2,5,13,2,0.54,10806,15,37686,25523,2978,13593,0.1618982375697709,0.08471116243842025,62,10,33,"[52, 234, 36, 220]",1452
TR1_1654572006,14,Leona,2,5,5,5,2.0,10809,15,25625,71455,5888,181133,0.11008491883425654,0.23715885841433987,212,30,40,"[13, 234, 152, 18]",1452
TR1_1654572006,15,Teemo,5,1,7,3,0.57,8200,15,19355,23606,3157,10712,0.08315162902163453,0.0783509159956843,145,0,9,"[65, 234, 68, 48]",1452
TR1_1654572006,16,Aatrox,8,2,7,0,0.29,7450,12,10113,18493,6041,20922,0.04344805560983012,0.061379210654546074,189,3,27,"[84, 234, 103]",1452
TR1_1654568297,1,Khazix,1,24,6,0,4.0,23425,18,69314,69573,64655,77964,0.16376111172577879,0.17185657509770105,226,10,94,"[48, 80, 77, 211]",1428
TR1_1654568297,2,Maokai,1,1,5,21,4.4,21000,18,65136,100724,48471,276385,0.15389007114938558,0.24880348098976415,257,13,138,"[125, 94, 313, 75, 68]",1428
TR1_1654568297,3,Akshan,8,1,9,3,0.44,10935,15,16739,16676,3436,11521,0.16424410339157644,0.12686676936572633,140,24,65,"[166, 238, 52, 195]",1428
TR1_1654568297,4,Ryze,2,2,7,3,0.71,7000,15,14156,18648,6709,16367,0.13890106200259275,0.1418675925034441,297,34,78,"[75, 304, 67, 180]",1428
TR1_1654568297,5,Galio,2,3,6,2,0.83,7000,14,13702,19443,5881,53617,0.13444080460972216,0.14791316758846204,194,7,43,"[18, 304, 29, 67]",1428
TR1_1654568297,6,Jayce,3,5,5,2,1.4,7950,13,13116,13230,3262,23415,0.12868931619246074,0.10064849582725638,189,6,20,"[195, 304, 16]",1428
TR1_1654568297,7,TwistedFate,3,2,9,3,0.56,8577,13,8632,11777,546,3915,0.08469832405280397,0.08959254534389327,126,10,28,"[30, 304, 133]",1428
TR1_1654568297,8,Vi,4,9,6,2,1.83,14000,17,30981,19470,2400,27221,0.07319586211712743,0.0480952391416879,76,0,14,"[220, 227, 313, 234, 89]",1428
TR1_1654568297,9,Corki,4,3,5,7,2.0,13675,17,26343,12483,5206,6828,0.06223866321002191,0.03083595303284179,137,16,30,"[48, 52, 77, 135, 92]",1428
TR1_1654568297,10,Jhin,7,22,6,4,4.33,21874,18,84134,43240,14644,30694,0.1987742237895738,0.10680931289681826,152,12,43,"[81, 82, 38, 47, 238]",1428
TR1_1654568297,11,Blitzcrank,5,3,7,2,0.71,9000,15,11929,21382,6840,27305,0.11704231883636937,0.1626670048366027,163,7,40,"[58, 90, 311, 1]",1428
TR1_1654568297,12,Jhin,5,2,9,2,0.44,9000,15,9189,14881,1225,4665,0.09015931854598085,0.11321159067055116,73,1,29,"[243, 98, 82, 115]",1428
TR1_1654568297,13,Tryndamere,6,14,6,2,2.67,13750,17,52314,37535,14869,50001,0.12359805604962383,0.09271643768111244,110,0,44,"[220, 107, 47, 79, 71]",1428
TR1_1654568297,14,Ivern,6,2,8,15,2.12,11250,17,15530,32059,23972,37774,0.036691084860245464,0.07919180745532033,284,34,79,"[45, 21, 74, 18, 141]",1428
TR1_1654568297,15,Pyke,8,5,6,1,1.0,11750,15,14454,15410,5184,11766,0.1418247523684937,0.11723283386406401,161,25,74,"[19, 84, 89, 234]",1428
TR1_1654568297,16,Sejuani,7,4,4,20,6.0,18550,18,79510,89748,16420,290271,0.1878509270982432,0.22169119370475404,241,9,42,"[224, 2, 64, 18, 68]",1428
TR1_1654387950,1,Yorick,5,4,6,2,1.0,7800,14,28075,40806,8016,17638,0.14927765534021142,0.18349320637726302,223,7,49,"[38, 313]",1354
TR1_1654387950,2,Malzahar,5,2,11,3,0.45,8220,14,21039,27498,4726,10480,0.11186722053924404,0.12365238918798385,185,8,17,"[38, 50, 238]",1354
TR1_1654387950,3,Brand,3,5,7,13,2.57,21633,18,51473,43225,14864,54884,0.16274902505315683,0.15213593009785178,187,19,47,"[92, 180, 118, 77]",1354
TR1_1654387950,4,Pyke,3,15,6,5,3.33,23860,18,53085,44627,17959,29901,0.16784796652073863,0.157067863153857,267,40,95,"[82, 103, 150, 151]",1354
TR1_1654387950,5,Cassiopeia,1,1,6,4,0.83,9555,15,10506,17954,1332,10219,0.05586212587829624,0.0807330895846224,312,2,62,"[65, 2, 133]",1354
TR1_1654387950,6,Jayce,1,5,5,1,1.2,9821,15,18227,16177,1956,8792,0.09691694575582963,0.07274615235971164,284,3,34,"[223, 84, 238]",1354
TR1_1654387950,7,Pantheon,7,3,7,13,2.29,22981,18,43610,39745,3979,71635,0.1378901538883236,0.1398845174096452,259,1,31,"[227, 103, 313, 36]",1354
TR1_1654387950,8,Zyra,4,6,6,3,1.5,9778,15,26232,29167,9671,28582,0.1394818688567306,0.1311565115401379,314,15,70,"[312, 2, 309]",1354
TR1_1654387950,9,Taliyah,4,3,9,5,0.89,10062,15,30834,26634,8005,13947,0.1639515881968184,0.11976419888789971,373,51,187,"[24, 16, 50]",1354
TR1_1654387950,10,Hwei,8,7,5,6,2.6,12578,15,35681,19436,3538,12504,0.18972027036625333,0.08739758506494885,223,3,5,"[129, 238, 98]",1354
TR1_1654387950,11,Udyr,8,6,6,5,1.83,12306,15,17476,44712,21194,52221,0.09292232506661634,0.20105686699743264,317,0,6,"[67, 33, 20]",1354
TR1_1654387950,12,Pantheon,6,8,6,9,2.83,16781,18,40311,29202,7810,22082,0.12745888853389,0.1027788056304508,117,3,22,"[84, 82, 90, 227]",1354
TR1_1654387950,13,Katarina,6,9,8,7,2.0,16760,18,35511,27046,1686,29097,0.11227986692088833,0.0951922595933025,137,1,29,"[211, 321, 180, 133]",1354
TR1_1654387950,14,Akali,7,18,5,2,4.0,19018,18,52707,48763,24943,46631,0.16665284499140745,0.17162462170089451,443,0,14,"[129, 65, 151, 321]",1354
TR1_1654387950,15,Khazix,2,6,7,4,1.43,12284,16,18848,20774,1771,10401,0.0595961324398049,0.07311750372575541,139,15,20,"[16, 61, 223]",1354
TR1_1654387950,16,Renekton,2,5,5,5,2.0,10292,16,20723,30742,6853,41984,0.06552512165179025,0.10819849868824277,157,0,10,"[241, 63, 71]",1354
TR1_1654381972,1,Warwick,7,2,8,3,0.62,6750,13,13522,19398,5573,35580,0.05935096697191938,0.07936901534707126,126,0,43,"[228, 218]",1400
TR1_1654381972,2,Illaoi,2,7,7,3,1.43,10300,15,35429,49170,20492,72510,0.15550078946559928,0.2011795055793224,162,16,31,"[62, 138, 2]",1400
TR1_1654381972,3,JarvanIV,2,5,9,7,1.33,11500,15,29444,43125,11749,79211,0.1292324566095662,0.17644833086934075,221,0,7,"[234, 187]",1400
TR1_1654381972,4,Akshan,1,21,7,5,3.71,24680,18,94280,38593,10127,28689,0.24893675585170413,0.10551657998742534,323,19,76,"[234, 51, 2, 226]",1400
TR1_1654381972,5,Amumu,1,3,5,21,4.8,19155,18,39994,96953,12435,107611,0.10560010233159912,0.2650761127607737,173,20,65,"[216, 110, 13, 218]",1400
TR1_1654381972,6,Gwen,6,3,8,7,1.25,12025,15,19689,28826,6827,29550,0.08641749192978529,0.11794158381719169,119,28,104,"[233, 205, 63]",1400
TR1_1654381972,7,Leblanc,3,11,5,6,3.4,18250,18,52106,35256,9441,45765,0.13758192440442893,0.09639387592360786,329,10,26,"[62, 49, 180, 46]",1400
TR1_1654381972,8,Zed,3,7,9,11,2.0,18500,18,50670,38446,12379,43379,0.13378890161536044,0.10511477209863022,348,7,30,"[19, 60, 90, 320]",1400
TR1_1654381972,9,Mordekaiser,4,8,9,9,1.89,16500,18,51478,35185,9365,66049,0.13592309964328028,0.09619932114833261,242,0,16,"[48, 32, 68, 80]",1400
TR1_1654381972,10,Warwick,4,8,6,5,2.17,18015,18,39156,51067,23007,53357,0.1033878271583233,0.13962151839252837,200,0,26,"[41, 237, 82, 57]",1400
TR1_1654381972,11,Graves,8,11,8,2,1.62,11005,16,37424,24602,3595,27364,0.16425688327320448,0.10066048288074879,167,20,69,"[243, 46, 227]",1400
TR1_1654381972,12,Quinn,5,8,6,5,2.17,11925,17,32653,39297,17622,22757,0.08621841020100492,0.107439988417065,93,8,25,"[134, 22, 107, 138]",1400
TR1_1654381972,13,Ezreal,7,3,6,1,0.67,10450,13,16644,19568,4073,17745,0.07305095879746669,0.08006517652831477,179,55,89,"[219, 170]",1400
TR1_1654381972,14,Lillia,8,2,8,11,1.62,12750,17,27189,30578,6775,21679,0.119333516709898,0.1251114302600143,322,11,51,"[1, 26, 238]",1400
TR1_1654381972,15,Viktor,5,3,7,6,1.29,13305,18,18392,30957,3251,33781,0.04856297879429889,0.0846378312716369,332,42,22,"[30, 251, 16, 44]",1400
TR1_1654381972,16,XinZhao,6,12,6,5,2.83,11065,15,48498,29139,10203,24073,0.2128569362425607,0.11922447471799602,151,0,42,"[54, 206, 29]",1400
TR1_1653946216,1,Ornn,8,17,5,13,6.0,28125,18,108232,280991,48372,166613,0.13695355150319677,0.3939206659795732,429,61,90,"[216, 313, 13, 150]",1884
TR1_1653946216,2,Smolder,7,25,8,2,3.38,33300,18,339001,46583,7518,37484,0.4289620831199579,0.06530560064942843,371,18,90,"[166, 92, 250, 82]",1884
TR1_1653946216,3,Akshan,6,5,8,2,0.88,10625,16,36482,29387,5075,17728,0.15387681870436887,0.09212708420351531,198,40,75,"[219, 103, 238]",1884
TR1_1653946216,4,Lucian,6,2,9,4,0.67,11305,16,23129,31368,5684,16131,0.09755493577807339,0.09833831680992497,279,6,48,"[19, 107, 89]",1884
TR1_1653946216,5,Chogath,1,5,8,13,2.25,25825,18,28133,115529,25797,217095,0.03559906897665799,0.16195989037938024,288,0,65,"[123, 149, 113, 94]",1884
TR1_1653946216,6,Khazix,1,14,10,5,1.9,29728,18,108999,41068,7228,44552,0.13792480070345378,0.057573096910102935,422,16,75,"[48, 38, 236, 16]",1884
TR1_1653946216,7,Rell,8,13,6,16,4.83,28170,18,62087,104672,17661,239234,0.07856347075043633,0.1467405871223618,395,3,95,"[18, 152, 149, 312]",1884
TR1_1653946216,8,TwistedFate,2,1,9,2,0.33,7867,14,10815,21347,2313,22221,0.04561964748027905,0.06692434247918434,106,0,9,"[14, 133, 36]",1884
TR1_1653946216,9,Illaoi,2,3,7,1,0.57,7115,14,24942,39445,18105,28302,0.10520535689376916,0.12365863699978845,203,3,11,"[41, 64, 77]",1884
TR1_1653946216,10,Lulu,7,3,6,25,4.67,28500,18,29179,50452,21369,74418,0.03692222152959239,0.0707296796029107,310,39,79,"[53, 129, 74, 72]",1884
TR1_1653946216,11,Teemo,3,4,10,8,1.2,17025,18,54701,40273,7086,21253,0.06921744124942894,0.05645921367694358,487,0,8,"[30, 92, 241, 129]",1884
TR1_1653946216,12,Shaco,3,9,8,4,1.62,19056,18,59948,33748,7913,17373,0.07585736216727584,0.047311265679299094,333,16,19,"[219, 38, 215, 50]",1884
TR1_1653946216,13,Elise,4,5,7,2,1.0,11290,15,34930,26913,7762,27657,0.1473330934686313,0.08437245896835761,366,0,38,"[19, 63, 180]",1884
TR1_1653946216,14,Kassadin,4,3,8,3,0.75,9770,15,22625,22206,606,31994,0.09543131307603142,0.06961478489168824,306,0,16,"[48, 238, 63]",1884
TR1_1653946216,15,Aatrox,5,12,10,3,1.5,13570,18,57765,58502,26195,46891,0.24364353699792343,0.18340184545962365,331,9,48,"[310, 313, 211, 77]",1884
TR1_1653946216,16,Nunu,5,5,7,11,2.29,13685,18,26396,89814,51071,67274,0.11133529760092337,0.28156253018791744,294,98,146,"[156, 67, 13, 94]",1884
TR1_1653938102,1,KogMaw,8,19,12,3,1.83,23360,18,87758,47210,8006,28876,0.25098103072620637,0.14378338278587557,213,10,48,"[225, 305, 52, 129]",1472
TR1_1653938102,2,LeeSin,1,6,6,5,1.83,10000,15,16080,22416,2463,19427,0.10467720499888858,0.12171498596602119,146,20,39,"[88, 206, 223]",1472
TR1_1653938102,3,Yunara,1,6,6,5,1.83,11800,15,20604,26271,8275,14495,0.1341247996355067,0.14264711975554098,98,18,24,"[81, 206, 301]",1472
TR1_1653938102,4,Brand,5,12,6,7,3.17,16750,18,44144,41174,11530,31209,0.12624817486641918,0.1253993228567668,413,12,67,"[45, 97, 133, 20]",1472
TR1_1653938102,5,Maokai,5,7,4,11,4.5,16750,18,23395,55056,17556,104925,0.06690869836840482,0.1676788537312001,179,12,123,"[18, 108, 47, 13]",1472
TR1_1653938102,6,Nautilus,4,5,6,4,1.5,7450,14,15263,30228,7102,193789,0.09936008403708842,0.16413597406668212,243,27,223,"[18, 44, 312]",1472
TR1_1653938102,7,AurelionSol,4,4,12,4,0.67,8450,14,28926,25451,2231,11157,0.18829550268576511,0.13819418277322645,182,66,122,"[45, 97, 68]",1472
TR1_1653938102,8,Shyvana,2,2,7,0,0.29,7200,13,11477,22661,2623,36624,0.07471406657959442,0.12304720833281324,125,6,22,"[125, 46]",1472
TR1_1653938102,9,Zed,3,10,8,10,2.5,21875,18,57647,32368,3403,25855,0.16486558407281104,0.09858163938025291,528,30,92,"[48, 80, 47, 2]",1472
TR1_1653938102,10,Khazix,3,12,6,8,3.33,22760,28,57327,42482,26016,41365,0.16394970319933738,0.12938487950270647,501,17,74,"[96, 176, 250, 311]",1472
TR1_1653938102,11,Azir,2,2,8,2,0.5,8200,13,18636,20297,1485,12756,0.12131280018121428,0.11021117127556267,151,164,310,"[234, 51]",1472
TR1_1653938102,12,Jhin,6,6,8,6,1.5,13010,17,36365,30620,8771,15456,0.10400058344060424,0.0932555203677878,246,11,30,"[219, 138, 84, 89]",1472
TR1_1653938102,13,Ashe,7,4,7,2,0.86,7500,14,22917,17807,1876,7928,0.14917969011902132,0.0966908672605139,105,32,371,"[224, 22, 89]",1472
TR1_1653938102,14,Alistar,8,7,5,16,4.6,18750,18,14389,52620,28461,202571,0.041152389145342604,0.16025972621075074,184,0,37,"[41, 218, 2, 94]",1472
TR1_1653938102,15,Rumble,6,7,6,5,2.0,13000,17,28635,26811,3008,68879,0.0818938361808744,0.0816566751646596,338,31,61,"[219, 44, 180, 64]",1472
TR1_1653938102,16,Jhin,7,3,7,3,0.86,7500,14,19715,19035,3060,11717,0.12833585176292117,0.10335849056963943,119,2,61,"[195, 251, 150]",1472
TR1_1653928089,1,Neeko,8,3,6,6,1.5,12825,16,32143,24106,2355,19936,0.08214533381408028,0.04565140927417399,194,24,55,"[156, 22, 2]",1678
TR1_1653928089,2,Jax,3,19,9,5,2.67,20120,18,111740,61818,44589,103869,0.18276938607090432,0.11083429762783273,336,0,75,"[219, 51, 215, 218]",1678
TR1_1653928089,3,Karma,3,7,5,18,5.0,21895,18,44058,60477,31220,163182,0.07206440333822359,0.1084298272158692,443,66,94,"[219, 37, 33, 60]",1678
TR1_1653928089,4,Thresh,2,12,10,5,1.7,13910,18,71865,85782,20678,234658,0.18365973259286753,0.16244779203345436,228,37,324,"[18, 204, 29, 39]",1678
TR1_1653928089,5,Nunu,2,5,12,9,1.17,15115,18,48024,148636,122989,182715,0.12273065845273293,0.2814732676370381,433,153,405,"[41, 251, 103, 120]",1678
TR1_1653928089,6,Shaco,4,12,15,4,1.07,19505,18,51655,47964,6723,57531,0.08449058229456785,0.08599620413568743,351,0,105,"[310, 172, 63, 237]",1678
TR1_1653928089,7,Maokai,4,6,6,11,2.83,16035,18,63566,73562,34545,246285,0.10397282838412412,0.13189059692542218,311,68,156,"[18, 49, 67, 232]",1678
TR1_1653928089,8,Ekko,1,14,8,4,2.25,19626,18,103228,80036,42042,228153,0.16884764065482671,0.14349723267602188,382,60,290,"[45, 85, 2, 308]",1678
TR1_1653928089,9,Karma,1,5,12,14,1.58,18130,18,59979,101851,68649,242393,0.09810650947005949,0.1826094433869717,535,204,498,"[15, 102, 118, 136]",1678
TR1_1653928089,10,Nilah,7,13,8,7,2.5,21590,18,87406,75800,53680,125658,0.14296816179354144,0.1359032208958383,306,0,508,"[1, 138, 321, 80]",1678
TR1_1653928089,11,Elise,6,11,10,4,1.5,11025,17,40999,33874,8776,22042,0.10477858770330976,0.06414837714970602,523,2,66,"[48, 237, 151]",1678
TR1_1653928089,12,Elise,8,7,9,1,0.89,10855,16,30782,31161,4559,15994,0.07866892968325308,0.05900995859816536,350,0,65,"[156, 34, 238]",1678
TR1_1653928089,13,Rengar,5,10,10,6,1.6,14170,18,53636,69003,41581,75318,0.13707411234236572,0.13067246888622785,247,0,54,"[225, 60, 84, 28]",1678
TR1_1653928089,14,Senna,5,8,10,9,1.7,15888,18,66739,93334,61446,100461,0.17055931195393742,0.17674751372732286,153,15,65,"[134, 170, 141, 76]",1678
TR1_1653928089,15,LeeSin,6,4,9,11,1.67,11045,17,47105,42165,16276,46053,0.1203833334574533,0.07984921269391143,446,33,82,"[195, 187, 82, 206]",1678
TR1_1653928089,16,Zeri,7,9,9,13,2.44,19350,18,89737,56243,26791,80606,0.14678048799375248,0.10083917713635658,1184,712,1415,"[79, 9, 301, 73]",1678
TR1_1653882915,1,Zyra,5,0,6,5,0.83,9750,14,19750,16520,2444,9295,0.09561758789433582,0.06356745561451131,186,68,108,"[238, 102, 301]",1508
TR1_1653882915,2,Janna,8,1,6,10,1.83,12300,15,13666,22896,11463,35729,0.06616022317942824,0.08810301589498089,237,29,90,"[215, 12, 98]",1508
TR1_1653882915,3,Akshan,4,6,11,12,1.64,21303,18,62249,43509,5388,33457,0.13326891224441648,0.10352419928825954,161,15,84,"[223, 7, 165, 71]",1508
TR1_1653882915,4,Maokai,6,7,7,3,1.43,12253,15,27148,44488,11498,87765,0.1314295675525558,0.1711853332130181,188,21,197,"[149, 85, 92]",1508
TR1_1653882915,5,Rengar,3,13,5,6,3.8,22828,18,57590,44145,27994,32065,0.12329417504950553,0.10503746079000936,194,0,13,"[89, 17, 211, 63]",1508
TR1_1653882915,6,Sett,3,8,5,11,3.8,21200,18,79597,64791,16828,74343,0.17040876358403834,0.1541601056636979,198,0,15,"[116, 242, 84, 2]",1508
TR1_1653882915,7,Smolder,6,4,7,6,1.43,12262,15,36188,45221,27282,32637,0.17519548051805164,0.17400541131476113,268,27,117,"[312, 60, 71]",1508
TR1_1653882915,8,Singed,7,4,5,9,2.6,12765,17,34399,69037,22799,120023,0.07364608470467778,0.16426201402087431,126,0,20,"[154, 25, 13, 149]",1508
TR1_1653882915,9,Vayne,2,3,10,0,0.3,9265,13,31755,30824,4953,22210,0.1537335635068098,0.11860646037954627,96,12,53,"[154, 207]",1508
TR1_1653882915,10,Milio,2,0,6,3,0.5,9250,13,5955,36987,22603,31843,0.02882975554502275,0.14232144560033463,126,10,55,"[13, 251]",1508
TR1_1653882915,11,Jinx,5,5,6,0,0.83,8950,14,23996,19400,2438,11991,0.11617263683967206,0.0746507840134119,48,5,51,"[107, 305, 77]",1508
TR1_1653882915,12,Ryze,4,17,5,5,4.4,24703,18,97358,51976,7516,129956,0.20843278320466962,0.12366921129842562,751,25,106,"[180, 97, 129, 311]",1508
TR1_1653882915,13,Gnar,8,10,5,1,2.2,12003,15,48099,43546,11497,88477,0.23286118496412386,0.16756009396943577,218,52,147,"[227, 80, 313]",1508
TR1_1653882915,14,Swain,1,4,5,11,3.0,13059,18,32481,64201,30041,70411,0.06953953089447726,0.1527553359134846,368,24,189,"[133, 46, 313, 94]",1508
TR1_1653882915,15,Smolder,1,12,9,3,1.67,15559,17,59582,32091,9876,19208,0.12755842251302552,0.07635614712656301,333,22,105,"[103, 80, 92, 77]",1508
TR1_1653882915,16,Shyvana,7,10,7,3,1.86,12762,17,43837,50533,23950,48580,0.09385132780518948,0.12023552589868566,267,10,30,"[129, 87, 98, 238]",1508
TR1_1653881045,1,Sylas,1,9,6,3,2.0,12753,17,56984,40070,19633,45661,0.21911686397367203,0.13164520408290092,237,10,22,"[129, 150, 69]",1534
TR1_1653881045,2,Malzahar,1,3,7,9,1.71,13000,16,46111,28546,3850,27138,0.17730533951262412,0.09378597670203663,478,0,10,"[65, 104, 205]",1534
TR1_1653881045,3,Anivia,2,2,6,1,0.5,8950,14,16781,24407,2208,14574,0.06452797782914971,0.08018751041781759,149,3,12,"[311, 215]",1534
TR1_1653881045,4,Urgot,2,2,5,2,0.8,9470,13,17148,20679,2403,14731,0.06593789114608532,0.06793985613159545,93,4,18,"[217, 107]",1534
TR1_1653881045,5,TwistedFate,3,13,11,5,1.64,35136,18,137619,45990,10808,32686,0.2318381175909707,0.0780909633481271,400,165,361,"[38, 129, 322, 320]",1534
TR1_1653881045,6,Draven,8,5,10,9,1.4,16016,17,57961,40602,17395,31587,0.09764385241437641,0.06894278950268475,172,13,21,"[71, 77, 138, 170]",1534
TR1_1653881045,7,Thresh,3,5,6,12,2.83,23036,18,68806,130464,35611,172593,0.11591284673871495,0.2215272839224141,238,18,161,"[13, 313, 205, 12]",1534
TR1_1653881045,8,Volibear,4,4,6,3,1.17,12352,15,48989,86313,17815,99494,0.18837376173810008,0.28356653149648947,176,0,25,"[318, 152, 49]",1534
TR1_1653881045,9,Yasuo,7,8,5,3,2.2,13750,16,39676,22501,10020,23547,0.06683971061502048,0.038206785209110694,297,5,36,"[250, 47, 305]",1534
TR1_1653881045,10,Blitzcrank,4,5,8,4,1.12,12006,15,26444,48763,7858,96237,0.10168212831174733,0.16020390185539804,201,16,32,"[116, 13, 136]",1534
TR1_1653881045,11,Smolder,5,5,7,1,0.86,9577,14,26502,19380,2441,9603,0.10190665851888199,0.06367038367489508,135,15,15,"[217, 322]",1534
TR1_1653881045,12,FiddleSticks,5,1,7,3,0.57,9204,14,21104,36221,10885,20437,0.08114937896973942,0.11900063563886686,192,0,11,"[238, 211, 25]",1534
TR1_1653881045,13,Aatrox,8,12,6,5,2.83,14256,17,52648,66065,43150,84945,0.08869290376223743,0.11217762128934809,427,13,32,"[238, 67, 7, 34]",1534
TR1_1653881045,14,Taric,6,8,4,16,6.0,23018,18,58792,79013,43026,172959,0.09904269046495086,0.13416364311000184,362,0,38,"[151, 152, 37, 56]",1534
TR1_1653881045,15,Zac,6,16,3,8,8.0,21768,18,126172,185610,192553,197464,0.21255360333774864,0.3151640738284505,225,5,55,"[313, 64, 60, 39]",1534
TR1_1653881045,16,Zed,7,4,7,6,1.43,13500,16,51926,18684,2308,12715,0.08747627507598056,0.03172683978986288,281,35,47,"[211, 84, 46]",1534
TR1_1653861578,1,Riven,8,2,6,3,0.83,8269,15,20867,17655,2519,36339,0.22255934850689776,0.15575826322922665,269,5,86,"[27, 63]",1122
TR1_1653861578,2,Leblanc,1,5,5,3,1.6,9450,14,13628,23691,3631,7726,0.05420896935387919,0.10029325002563313,218,8,44,"[53, 211, 109]",1122
TR1_1653861578,3,Swain,1,3,4,5,2.0,9555,14,20241,27036,7040,11648,0.08051129792744145,0.11445093499371291,208,38,184,"[48, 64, 180]",1122
TR1_1653861578,4,Zilean,8,4,5,2,1.2,9219,15,10714,21373,6198,12413,0.11427920014031749,0.18855831747697255,369,72,155,"[234, 50]",1122
TR1_1653861578,5,Teemo,6,10,5,4,2.8,15500,16,39932,26967,5201,9428,0.15883160845798572,0.11416187440771043,234,0,43,"[156, 65, 103]",1122
TR1_1653861578,6,Ezreal,4,1,3,1,0.67,4100,11,9526,8973,1484,2788,0.10160270444462313,0.0791607613186279,165,52,66,"[58, 318]",1122
TR1_1653861578,7,KSante,5,0,4,4,1.0,4055,11,6831,14834,2866,22549,0.07285797103743702,0.1308657173672968,184,0,10,"[41, 215]",1122
TR1_1653861578,8,Zilean,2,3,5,12,3.0,19847,18,18984,37102,9353,39339,0.07551304966393989,0.15706517574980366,693,29,120,"[1, 16, 180, 97]",1122
TR1_1653861578,9,Ekko,2,13,4,3,4.0,21270,18,46239,44164,25233,39285,0.18391705931257507,0.1869609574239578,246,17,117,"[156, 311, 227, 73]",1122
TR1_1653861578,10,MissFortune,7,5,5,1,1.2,9223,13,12452,14093,1831,6326,0.13281179500148108,0.12433532016305786,131,4,83,"[11, 21]",1122
TR1_1653861578,11,Shaco,6,5,6,7,2.0,13500,16,23045,23103,5893,17157,0.09166259347210488,0.09780234002237824,305,28,83,"[30, 63, 103]",1122
TR1_1653861578,12,Jinx,3,5,4,8,3.25,17825,18,22653,27613,4919,23093,0.0901061745444883,0.11689565946356173,154,17,127,"[134, 241, 318, 320]",1122
TR1_1653861578,13,Smolder,3,12,4,3,3.75,17430,18,66687,26544,9040,9846,0.2652492472675855,0.11236980791324211,265,16,68,"[48, 16, 84, 322]",1122
TR1_1653861578,14,Yunara,4,3,5,0,0.6,4000,11,8203,9575,1061,3017,0.08749618272270089,0.08447701112632744,83,4,20,"[54, 77]",1122
TR1_1653861578,15,Gragas,5,4,5,0,0.8,4110,11,9579,10362,1299,7427,0.1021659950063972,0.09141991794968125,184,3,24,"[219, 149]",1122
TR1_1653861578,16,Jhin,7,1,6,5,1.0,8814,13,15585,16484,2161,6770,0.16622680314014543,0.14542469136880956,115,0,7,"[228, 154]",1122
TR1_1653850740,1,Briar,4,5,6,5,1.67,10100,15,24889,45855,38342,41122,0.16790461382876132,0.20905438054659745,130,9,32,"[170, 60, 320]",1403
TR1_1653850740,2,Viego,6,2,7,0,0.29,7703,14,13255,16082,3069,12601,0.08942162373213658,0.07332143724145349,113,10,35,"[22, 181, 322]",1403
TR1_1653850740,3,Samira,7,13,6,2,2.5,20245,18,46194,35683,15155,22625,0.13186650923191312,0.124636082231748,283,23,37,"[221, 138, 7, 16]",1403
TR1_1653850740,4,Leona,2,4,8,1,0.62,6750,12,16468,22646,1722,30382,0.11109408972009024,0.10324587040021135,130,9,26,"[237, 25]",1403
TR1_1653850740,5,Shyvana,2,1,7,4,0.71,6750,12,22615,24116,7775,34092,0.1525640438145098,0.1099446534370553,148,10,17,"[12, 205]",1403
TR1_1653850740,6,Nasus,3,13,3,13,8.67,19360,18,54248,55542,24040,97808,0.15485958145489165,0.19400036458801698,255,0,9,"[46, 102, 305, 129]",1403
TR1_1653850740,7,Lucian,3,14,6,9,3.83,24870,18,52027,32431,12073,18494,0.14851950576129785,0.11327524702093374,264,9,25,"[56, 187, 32, 238]",1403
TR1_1653850740,8,Rengar,4,5,6,3,1.33,11600,15,26055,28066,11111,28561,0.17576720966499734,0.12795360870541722,146,0,16,"[17, 22, 26]",1403
TR1_1653850740,9,Ornn,6,0,6,1,0.17,6500,14,11249,19945,3781,47894,0.07588606924649703,0.09093140695364281,152,7,39,"[42, 218, 110]",1403
TR1_1653850740,10,Kennen,1,6,6,6,2.0,11800,17,28020,23551,3931,16743,0.07998871040741502,0.08226086374942497,254,123,188,"[324, 211, 129, 310]",1403
TR1_1653850740,11,Fizz,1,6,7,5,1.57,10800,17,24374,31841,7498,25167,0.06958000912487308,0.11121721165425885,210,8,51,"[206, 171, 9, 250]",1403
TR1_1653850740,12,Jayce,5,7,5,11,3.6,18250,18,40942,34992,5030,70966,0.1168763981908797,0.12222010334941943,307,7,47,"[218, 57, 310, 320]",1403
TR1_1653850740,13,Nasus,8,6,6,0,1.0,8250,16,24844,36736,12552,42708,0.16759791257636142,0.16748008292214267,139,0,39,"[305, 44, 138]",1403
TR1_1653850740,14,Gragas,7,5,5,12,3.4,18250,18,43746,33913,9794,32203,0.12488050791302101,0.11845338057560129,461,14,47,"[97, 85, 226, 98]",1403
TR1_1653850740,15,Ezreal,5,13,7,5,2.57,15750,18,60753,38346,6881,22853,0.17342877791570854,0.13393674683059675,360,41,61,"[7, 51, 56, 238]",1403
TR1_1653850740,16,Zilean,8,0,9,6,0.67,8250,16,8859,25898,8435,15126,0.05976443741664631,0.11806855979347973,254,23,37,"[222, 205, 136]",1403
TR1_1653848136,1,Olaf,5,9,6,10,3.17,23450,18,70067,87611,47889,101711,0.15592058198583145,0.2057774044618834,125,6,24,"[206, 305, 53, 64]",1430
TR1_1653848136,2,Janna,4,1,6,8,1.5,13550,15,9771,26581,17658,38045,0.04488662462285193,0.10851272246194105,244,17,19,"[12, 326, 18]",1430
TR1_1653848136,3,Mordekaiser,4,9,7,1,1.43,12050,15,55118,43229,17645,57274,0.2532022417882856,0.17647797571219814,263,0,10,"[42, 226, 45]",1430
TR1_1653848136,4,Renata,1,3,5,13,3.2,18000,18,32902,36155,17829,36815,0.0732184073927289,0.08491900458314469,210,26,158,"[205, 218, 243, 118]",1430
TR1_1653848136,5,Tryndamere,1,13,6,2,2.5,19500,18,66252,63654,22534,43148,0.1474322741116752,0.149509098070261,107,0,123,"[87, 206, 225, 151]",1430
TR1_1653848136,6,Xerath,7,4,6,2,1.0,11800,15,21249,20282,2720,20959,0.09761652140025828,0.08279834961111332,249,7,18,"[44, 32, 1]",1430
TR1_1653848136,7,Jinx,7,2,8,4,0.75,11500,15,21264,19071,3076,10054,0.09768556247238834,0.07785397618421622,166,9,44,"[69, 25, 195]",1430
TR1_1653848136,8,Alistar,6,2,6,6,1.33,12250,16,15078,42951,17483,114950,0.03355423891957849,0.10088260791655335,96,0,32,"[39, 136, 18]",1430
TR1_1653848136,9,Xerath,2,16,5,6,4.4,27400,18,92901,50953,5308,49462,0.2067352001067156,0.11967727472766783,699,25,66,"[17, 120, 30, 180]",1430
TR1_1653848136,10,Amumu,2,8,8,15,2.88,28100,18,57754,50183,6278,60510,0.1285208156825082,0.11786919980284855,151,26,83,"[171, 112, 193, 238]",1430
TR1_1653848136,11,Ambessa,5,16,7,8,3.43,22750,18,74414,60214,28128,89422,0.16559605581730585,0.141428038989571,221,0,16,"[226, 305, 66, 29]",1430
TR1_1653848136,12,Smolder,8,9,10,2,1.1,14425,16,41838,25486,5107,12662,0.1921961866798992,0.1040455656911427,156,23,38,"[86, 11, 195]",1430
TR1_1653848136,13,Yunara,3,2,10,2,0.4,9000,13,16405,19756,2041,9169,0.07536351167494623,0.08065084276555552,82,1,10,[7],1430
TR1_1653848136,14,Gragas,3,3,6,1,0.67,9200,13,22304,22814,5105,26099,0.10245953503435372,0.09313560134565019,235,6,31,"[46, 73]",1430
TR1_1653848136,15,Trundle,8,4,7,6,1.43,13050,16,29733,67737,34006,41033,0.13658981632701667,0.27652496622818284,230,0,18,"[237, 22, 41]",1430
TR1_1653848136,16,Quinn,6,8,7,1,1.29,15550,16,40004,34034,11380,14335,0.08902242598365635,0.07993737144807021,83,9,31,"[60, 32, 134]",1430
TR1_1653789972,1,Fizz,4,8,7,7,2.14,10750,17,50773,42422,10711,38074,0.1285406738106177,0.11998427065208296,272,4,59,"[75, 228, 323, 233]",1567
TR1_1653789972,2,Thresh,8,0,5,2,0.4,6200,12,15082,16540,973,13895,0.07181822118657327,0.0647519546789672,118,13,34,"[152, 238]",1567
TR1_1653789972,3,Fizz,7,15,8,8,2.88,28355,18,52427,44371,16189,62854,0.13272882647978232,0.12549485654123646,228,16,57,"[38, 63, 211, 89]",1567
TR1_1653789972,4,Morgana,7,8,4,14,5.5,21450,18,63854,39029,19039,64478,0.1616578611468658,0.11038674119336268,388,16,52,"[2, 180, 133, 198]",1567
TR1_1653789972,5,Irelia,1,9,9,8,1.89,14744,17,28668,45189,18176,42482,0.13650729379262136,0.1769079970465537,214,18,147,"[16, 36, 250, 47]",1567
TR1_1653789972,6,Nasus,1,10,6,9,3.17,12250,17,50118,59074,30444,96398,0.2386432637258365,0.23126484778841663,335,0,65,"[103, 74, 311, 33]",1567
TR1_1653789972,7,Ashe,6,7,6,4,1.83,10050,15,33055,29666,3427,21051,0.15739549016361887,0.11613894284742383,115,31,291,"[71, 107, 116]",1567
TR1_1653789972,8,Annie,8,2,9,0,0.22,6200,12,13329,12998,176,5573,0.06346775164380969,0.05088672758588353,240,0,7,"[133, 238]",1567
TR1_1653789972,9,Blitzcrank,5,1,6,7,1.33,11250,15,19915,27860,4366,37417,0.09482902485348703,0.10907062358707104,165,13,81,"[238, 116, 180]",1567
TR1_1653789972,10,Nautilus,2,10,6,10,3.33,23500,18,57841,62843,8848,218595,0.14643327657024685,0.17774122268424483,314,19,84,"[151, 92, 313, 238]",1567
TR1_1653789972,11,Fiora,2,11,8,6,2.12,23500,18,64843,72335,51342,173636,0.1641608476851224,0.2045875401318118,398,15,131,"[63, 150, 151, 103]",1567
TR1_1653789972,12,Caitlyn,4,6,7,8,2.0,13970,17,42200,27318,5737,61599,0.10683600619642006,0.07726402481412574,106,19,64,"[227, 84, 52, 71]",1567
TR1_1653789972,13,Taliyah,3,4,7,5,1.29,15988,18,31508,27952,3007,24494,0.07976875455019405,0.07905931291699946,235,119,258,"[38, 16, 312, 227]",1567
TR1_1653789972,14,Cassiopeia,3,6,6,4,1.67,15900,18,31550,37295,9118,32367,0.07987375356075083,0.10548203106613607,635,129,329,"[65, 154, 223, 67]",1567
TR1_1653789972,15,Bard,6,4,7,6,1.43,10000,15,19120,35148,17701,22866,0.09104159114233056,0.13759871609583618,193,9,63,"[192, 21, 223]",1567
TR1_1653789972,16,Kindred,5,7,9,1,0.89,10050,15,30724,28961,10920,19205,0.14629736349172273,0.11338019036984788,79,58,55,"[52, 36, 90]",1567
TR1_1653784589,1,Pantheon,6,5,6,5,1.67,12750,18,45173,42423,13195,53622,0.10971314984690912,0.10414948041866474,318,1,1,"[23, 1, 321, 215]",1511
TR1_1653784589,2,Xerath,5,7,5,7,2.8,11060,16,35277,28954,6561,24084,0.24763025525184576,0.18188328978815743,342,146,204,"[61, 1, 180]",1511
TR1_1653784589,3,Zac,3,2,7,2,0.57,7085,13,17173,41686,30143,33014,0.1205534538251788,0.26186199438976,123,10,32,"[154, 174]",1511
TR1_1653784589,4,Veigar,7,0,5,1,0.2,3850,9,5601,7214,231,2052,0.039321284377287324,0.04531830275969229,56,11,12,[129],1511
TR1_1653784589,5,Sona,7,1,4,0,0.25,4029,9,6229,6784,1485,3103,0.04372992657072951,0.04262124245435877,76,0,7,[38],1511
TR1_1653784589,6,Trundle,4,11,8,7,2.25,18880,18,66294,53846,33957,60610,0.16100840371850464,0.1321925943291205,248,0,10,"[77, 225, 301, 211]",1511
TR1_1653784589,7,Diana,1,2,9,3,0.56,11300,15,20142,18679,1482,17705,0.14139157953220993,0.11733959594965988,144,16,52,"[227, 115, 29]",1511
TR1_1653784589,8,Senna,1,6,5,2,1.6,9926,15,19999,19607,7415,12412,0.1403882923782964,0.1231668694051289,135,14,47,"[71, 79, 36]",1511
TR1_1653784589,9,TahmKench,8,17,4,5,5.5,22639,18,93221,79666,21497,214437,0.22640553531563923,0.19557904594913253,318,13,62,"[68, 225, 129, 2]",1511
TR1_1653784589,10,Milio,8,5,9,16,2.33,19170,18,24429,68456,40694,79928,0.05933171384065707,0.168059427434379,411,13,36,"[5, 30, 103, 198]",1511
TR1_1653784589,11,Gangplank,4,13,8,6,2.38,25806,18,56083,50964,18590,40439,0.13620978376017792,0.12511772988445038,294,0,10,"[84, 174, 151, 47]",1511
TR1_1653784589,12,Annie,3,2,7,1,0.43,7000,13,11644,15021,1321,11681,0.08173900227569557,0.09435917783652917,114,0,23,"[241, 156]",1511
TR1_1653784589,13,Shaco,5,7,6,7,2.33,11250,16,26390,21243,2241,17028,0.1852462057887567,0.13344952741671356,293,0,25,"[165, 156, 92]",1511
TR1_1653784589,14,Cassiopeia,2,10,8,5,1.88,12375,18,52896,42637,14421,32598,0.12847014086546626,0.1046738964313042,616,3,43,"[65, 219, 311, 180]",1511
TR1_1653784589,15,Smolder,2,6,5,6,2.4,11355,17,27643,20725,5532,16094,0.06713777568084116,0.050880206169094375,161,7,21,"[47, 219, 250, 312]",1511
TR1_1653784589,16,Jax,6,7,7,4,1.57,12792,18,46001,48614,18840,68796,0.11172349697180459,0.1193476193838543,278,0,3,"[217, 216, 52, 71]",1511
TR1_1653781361,1,Syndra,2,3,6,2,0.83,7700,13,10948,13148,1747,4343,0.07137761025034416,0.06420729139373635,212,8,422,"[238, 223]",1601
TR1_1653781361,2,Taliyah,2,2,6,3,0.83,7702,13,20557,14350,1592,3744,0.13402101453792475,0.07007306109769254,203,55,184,"[38, 65]",1601
TR1_1653781361,3,Ambessa,7,9,4,12,5.25,18500,18,68401,41491,30327,212121,0.16156598862119992,0.10181797169669296,408,0,267,"[321, 63, 138, 218]",1601
TR1_1653781361,4,Alistar,4,17,5,10,5.4,21250,18,64443,88936,53753,256664,0.1522180632973147,0.21824697884936456,239,0,148,"[312, 136, 102]",1601
TR1_1653781361,5,Leona,4,10,6,15,4.17,21250,18,53555,94178,22715,184497,0.12649899486881394,0.2311104591891682,344,45,118,"[64, 165, 25, 226]",1601
TR1_1653781361,6,Varus,1,3,11,2,0.45,7200,13,10546,17405,486,6629,0.06875621901253422,0.08499339697898346,79,24,301,"[71, 92]",1601
TR1_1653781361,7,Gwen,1,3,6,3,1.0,7772,13,16935,16712,3172,13058,0.11040801815568227,0.08160729789339703,186,73,204,"[129, 38]",1601
TR1_1653781361,8,Yuumi,6,5,6,8,2.17,11800,17,33947,23978,13812,18587,0.08018433979085429,0.05884375608610614,321,83,25,"[151, 301, 205, 242]",1601
TR1_1653781361,9,Renekton,6,8,10,5,1.3,10800,17,45605,44533,8840,79096,0.10772200481863235,0.1092846944008691,178,0,129,"[227, 103, 34, 46]",1601
TR1_1653781361,10,LeeSin,5,7,8,2,1.12,10000,15,24126,25415,5630,31375,0.15729170001878362,0.12410572263172548,344,11,123,"[82, 321, 221]",1601
TR1_1653781361,11,Jax,5,2,7,5,1.0,9750,15,11129,22880,4275,33843,0.07255745150113288,0.1117251613476386,131,0,126,"[84, 238, 226]",1601
TR1_1653781361,12,Kaisa,8,11,9,3,1.56,13250,18,52026,32876,7111,29445,0.122888503675101,0.08067873381979461,265,10,137,"[238, 52, 322, 51]",1601
TR1_1653781361,13,Lucian,3,5,8,6,1.38,11000,16,29648,28391,6060,16185,0.19329018044513674,0.13863754284596108,225,13,39,"[71, 211, 28]",1601
TR1_1653781361,14,KSante,3,7,5,4,2.2,10750,16,29495,66484,9688,126157,0.1922978060784614,0.32465052581086545,331,0,56,"[313, 64, 102]",1601
TR1_1653781361,15,Nocturne,8,3,9,8,1.22,13650,18,30187,35904,12881,29106,0.07130418856560918,0.08810817721420144,190,21,149,"[150, 107, 108, 32]",1601
TR1_1653781361,16,Varus,7,15,8,9,3.0,18500,18,75197,45603,8070,78492,0.17761791636247465,0.11190922874380296,393,51,324,"[217, 238, 218, 237]",1601
TR1_1653668747,1,Aphelios,6,12,10,5,1.7,17150,18,47772,25030,10656,19936,0.1469588188239192,0.0944814647449863,172,10,51,"[238, 52, 222, 220, 21]",1243
TR1_1653668747,2,Cassiopeia,3,6,8,1,0.88,9800,15,20958,26108,7049,13828,0.1477533944343373,0.1282466191671975,366,3,80,"[98, 84, 28, 1]",1243
TR1_1653668747,3,Rell,3,2,6,6,1.33,10803,15,14450,39494,21222,51707,0.10187715935990979,0.1939988357158715,230,1,56,"[234, 310, 48, 11]",1243
TR1_1653668747,4,Draven,2,6,7,2,1.14,11030,16,23239,23718,3584,10463,0.16383807680764026,0.11650761924560762,188,7,51,"[71, 200, 49, 6]",1243
TR1_1653668747,5,Sona,2,2,7,6,1.14,10500,16,11267,27529,25855,15194,0.07943193165858535,0.13522375667664777,196,6,19,"[118, 238, 80, 228]",1243
TR1_1653668747,6,AurelionSol,7,1,8,2,0.38,6500,12,9878,15467,1571,6486,0.06964126770409333,0.07597439864323742,103,0,36,"[151, 46, 133]",1243
TR1_1653668747,7,Katarina,8,15,4,6,5.25,21000,18,63593,41090,12451,28499,0.1956281216224688,0.1551042750520541,78,0,49,"[312, 227, 120, 54, 313]",1243
TR1_1653668747,8,Kennen,7,2,6,1,0.5,6500,12,7649,10011,2361,7198,0.05393003585337754,0.04917599493224893,179,3,46,"[154, 304, 65]",1243
TR1_1653668747,9,Evelynn,5,7,5,4,2.2,16650,18,27985,24550,5541,28479,0.0860908239685185,0.09266917542398849,306,20,68,"[103, 311, 46, 48, 180]",1243
TR1_1653668747,10,Twitch,8,7,6,15,3.67,20845,18,27305,22967,8434,17305,0.08399743430948706,0.08669409100346465,134,2,32,"[211, 16, 32, 81, 70]",1243
TR1_1653668747,11,Fiora,6,8,6,8,2.67,15500,18,33207,60002,42015,74992,0.10215601662728763,0.22648963038306955,453,6,55,"[238, 23, 222, 19, 82]",1243
TR1_1653668747,12,Malphite,1,7,5,11,3.6,21010,18,29211,34014,5196,42743,0.08986236330700145,0.1283925223742385,146,0,15,"[129, 68, 231, 205, 211]",1243
TR1_1653668747,13,Kaisa,1,11,5,6,3.4,18750,18,59780,33393,11392,25252,0.18389840782676442,0.12604952172356307,492,13,38,"[52, 36, 129, 28, 107]",1243
TR1_1653668747,14,Mordekaiser,4,3,9,7,1.11,11550,16,24345,44124,11673,53440,0.17163630010680483,0.2167396673141425,137,0,61,"[154, 64, 238, 242]",1243
TR1_1653668747,15,Talon,4,9,6,2,1.83,14976,16,30055,17127,3061,19740,0.21189183407525158,0.08413310830504674,278,36,140,"[63, 38, 84, 93]",1243
TR1_1653668747,16,Talon,5,7,7,5,1.71,18089,18,36215,23874,3461,19779,0.11140801351455296,0.09011931929463535,271,42,130,"[38, 227, 89, 226, 223]",1243
TR1_1653659186,1,Alistar,5,4,6,6,1.67,9510,14,17063,55794,20830,104157,0.10257450643098125,0.22697052038911725,114,0,20,"[70, 208, 18]",1476
TR1_1653659186,2,AurelionSol,1,0,9,1,0.11,8500,13,10201,27385,1425,17576,0.06132632470890866,0.11140302234272981,92,0,12,"[92, 45]",1476
TR1_1653659186,3,Zac,1,2,6,0,0.33,9000,13,18434,41176,36767,39449,0.11081422178714416,0.16750380508917637,174,7,22,"[116, 18]",1476
TR1_1653659186,4,Malphite,7,14,3,7,7.0,33010,18,73410,29198,7831,72843,0.18334358364353118,0.09000389037735648,306,0,14,"[64, 228, 6, 223]",1476
TR1_1653659186,5,Viktor,4,8,9,8,1.78,22100,18,44850,53999,13461,81765,0.11201468286815663,0.16645506139731678,156,19,31,"[129, 234, 135, 180]",1476
TR1_1653659186,6,Neeko,6,5,7,2,1.0,9950,13,18199,28093,2838,12386,0.10940315199659037,0.11428311210982989,115,10,26,"[154, 41]",1476
TR1_1653659186,7,Kayle,8,3,7,5,1.14,14550,16,25985,29974,6793,22576,0.15620646487638776,0.1219350426391024,116,4,25,"[217, 115, 216]",1476
TR1_1653659186,8,Caitlyn,4,12,6,4,2.67,24360,18,53700,29560,6884,19286,0.13411735385532556,0.09112172515002348,158,14,32,"[92, 220, 6, 74]",1476
TR1_1653659186,9,Sona,7,11,8,8,2.38,26700,18,57178,35674,18069,44953,0.1428040710269279,0.1099693204569537,254,11,32,"[133, 48, 45, 238]",1476
TR1_1653659186,10,Riven,3,11,6,4,2.5,14800,17,47009,29035,8579,30925,0.1174068588648039,0.08950175607628984,162,1,38,"[47, 310, 243, 82]",1476
TR1_1653659186,11,Xayah,3,7,8,5,1.5,13550,17,31601,31378,6353,20509,0.07892429917062875,0.09672554106004974,235,19,65,"[36, 58, 81, 107]",1476
TR1_1653659186,12,Smolder,8,6,8,1,0.88,14050,16,27386,21937,2019,8400,0.16463025272226486,0.08924270704681873,214,11,20,"[154, 195, 234]",1476
TR1_1653659186,13,Sona,6,2,7,3,0.71,9450,13,14752,19049,8361,28946,0.08868091379675029,0.07749371607893878,194,2,7,"[227, 48]",1476
TR1_1653659186,14,Jhin,5,6,11,3,0.82,9500,14,34329,22411,2025,12236,0.20636416368097266,0.09116807430428678,136,11,24,"[84, 81, 228]",1476
TR1_1653659186,15,Cassiopeia,2,10,6,9,3.17,23210,18,49596,70027,45629,48202,0.12386828590251511,0.21586152929747712,647,13,182,"[67, 45, 135, 198]",1476
TR1_1653659186,16,Rumble,2,11,6,6,2.83,27710,18,43051,45534,11157,50615,0.10752086466811096,0.14036117618453284,461,24,105,"[65, 86, 48, 113]",1476
TR1_1653540739,1,Sivir,3,8,8,7,1.88,18350,18,29585,39020,17162,18053,0.10240505664188243,0.12838219734171763,116,8,18,"[36, 134, 206, 79, 312]",1400
TR1_1653540739,2,AurelionSol,7,6,8,4,1.25,13000,17,24183,18758,3156,31459,0.17912264376588855,0.14224950955641621,146,0,70,"[311, 48, 205, 195]",1400
TR1_1653540739,3,Jhin,8,8,9,6,1.56,11260,17,33774,23925,4576,10685,0.11690684151677894,0.07871572589730873,95,2,21,"[2, 228, 92, 7, 223]",1400
TR1_1653540739,4,Sona,1,10,9,8,2.0,15150,18,21061,52231,53461,87789,0.07290237228171054,0.1718466259521985,256,5,32,"[2, 233, 222, 58, 94]",1400
TR1_1653540739,5,Karma,1,11,5,10,4.2,14760,18,39633,65822,26824,157297,0.1371859652173337,0.21656218545616693,369,17,67,"[227, 79, 205, 15, 198]",1400
TR1_1653540739,6,Gwen,2,2,6,1,0.5,7700,14,11165,15323,5445,19380,0.08270436138536884,0.11620026938828071,224,23,69,"[63, 304, 1, 320]",1400
TR1_1653540739,7,Nilah,2,4,7,1,0.71,8825,14,13298,12006,5055,6911,0.09850209073234248,0.0910457786827977,120,0,12,"[52, 304, 48, 49]",1400
TR1_1653540739,8,MissFortune,7,9,10,4,1.3,12675,16,35120,21871,4723,11178,0.2601275117345729,0.16585060754991068,114,29,220,"[84, 323, 170, 48]",1400
TR1_1653540739,9,Kalista,4,0,5,1,0.2,3750,9,4196,4981,340,1569,0.03107962591065441,0.03777242500183293,13,3,6,"[47, 304]",1400
TR1_1653540739,10,Shen,6,4,6,4,1.33,10550,16,17065,34839,2847,43806,0.1264016248394521,0.2641931886604724,128,0,66,"[152, 216, 116, 73]",1400
TR1_1653540739,11,Akali,5,15,6,5,3.33,23104,18,50010,29563,3041,55575,0.17310468041298308,0.09726486272012859,403,112,192,"[38, 30, 65, 308, 180]",1400
TR1_1653540739,12,Trundle,4,1,4,0,0.25,3850,9,5225,7772,883,4151,0.03870462677185852,0.05893944736875888,45,0,2,"[217, 304]",1400
TR1_1653540739,13,Fizz,5,6,6,11,2.83,23110,18,44359,23398,6128,41068,0.1535434683273353,0.0769821481357099,350,5,53,"[129, 45, 97, 14, 92]",1400
TR1_1653540739,14,Qiyana,6,6,6,4,1.67,10250,16,24755,16318,3229,15408,0.18335751485986224,0.1237487737915305,275,7,66,"[82, 310, 206, 62]",1400
TR1_1653540739,15,Tristana,8,9,10,3,1.2,14625,17,27849,25798,5255,6851,0.09639681950660071,0.08488034404544494,131,0,4,"[71, 323, 87, 41]",1400
TR1_1653540739,16,FiddleSticks,3,8,6,7,2.5,18350,18,42628,44183,20550,21791,0.1475547960953753,0.1453659104513248,328,0,29,"[65, 45, 322, 30, 238]",1400
TR1_1653031346,1,Viego,6,7,8,3,1.25,11148,16,36110,28474,12329,14920,0.1904209843215591,0.14129843592421687,184,20,43,"[305, 222, 187, 4]",1556
TR1_1653031346,2,Poppy,2,6,8,12,2.25,19456,18,53739,73133,29010,228332,0.11572186101896634,0.14452640599263075,244,0,51,"[57, 222, 207, 35, 64]",1556
TR1_1653031346,3,KSante,2,13,10,6,1.9,15918,18,77484,76413,32506,202092,0.16685319418129374,0.15100931667429152,370,0,108,"[57, 222, 102, 75, 175]",1556
TR1_1653031346,4,Lillia,7,24,4,5,7.25,37498,18,124450,62197,37335,164385,0.26798866650356207,0.12291449850698044,279,11,59,"[97, 222, 120, 219, 180]",1556
TR1_1653031346,5,Yorick,3,7,4,8,3.75,13427,18,44441,91629,40073,77581,0.0956999181509143,0.1810783978546366,219,17,54,"[60, 222, 7, 41, 104]",1556
TR1_1653031346,6,Singed,3,8,12,7,1.25,13020,18,31418,45485,18845,62593,0.06765687087070534,0.08988820293455911,125,0,39,"[44, 222, 110, 48, 47]",1556
TR1_1653031346,7,Lucian,6,5,8,6,1.38,10776,16,34545,24910,6346,11890,0.18216782010457366,0.12361032091858015,166,14,20,"[105, 222, 7, 220]",1556
TR1_1653031346,8,Viktor,1,5,8,8,1.62,10576,16,36136,28466,4817,38880,0.19055981967193367,0.14125620868579114,285,52,59,"[97, 222, 172, 135]",1556
TR1_1653031346,9,Malzahar,1,8,12,3,0.92,10860,15,23081,36259,5745,39133,0.1217175696348967,0.17992951666229937,323,0,27,"[228, 222, 17, 320]",1556
TR1_1653031346,10,Ornn,7,5,5,23,5.6,20289,18,47708,66807,9742,194168,0.1027356446802277,0.13202449772391095,301,25,125,"[9, 222, 218, 18, 149]",1556
TR1_1653031346,11,Alistar,4,7,5,4,2.2,11946,15,23296,35589,10247,79870,0.12284952061285802,0.17660074646166127,202,0,188,"[85, 222, 218, 45]",1556
TR1_1653031346,12,Varus,4,4,10,5,0.9,10358,15,31546,31155,14349,13410,0.16635067323368258,0.1545995217457533,159,43,414,"[17, 222, 51, 88]",1556
TR1_1653031346,13,Qiyana,5,4,6,7,1.83,11312,16,42538,39681,5305,23644,0.091602017325994,0.07841939213551202,290,28,136,"[120, 222, 136, 19]",1556
TR1_1653031346,14,Yorick,5,8,6,4,2.0,10806,16,42603,50672,27138,62714,0.0917418272683365,0.10013928817747862,326,10,69,"[251, 222, 46, 48]",1556
TR1_1653031346,15,Nunu,8,0,4,0,0.0,3510,9,3112,10064,3451,3884,0.016411833108654225,0.04994318318770137,90,12,17,"[34, 222]",1556
TR1_1653031346,16,Lulu,8,0,5,0,0.0,3600,9,1805,6602,0,2027,0.009521779311842025,0.032762066413996524,0,0,10,"[51, 222]",1556
TR1_1653025977,1,Akshan,4,8,8,5,1.62,14163,17,35956,32499,5409,17640,0.06812101464061435,0.05569019101791595,176,6,20,"[71, 24, 51, 88]",1536
TR1_1653025977,2,Katarina,4,6,9,7,1.44,15660,17,62235,35602,12003,34853,0.11790744826553601,0.06100792223604472,192,0,31,"[63, 16, 322, 166]",1536
TR1_1653025977,3,Karthus,5,4,8,6,1.25,12800,16,43136,26181,2323,13592,0.19299209834911657,0.10395954026599814,594,0,6,"[223, 16, 305]",1536
TR1_1653025977,4,Renekton,8,5,10,13,1.8,26460,18,65833,78392,61276,149082,0.12472460726127747,0.13433054887984172,262,0,67,"[238, 103, 305, 6]",1536
TR1_1653025977,5,Ekko,6,16,6,3,3.17,23916,18,55313,44471,17155,70652,0.10479295187595054,0.07620519896315806,311,39,107,"[38, 180, 205, 1]",1536
TR1_1653025977,6,Sion,6,5,8,14,2.38,18000,18,53755,128132,28221,91931,0.101842495645742,0.21956445381349785,208,13,70,"[152, 118, 49, 48]",1536
TR1_1653025977,7,Varus,1,1,9,2,0.33,8885,12,16115,17446,1183,11851,0.07210192641341849,0.0692746021078393,62,26,212,"[38, 311]",1536
TR1_1653025977,8,Braum,1,2,6,1,0.5,8505,12,13790,23027,3495,43733,0.06169866689111354,0.09143451440314147,114,33,161,"[118, 94]",1536
TR1_1653025977,9,Tristana,2,22,5,3,5.0,23500,18,120914,44670,16416,33864,0.22907718977430738,0.07654608633508353,192,0,7,"[250, 98, 181, 195]",1536
TR1_1653025977,10,Rell,2,4,3,20,8.0,30010,18,63853,101261,44758,179755,0.12097332337792438,0.17351843958740237,449,0,7,"[313, 227, 42, 62]",1536
TR1_1653025977,11,Singed,7,3,7,3,0.86,9050,14,24080,33286,5013,31201,0.10773879990105416,0.13217241652137446,76,0,38,"[98, 152, 320]",1536
TR1_1653025977,12,Illaoi,7,3,7,2,0.71,9150,14,29130,35462,9205,33285,0.13033182648434227,0.14081161961609792,172,12,36,"[64, 241, 102]",1536
TR1_1653025977,13,Taric,3,1,5,11,2.4,13305,16,16838,46758,11915,83064,0.07533730559098172,0.1856671512661124,412,0,71,"[215, 217, 76]",1536
TR1_1653025977,14,Aphelios,3,11,9,1,1.33,13925,16,38018,28460,3499,13194,0.17009484686446583,0.11301043496487914,138,11,85,"[217, 71, 322]",1536
TR1_1653025977,15,Warwick,5,7,6,4,1.83,14500,16,42401,41219,28101,48382,0.18970452950550742,0.16366972085455714,128,0,7,"[311, 84, 187]",1536
TR1_1653025977,16,Darius,8,13,5,5,3.6,20005,18,69970,118545,58373,164247,0.13256096915864785,0.2031371591670558,270,1,42,"[2, 149, 32, 4]",1536
TR1_1653021842,1,Shaco,6,14,8,0,1.75,14250,18,58682,26955,21670,19196,0.15498924099007136,0.07299395895256015,170,0,12,"[223, 6, 238, 236]",1426
TR1_1653021842,2,TwistedFate,8,12,9,3,1.67,22997,18,61243,32642,14900,47227,0.16175305239945126,0.08839376200161866,435,49,182,"[29, 48, 118, 67]",1426
TR1_1653021842,3,Sett,5,2,9,2,0.44,11595,15,28182,31204,6808,46271,0.14488860922767602,0.12790138304630438,97,0,49,"[227, 243, 250]",1426
TR1_1653021842,4,JarvanIV,6,0,7,14,2.0,13405,18,32489,52813,18512,121131,0.0858087488580007,0.14301476175824368,257,1,19,"[116, 216, 149, 175]",1426
TR1_1653021842,5,Bard,1,3,6,2,0.83,6750,12,11619,16073,6857,6274,0.05973839370627318,0.06588431811744166,94,66,119,"[70, 219]",1426
TR1_1653021842,6,Brand,1,4,6,3,1.17,6950,12,14304,14594,1830,8413,0.07354257377228983,0.059819374984826965,124,11,35,"[241, 219]",1426
TR1_1653021842,7,TwistedFate,5,8,6,1,1.5,12526,15,26393,25857,5955,31665,0.1356901468988845,0.10598450928417638,236,56,136,"[312, 79, 2]",1426
TR1_1653021842,8,Nunu,8,9,4,11,5.0,18100,18,53871,105786,75638,140516,0.14228299413462206,0.28646310922865026,355,155,281,"[152, 216, 151, 24]",1426
TR1_1653021842,9,Twitch,4,11,6,7,3.0,18080,18,60629,30663,10041,25842,0.16013069714024383,0.08303324526645836,152,5,31,"[36, 323, 74, 52]",1426
TR1_1653021842,10,Sett,4,8,7,8,2.29,16025,18,45442,72962,22833,83607,0.12001967571692351,0.19757846134890664,153,0,20,"[103, 6, 92, 74]",1426
TR1_1653021842,11,Pantheon,7,7,8,2,1.12,10810,16,36408,23613,3299,25245,0.18717742918462343,0.0967881078548079,193,41,104,"[92, 310, 2]",1426
TR1_1653021842,12,Sylas,7,2,9,6,0.89,10310,16,27167,33352,12229,41166,0.13966865521627242,0.13670599243878995,296,9,61,"[65, 18, 63]",1426
TR1_1653021842,13,Orianna,2,6,6,6,2.0,14900,18,30548,22795,2660,17914,0.08068225232732733,0.061728536883155306,338,27,51,"[129, 156, 133, 238]",1426
TR1_1653021842,14,Elise,2,8,5,5,2.6,17820,18,35716,24666,5415,15871,0.09433333843335993,0.06679416456040692,636,3,56,"[38, 45, 151, 129]",1426
TR1_1653021842,15,Taric,3,7,7,7,2.0,13865,17,18703,47733,50250,58100,0.09615785932493193,0.19565220114934603,382,0,29,"[141, 225, 36, 29]",1426
TR1_1653021842,16,FiddleSticks,3,7,7,7,2.0,16105,17,31732,51542,8428,63519,0.1631363326690487,0.21126411312430673,299,0,31,"[227, 53, 211, 312]",1426
TR1_1653011529,1,Garen,5,2,8,2,0.5,11750,15,18288,20568,1375,18696,0.09155072334465475,0.0780128884752476,90,0,28,"[234, 80, 7]",1311
TR1_1653011529,2,Warwick,5,4,8,2,0.75,9285,15,21783,36857,14445,38494,0.10904866092325592,0.13979507747203257,141,0,45,"[1, 251, 205]",1311
TR1_1653011529,3,Kalista,7,6,10,4,1.0,10745,16,34640,29013,5835,15470,0.17341145154134682,0.11004415105722179,135,5,36,"[79, 87, 170]",1311
TR1_1653011529,4,Ahri,8,10,2,12,11.0,21810,18,52930,29405,11990,33886,0.17193900614737853,0.11918599954260707,291,62,86,"[228, 171, 120, 308]",1311
TR1_1653011529,5,Vayne,3,1,7,10,1.57,18370,18,33118,32849,4706,16740,0.10757949554681655,0.13314659318381936,174,41,73,"[115, 87, 26, 320]",1311
TR1_1653011529,6,Qiyana,3,13,5,1,2.8,18535,18,39586,31128,4886,16780,0.12859149762777286,0.1261699774825534,304,10,83,"[48, 46, 206, 34]",1311
TR1_1653011529,7,Renekton,4,5,7,7,1.71,13050,16,32152,47077,10939,55548,0.10444353861115929,0.19081420129609758,122,0,12,"[219, 187, 32]",1311
TR1_1653011529,8,Shaco,4,9,6,5,2.33,10750,16,38896,26882,6530,16003,0.12635074983258407,0.10896134621241675,388,0,8,"[30, 205, 32]",1311
TR1_1653011529,9,Swain,1,5,5,9,2.8,14645,16,35814,52281,16012,25445,0.17928786758460205,0.19829680989250842,382,55,104,"[41, 136]",1311
TR1_1653011529,10,Yone,1,9,7,4,1.86,11345,16,29879,29072,4655,16789,0.14957982823543503,0.11026827178413981,184,0,24,"[48, 26, 187]",1311
TR1_1653011529,11,Ornn,2,2,7,1,0.43,6760,13,16985,23008,2488,65092,0.08502986875055762,0.08726896930378697,105,18,39,"[18, 218]",1311
TR1_1653011529,12,Chogath,2,1,7,1,0.29,6790,20,13271,40279,2055,43871,0.06643589383204618,0.15277622642537605,99,0,24,"[96, 46]",1311
TR1_1653011529,13,KSante,7,5,6,5,1.67,10880,16,29096,32570,4932,97010,0.14565570578810164,0.1235376055896868,299,0,24,"[19, 39, 57]",1311
TR1_1653011529,14,Blitzcrank,8,12,4,10,5.5,19565,18,42486,32713,10049,36053,0.1380109470676484,0.13259241452082676,216,11,66,"[30, 17, 42, 56]",1311
TR1_1653011529,15,Nilah,6,5,8,6,1.38,11925,17,21366,25889,6883,16724,0.06940694438945035,0.10493466080460419,201,0,42,"[6, 22, 322, 112]",1311
TR1_1653011529,16,Talon,6,13,5,5,3.6,11840,17,47309,20772,2342,12880,0.15367782077718994,0.08419480695707489,150,50,119,"[310, 206, 7, 97]",1311
TR1_1652978465,1,Hwei,5,19,5,7,5.2,22500,18,93111,26125,13906,20667,0.22054145824216123,0.07432652953268226,307,5,36,"[308, 116, 48, 118]",1351
TR1_1652978465,2,Amumu,5,8,4,16,6.0,23250,18,51383,41597,10672,106831,0.12170483465468425,0.1183423010855431,119,5,78,"[102, 70, 193, 175]",1351
TR1_1652978465,3,Quinn,7,13,6,1,2.33,17650,18,63399,34530,11701,20258,0.15016556804016595,0.09823807756819498,101,13,22,"[51, 52, 234, 71]",1351
TR1_1652978465,4,Soraka,4,0,5,9,1.8,9500,15,7464,26948,31433,35713,0.03467792993176679,0.09267553546698427,155,23,93,"[97, 192, 45]",1351
TR1_1652978465,5,Caitlyn,4,9,5,0,1.8,11884,15,40498,33284,3515,19593,0.18815363851201408,0.11446586698975796,85,13,70,"[206, 52, 225]",1351
TR1_1652978465,6,Darius,6,8,9,5,1.44,11800,15,27296,47897,17501,37659,0.126817817984908,0.16472224390284532,153,0,50,"[138, 152, 234]",1351
TR1_1652978465,7,Maokai,8,3,7,0,0.43,6950,13,19056,36302,9696,27964,0.08853670229260836,0.12484572986582478,178,10,90,"[46, 118]",1351
TR1_1652978465,8,Zilean,2,6,7,5,1.57,11250,18,31672,29738,10731,27196,0.07501855038295668,0.08460385472763737,410,23,55,"[205, 309, 1]",1351
TR1_1652978465,9,Jhin,2,5,6,6,1.83,10500,18,32276,25366,2798,18959,0.07644896432130714,0.07216713991993869,194,7,44,"[12, 309, 86]",1351
TR1_1652978465,10,Briar,1,8,9,10,2.0,22850,18,52019,66256,70869,110281,0.12321150550872714,0.18849871748752245,345,12,105,"[22, 23, 58, 68]",1351
TR1_1652978465,11,Gwen,1,12,7,3,2.14,18850,18,74980,101273,18954,53975,0.1775963241909091,0.28811823674843606,286,118,314,"[120, 129, 41, 23]",1351
TR1_1652978465,12,Kassadin,8,0,10,3,0.3,6950,14,22084,32156,5020,27869,0.10260263223430224,0.11058791849405213,191,0,36,"[56, 180]",1351
TR1_1652978465,13,Vladimir,3,5,8,3,1.0,11550,15,32202,42456,26898,21369,0.14961287577481863,0.1460102153125442,223,0,49,"[305, 65, 41]",1351
TR1_1652978465,14,Ziggs,3,4,8,5,1.12,10300,15,26988,21989,2742,9899,0.12538807145052205,0.07562408960973938,242,41,107,"[237, 113, 45]",1351
TR1_1652978465,15,Vi,6,5,6,7,2.0,10262,15,39649,49742,19565,63841,0.1842103318190598,0.17106840035825197,150,0,38,"[237, 67, 18]",1351
TR1_1652978465,16,Twitch,7,3,6,13,2.67,16760,18,23352,26610,2468,12305,0.0553127946590885,0.07570514293004509,106,10,40,"[44, 5, 195, 129]",1351
TR1_1652963960,1,Caitlyn,2,15,10,10,2.5,27824,18,93044,41537,8806,21313,0.14396558323096975,0.06024315088694407,215,12,38,"[220, 87, 175, 2]",1857
TR1_1652963960,2,Aatrox,2,12,7,12,3.43,25409,18,68369,110567,86124,109191,0.1057860893170133,0.16035923512913053,539,13,32,"[6, 17, 223, 211]",1857
TR1_1652963960,3,Volibear,8,14,6,11,4.17,24068,18,62371,126515,56687,379666,0.0965065648533935,0.18348992485859333,290,0,89,"[41, 42, 149, 238]",1857
TR1_1652963960,4,Yuumi,6,2,7,10,1.71,11068,16,15108,19706,10099,17457,0.063057059543239,0.08742009028921342,180,73,26,"[66, 34, 61]",1857
TR1_1652963960,5,Zyra,8,12,14,13,1.79,26789,18,125857,60465,12408,59203,0.19473596269562446,0.0876950499329596,581,134,210,"[86, 105, 103, 133]",1857
TR1_1652963960,6,Evelynn,6,10,8,2,1.5,11081,16,42506,32443,4559,32942,0.1774091453447049,0.1439280143533357,184,12,133,"[48, 69, 129]",1857
TR1_1652963960,7,Aphelios,3,2,8,4,0.75,9818,15,16430,23135,4205,17816,0.06857830591048343,0.1026348812009024,133,13,30,"[81, 22, 47]",1857
TR1_1652963960,8,Kaisa,3,4,7,2,0.86,9812,15,27467,21325,1975,13909,0.11464393309542525,0.09460615040766975,163,3,19,"[220, 105, 92]",1857
TR1_1652963960,9,Talon,1,11,9,10,2.33,23085,18,67814,63151,28537,66991,0.10492720528059196,0.09159124437172547,440,32,203,"[48, 206, 77, 92]",1857
TR1_1652963960,10,Shyvana,1,17,7,9,3.71,25019,18,94332,62109,35473,88167,0.14595842822118005,0.09007897435876518,834,21,116,"[45, 112, 211, 67]",1857
TR1_1652963960,11,Akshan,4,12,8,6,2.25,19019,18,75398,40588,10895,44817,0.3146935450566849,0.18005859392735066,329,3,40,"[220, 207, 107, 36]",1857
TR1_1652963960,12,Zyra,4,7,13,10,1.31,17027,18,31727,40095,2855,26047,0.13242152265679472,0.1778697435063515,300,58,87,"[30, 32, 151, 311]",1857
TR1_1652963960,13,DrMundo,5,14,6,8,3.67,20262,18,103177,138430,30939,132983,0.159644822463664,0.20077032048705187,212,20,89,"[15, 37, 13, 118]",1857
TR1_1652963960,14,Aatrox,5,8,20,8,0.8,23259,18,31329,86719,28520,83179,0.048475343937563004,0.12577209997482997,328,10,56,"[62, 222, 63, 84]",1857
TR1_1652963960,15,Kaisa,7,0,8,3,0.38,7000,14,9369,19542,1594,15638,0.039105275261198495,0.0866953429084622,170,2,44,"[228, 32, 236]",1857
TR1_1652963960,16,LeeSin,7,5,7,0,0.71,7021,14,21585,28580,12552,21409,0.09009121313146934,0.12678718340671438,253,4,42,"[310, 110, 150]",1857
TR1_1652961125,1,Kled,3,13,7,3,2.29,15743,17,59508,46465,6949,42577,0.14530303112604168,0.11790258855053441,127,31,106,"[220, 81, 211, 41]",1379
TR1_1652961125,2,Bard,3,5,6,10,2.5,11847,17,26465,28747,15865,29224,0.06462255080196963,0.07294592683447672,223,65,155,"[30, 48, 129, 54]",1379
TR1_1652961125,3,Senna,7,7,6,2,1.5,10064,15,31471,34312,16916,52401,0.12200676756539064,0.12052821910211584,133,22,42,"[125, 118, 21]",1379
TR1_1652961125,4,Malzahar,6,10,5,8,3.6,12331,17,60544,27920,7751,30407,0.14783344558493208,0.07084662242494479,324,0,8,"[86, 92, 238, 2]",1379
TR1_1652961125,5,Trundle,7,2,11,5,0.64,11141,15,23743,37082,13504,44491,0.0920496473688962,0.13025643914824747,224,0,19,"[66, 241, 150]",1379
TR1_1652961125,6,Blitzcrank,6,9,4,8,4.25,11750,17,40291,25729,3067,70446,0.09838063403659965,0.06528619347353301,201,13,43,"[156, 180, 129, 211]",1379
TR1_1652961125,7,Irelia,5,4,9,5,1.0,10282,16,33895,37662,13707,51897,0.13140385537444219,0.1322954858371834,191,11,69,"[225, 63, 107]",1379
TR1_1652961125,8,Yorick,5,6,6,4,1.67,11012,16,38684,38301,14129,59488,0.1499696191677667,0.1345377840678014,189,7,54,"[48, 68, 118]",1379
TR1_1652961125,9,Belveth,1,10,9,4,1.56,11558,16,41911,37679,16547,47578,0.16248271947485057,0.13235384193026203,276,0,11,"[81, 321, 71]",1379
TR1_1652961125,10,Aurora,1,4,5,8,2.4,13068,16,39719,42330,16891,34628,0.15398358256125463,0.14868908861531213,477,12,29,"[219, 67, 103]",1379
TR1_1652961125,11,Chogath,2,14,5,3,3.4,17564,18,63581,75285,30836,142516,0.15524888505994416,0.19103031805302326,196,0,30,"[219, 152, 216, 92]",1379
TR1_1652961125,12,Hecarim,2,6,14,13,1.36,18766,18,49670,85621,26743,88289,0.12128210622688464,0.2172585098295827,346,6,87,"[66, 152, 45, 312]",1379
TR1_1652961125,13,Zilean,8,6,8,11,2.12,18034,18,41001,43149,16745,41137,0.10011314943986423,0.1094886992251536,619,41,89,"[45, 98, 123, 1]",1379
TR1_1652961125,14,FiddleSticks,4,5,7,3,1.14,7518,14,24140,32488,8692,31425,0.09358676672476608,0.11412103429664291,204,0,11,"[41, 227, 30]",1379
TR1_1652961125,15,Sylas,4,5,8,5,1.25,7564,14,24380,24829,7036,20938,0.09451704176263298,0.08721810700243479,195,16,31,"[310, 16, 30]",1379
TR1_1652961125,16,Vi,8,11,7,4,2.14,19010,18,68482,61180,25886,88143,0.16721619772376392,0.15524114160875152,197,0,72,"[225, 116, 58, 6]",1379
TR1_1652731660,1,Nunu,7,2,6,0,0.33,8750,13,16235,41114,19873,47053,0.07467450181866057,0.16784387071641135,164,116,157,"[151, 28]",1446
TR1_1652731660,2,Sylas,7,1,6,2,0.5,8762,13,17180,23555,9408,31267,0.07902028673616726,0.09616264460255279,178,8,78,"[63, 97]",1446
TR1_1652731660,3,Aatrox,4,14,5,6,4.0,17834,18,114580,110459,61024,367358,0.23060708695601345,0.22682634008229077,503,22,82,"[238, 305, 174, 32]",1446
TR1_1652731660,4,Sona,4,6,12,13,1.58,22752,18,50406,76004,70227,190249,0.1014498524648536,0.15607362192316668,272,7,56,"[192, 37, 15, 12]",1446
TR1_1652731660,5,Garen,8,3,7,6,1.29,13258,16,31676,31672,7413,41219,0.14569311860516623,0.1292988097823647,136,0,33,"[165, 93, 225]",1446
TR1_1652731660,6,Katarina,8,9,7,2,1.57,15750,16,37597,22660,5551,15743,0.1729247894588569,0.09250874902767872,138,0,47,"[318, 93, 234]",1446
TR1_1652731660,7,Cassiopeia,2,11,7,3,2.0,18658,18,56949,33658,7621,59616,0.11461874825512008,0.0691160085767487,424,5,76,"[133, 205, 48, 80]",1446
TR1_1652731660,8,Jinx,2,4,7,10,2.0,15654,18,35758,25462,3675,21105,0.07196882219427733,0.052285717275402946,153,9,43,"[107, 80, 243, 87]",1446
TR1_1652731660,9,Urgot,1,5,6,5,1.67,15058,17,37823,72317,7056,81142,0.07612490591278898,0.14850314124060593,119,16,55,"[36, 237, 228, 181]",1446
TR1_1652731660,10,Hwei,1,8,9,5,1.44,13120,17,59989,31599,2535,25138,0.12073685708160016,0.06488888159476666,243,19,45,"[103, 226, 135, 322]",1446
TR1_1652731660,11,Sett,6,9,6,3,2.0,12500,15,45279,49314,8571,61404,0.2082599598571935,0.20131896745538633,144,0,99,"[103, 46, 18]",1446
TR1_1652731660,12,Yunara,5,5,8,1,0.75,11504,15,25536,28578,9659,17414,0.11745230573020073,0.11666908830878997,135,9,43,"[319, 22, 79]",1446
TR1_1652731660,13,Jinx,5,3,6,3,1.0,11875,15,20326,23745,4568,15580,0.09348970129810298,0.09693957671077734,150,12,68,"[217, 322, 219]",1446
TR1_1652731660,14,Varus,6,3,8,8,1.38,12500,15,23586,24313,1446,14895,0.10848533649565183,0.09925829339603881,139,16,150,"[74, 44, 123]",1446
TR1_1652731660,15,Diana,3,12,3,10,7.33,18500,18,61456,35913,17574,119408,0.12368939967357287,0.07374792324568984,245,25,88,"[65, 44, 45, 102]",1446
TR1_1652731660,16,Yorick,3,10,2,11,10.5,21500,18,79897,101563,72597,137337,0.16080432746177353,0.20855836606132847,347,6,56,"[2, 305, 79, 138]",1446
TR1_1652724416,1,Pantheon,7,13,5,8,4.2,14010,18,56453,41420,10893,46652,0.15276715484400866,0.12596623751894884,215,0,56,"[12, 150, 136, 221]",1314
TR1_1652724416,2,Evelynn,8,6,6,8,2.33,12800,17,38279,42047,17698,32321,0.10358561500420427,0.12787339439651882,368,34,72,"[34, 70, 108, 73]",1314
TR1_1652724416,3,Mel,4,9,10,4,1.3,15150,18,47523,36423,6427,13629,0.1286016951459245,0.11076915210873933,222,201,384,"[324, 234, 92, 5]",1314
TR1_1652724416,4,Trundle,4,8,5,9,3.4,14160,18,58249,79686,40734,94703,0.1576255039879354,0.24233969286318452,211,0,121,"[120, 71, 251, 305]",1314
TR1_1652724416,5,Maokai,5,4,5,4,1.6,9800,15,18901,38450,16657,50112,0.0973665558697649,0.16199880861894603,167,17,144,"[42, 2, 320]",1314
TR1_1652724416,6,Lillia,5,5,9,4,1.0,10300,15,33598,33288,11198,14418,0.17308139862169009,0.1402482170860165,177,8,87,"[97, 2, 102]",1314
TR1_1652724416,7,AurelionSol,1,4,6,4,1.33,15366,16,17542,18451,931,12953,0.09036655541700563,0.07773873700261176,131,0,13,"[25, 109, 187]",1314
TR1_1652724416,8,Darius,1,4,7,4,1.14,10500,16,24511,24382,3931,21597,0.12627057709149755,0.1027257785057041,100,0,22,"[206, 154, 9]",1314
TR1_1652724416,9,Akali,8,10,5,6,3.2,14300,17,43605,32052,4089,24759,0.11799753814666052,0.09747688925656699,268,0,32,"[205, 84, 105]",1314
TR1_1652724416,10,Varus,2,11,7,6,2.43,12550,17,45119,27740,5712,15065,0.12209498943428798,0.08436299692747716,146,25,195,"[22, 36, 46, 170]",1314
TR1_1652724416,11,Teemo,2,6,7,10,2.29,15050,17,40315,31169,3931,27096,0.10909709553672305,0.09479154271162658,168,0,45,"[205, 301, 25, 56]",1314
TR1_1652724416,12,Senna,6,6,8,6,1.5,11626,16,40636,34879,18895,14221,0.20933290800791807,0.14695427163660835,204,28,85,"[37, 47, 305]",1314
TR1_1652724416,13,Warwick,6,6,9,4,1.11,10540,16,21044,38455,14240,36616,0.10841107503514041,0.16201831085746973,82,0,29,"[49, 151, 28]",1314
TR1_1652724416,14,Senna,7,9,7,12,3.0,16645,18,39995,38281,31990,23791,0.10823040790025563,0.11642009421693779,217,14,63,"[324, 166, 90, 47]",1314
TR1_1652724416,15,TwistedFate,3,2,7,6,1.14,7868,14,11503,23200,2346,19785,0.05925982008453217,0.09774671712112465,156,22,83,"[218, 215, 34]",1314
TR1_1652724416,16,Ornn,3,6,6,2,1.33,11110,14,26383,26243,6878,38993,0.13591110987245117,0.11056915917151891,120,17,46,"[39, 154, 110]",1314
TR1_1652716318,1,Malphite,2,6,7,8,2.0,14140,17,32740,25296,3342,63672,0.14052244403567155,0.09683359396534345,307,0,5,"[227, 72, 251, 33]",1478
TR1_1652716318,2,Garen,2,8,10,3,1.1,11330,17,42620,25395,3197,26726,0.18292801149492846,0.09721290123814734,75,0,5,"[84, 92, 138, 82]",1478
TR1_1652716318,3,Nocturne,7,5,10,7,1.2,13150,18,24040,41688,11753,17926,0.06803234635192931,0.12553887074247091,164,12,31,"[2, 152, 206, 71]",1478
TR1_1652716318,4,Brand,8,1,8,2,0.38,7750,14,17254,20434,1080,9705,0.07405456115067918,0.07822153470650331,160,5,38,"[154, 133, 226]",1478
TR1_1652716318,5,Veigar,5,10,7,2,1.71,11825,16,43812,24251,2772,28336,0.18804203982705148,0.09283432234535972,356,21,47,"[180, 311, 205]",1478
TR1_1652716318,6,Sion,5,3,6,9,2.0,11510,15,39424,65260,7486,75110,0.16920822788834652,0.2498111986722885,181,7,60,"[149, 313, 80]",1478
TR1_1652716318,7,Rakan,6,6,6,15,3.5,18860,18,41497,50644,27062,65818,0.11743640137413634,0.15250945712403818,179,9,97,"[198, 70, 102, 68]",1478
TR1_1652716318,8,Ekko,6,15,4,4,4.75,22295,18,51770,42515,14770,78082,0.1465062482859043,0.1280298374430757,208,45,98,"[29, 311, 32, 321]",1478
TR1_1652716318,9,Riven,3,5,8,11,2.0,22525,18,26493,27196,5415,38210,0.0749751859439563,0.08189905412173641,477,11,51,"[82, 5, 46, 63]",1478
TR1_1652716318,10,Ryze,3,15,4,4,4.75,28315,18,64410,27142,5017,26131,0.18227842870693162,0.08173641156203036,694,39,85,"[227, 65, 40, 223]",1478
TR1_1652716318,11,Briar,7,8,7,5,1.86,14690,18,42166,76857,96660,78738,0.11932842530243822,0.2314460852118795,443,11,33,"[107, 238, 87, 36]",1478
TR1_1652716318,12,Heimerdinger,8,3,6,1,0.67,7950,14,12848,30971,8146,15217,0.055146649685626506,0.1185577537377549,138,40,82,"[312, 13, 97]",1478
TR1_1652716318,13,Vi,1,2,7,5,1.0,9500,15,18512,28872,4629,31110,0.07945341097799048,0.11052218740449844,139,0,27,"[241, 21, 305]",1478
TR1_1652716318,14,Gnar,1,5,8,2,0.88,11020,15,25779,40754,8436,24664,0.11064465493970584,0.15600650793010434,148,15,40,"[217, 107, 222]",1478
TR1_1652716318,15,Morgana,4,2,5,14,3.2,12325,17,38813,25701,14529,45239,0.10984007260251465,0.07739682010828314,284,19,51,"[318, 2, 61]",1478
TR1_1652716318,16,Samira,4,14,8,2,2.0,15070,17,64172,40328,6828,31089,0.18160289143218927,0.1214434636864858,198,17,52,"[238, 74, 9, 116]",1478
TR1_1652564352,1,Singed,5,4,6,3,1.17,8506,14,17661,21205,2006,28987,0.08224693414744513,0.09354998236457092,91,2,149,"[44, 116, 97]",1649
TR1_1652564352,2,Syndra,5,3,10,2,0.5,7713,14,24953,20541,2698,10646,0.11620260227930639,0.0906209975901478,427,9,374,"[171, 129, 322]",1649
TR1_1652564352,3,Thresh,2,13,6,9,3.67,22880,18,51769,94649,35215,202542,0.11209968107749446,0.20075139432082273,399,41,257,"[42, 149, 85]",1649
TR1_1652564352,4,Sett,2,9,8,10,2.38,22283,18,62638,83945,13278,155756,0.13563441869501913,0.178047325071496,186,0,173,"[46, 150, 322, 34]",1649
TR1_1652564352,5,TwistedFate,8,4,7,0,0.57,7844,14,16106,20993,4174,14788,0.07500259485037618,0.09261562988854331,150,12,68,[205],1649
TR1_1652564352,6,Ashe,4,12,11,8,1.82,23116,18,62541,40809,13466,35758,0.13542631487707152,0.08655706845078003,186,21,299,"[305, 238, 22, 51]",1649
TR1_1652564352,7,Trundle,4,11,5,6,3.4,21606,18,73473,65810,41857,72821,0.15909730158208552,0.13958281383775248,383,0,103,"[57, 36, 9, 34]",1649
TR1_1652564352,8,DrMundo,8,0,7,3,0.43,6758,13,13835,26705,6008,17674,0.06442625575296428,0.1178138426766355,105,10,64,"[237, 152]",1649
TR1_1652564352,9,Yone,6,5,8,5,1.25,10565,15,20197,23036,4244,26025,0.09405218456023826,0.10162628942515739,270,5,40,"[22, 71, 51]",1649
TR1_1652564352,10,Zyra,1,6,10,8,1.4,11750,17,35941,32203,1737,17667,0.1673709234291214,0.14206942271638856,258,13,38,"[242, 65, 97, 172]",1649
TR1_1652564352,11,Heimerdinger,1,8,6,5,2.17,11750,17,42146,33877,6386,15345,0.19626578747715204,0.14945333185534923,259,58,211,"[56, 133, 69, 32]",1649
TR1_1652564352,12,Malphite,3,10,6,12,3.67,18547,18,50722,78774,34029,179551,0.10983246344279571,0.1670809968856902,324,0,37,"[218, 20, 181, 136]",1649
TR1_1652564352,13,Galio,3,13,11,6,1.73,19666,18,67733,45838,5092,135477,0.1466674905219635,0.09722242233138374,285,69,56,"[205, 180, 226, 218]",1649
TR1_1652564352,14,Quinn,7,8,7,5,1.86,13698,18,49032,29082,11602,19492,0.10617239747262511,0.06168475303209429,204,11,61,"[73, 74, 138, 305]",1649
TR1_1652564352,15,Fizz,7,8,8,8,2.0,18269,18,43904,32566,10427,30259,0.09506993233094505,0.06907322606998055,314,6,43,"[39, 38, 222, 237]",1649
TR1_1652564352,16,Darius,6,9,7,2,1.57,10902,15,43900,48112,12580,33094,0.2044327175033963,0.21225050348320726,119,0,16,"[120, 70, 206]",1649
TR1_1652555763,1,Brand,6,3,7,1,0.57,7000,13,18787,19528,2801,12887,0.11606264637698167,0.10522906677397569,185,15,34,"[311, 45]",1495
TR1_1652555763,2,Nocturne,5,6,7,2,1.14,9762,15,30253,26313,5619,32524,0.18689452112119692,0.14179053363856178,238,34,81,"[33, 81, 103]",1495
TR1_1652555763,3,Ekko,8,20,9,2,2.44,14010,18,62232,70792,37483,127175,0.1298337702595924,0.14737898994788798,231,34,117,"[63, 54, 321, 24]",1495
TR1_1652555763,4,Nautilus,8,2,6,20,3.67,17015,18,32892,84139,30544,265256,0.0686222570123906,0.17516457414579037,483,49,118,"[103, 1, 67, 98]",1495
TR1_1652555763,5,Warwick,4,6,6,16,3.67,17408,18,48857,86403,51113,118224,0.10193081794352736,0.17987831461280687,234,0,59,"[2, 243, 36, 90]",1495
TR1_1652555763,6,Zoe,4,18,8,6,3.0,14408,18,72123,38402,7353,41836,0.15047035590845345,0.07994690611470477,438,58,127,"[154, 48, 77, 223]",1495
TR1_1652555763,7,Orianna,7,1,6,7,1.33,10325,16,16607,21918,2491,16033,0.10259695646520359,0.11810930659768197,225,9,21,"[309, 219, 311]",1495
TR1_1652555763,8,Malzahar,6,1,6,3,0.67,7000,20,11509,20747,2002,11781,0.07110232681809883,0.11179681540918925,130,32,60,"[313, 96]",1495
TR1_1652555763,9,Darius,3,4,8,3,0.88,7252,14,17902,20768,4609,19624,0.11059614816159735,0.1119100889269206,95,0,36,"[29, 79, 82]",1495
TR1_1652555763,10,Lux,3,3,6,4,1.17,7264,14,16290,20332,1085,18833,0.10063652581766386,0.10955937138344063,236,32,87,"[116, 135, 180]",1495
TR1_1652555763,11,Galio,5,2,7,4,0.86,9753,15,20400,34855,4023,95297,0.12602474218400445,0.18781784835337584,152,43,41,"[64, 18, 5]",1495
TR1_1652555763,12,Ryze,2,14,7,7,3.0,19505,18,103127,39746,6098,110584,0.21515214335690705,0.08274565343054363,1021,25,67,"[180, 4, 118, 133]",1495
TR1_1652555763,13,Rell,2,9,7,14,3.29,19530,18,39607,67873,22981,158061,0.08263271132904335,0.14130060827079852,545,0,46,"[150, 224, 67, 109]",1495
TR1_1652555763,14,Kennen,1,16,15,8,1.6,18011,18,60929,46424,9931,25973,0.12711643941236597,0.09664852940571342,429,29,93,"[84, 156, 129, 211]",1495
TR1_1652555763,15,Yasuo,1,8,8,14,2.75,16005,18,59551,46563,26704,48148,0.12424150477771982,0.09693642407175439,413,12,42,"[68, 58, 74, 52]",1495
TR1_1652555763,16,Kaisa,7,8,8,0,1.0,11816,15,30122,21116,2622,14899,0.18608613305525334,0.11378696891685428,237,9,30,"[71, 243, 238]",1495
TR1_1652419296,1,Camille,6,13,4,10,5.75,24350,18,70872,96321,64608,204853,0.16052868808231116,0.24828257017925956,406,7,85,"[138, 221, 234, 47]",1586
TR1_1652419296,2,Yuumi,7,6,6,7,2.17,7750,14,37389,18377,7935,7819,0.1745312025111355,0.06066223652748947,253,73,2,"[60, 102, 75]",1586
TR1_1652419296,3,Ornn,7,7,7,3,1.43,8775,14,35306,50833,7525,96676,0.1648117009425875,0.16779161360830522,189,25,125,"[218, 42, 18]",1586
TR1_1652419296,4,Lissandra,2,8,12,9,1.42,25933,18,60880,42985,6481,37201,0.13789495241999963,0.11080058507968271,426,241,326,"[324, 38, 88, 48]",1586
TR1_1652419296,5,Anivia,2,14,6,8,3.67,23104,18,104896,73277,24864,185621,0.23759340055816774,0.18888209450624338,795,52,175,"[136, 39, 66, 231]",1586
TR1_1652419296,6,Tryndamere,6,13,4,13,6.5,18750,18,57498,52888,33883,99999,0.13023545921572627,0.13632649813695624,212,0,87,"[226, 80, 58, 63]",1586
TR1_1652419296,7,Yuumi,5,0,5,0,0.0,3600,11,5326,7728,1531,5132,0.02486539283062242,0.025509971884399924,101,15,8,[76],1586
TR1_1652419296,8,Twitch,1,8,6,5,2.17,13151,18,41751,22903,4498,14501,0.09456839555321357,0.05903798012686876,87,1,30,"[206, 97, 54, 211]",1586
TR1_1652419296,9,Neeko,1,6,7,7,1.86,14650,18,33422,26807,3619,16265,0.0757034852716234,0.06910108666300233,231,105,162,"[97, 205, 30, 98]",1586
TR1_1652419296,10,Galio,5,0,6,0,0.0,3500,11,9059,12627,459,11182,0.04228944583952782,0.04168277887981914,81,5,20,"[34, 237]",1586
TR1_1652419296,11,Kennen,8,8,7,4,1.71,12550,16,44258,32851,7809,41368,0.20659623086067702,0.10843767028066717,340,22,65,"[218, 237, 195]",1586
TR1_1652419296,12,Zac,8,4,8,6,1.25,11750,16,29274,73471,68586,90347,0.13665405682132556,0.24251626780366345,226,8,65,"[234, 194, 1]",1586
TR1_1652419296,13,Yasuo,3,4,13,5,0.69,13050,16,34797,32452,5418,36692,0.07881808105752763,0.08365090563775197,162,2,22,"[22, 51, 79]",1586
TR1_1652419296,14,Renekton,3,8,5,4,2.4,13054,16,37375,40315,12737,51216,0.08465753784143058,0.10391827967023502,176,0,21,"[12, 73, 41]",1586
TR1_1652419296,15,Rengar,4,3,6,7,1.67,10551,16,27951,77876,33113,77304,0.13047857616062375,0.2570563402680995,282,0,42,"[120, 205, 15]",1586
TR1_1652419296,16,Graves,4,7,9,1,0.89,11076,16,25658,29187,5514,21491,0.11977339403350043,0.09634312074755612,97,21,51,"[73, 171, 134]",1586
TR1_1652409978,1,Nami,6,7,6,6,2.17,15150,18,38493,36926,39252,25861,0.08016439845841669,0.07630504939634758,228,16,40,"[156, 65, 2, 205]",1324
TR1_1652409978,2,Gnar,7,3,6,6,1.5,12060,15,32241,33269,5169,21987,0.1327082291204238,0.1294579117440119,105,22,43,"[81, 68, 71]",1324
TR1_1652409978,3,TwistedFate,8,0,6,2,0.33,8660,12,8619,11647,671,3276,0.03547736846313986,0.04532117434384575,69,6,26,"[225, 92]",1324
TR1_1652409978,4,Zac,6,6,6,7,2.17,18150,18,53915,101894,107623,111445,0.11228092082399997,0.21055527433980195,316,10,42,"[41, 150, 138]",1324
TR1_1652409978,5,Malphite,5,4,6,5,1.5,14000,16,33155,51232,13362,122139,0.1364681380442195,0.19935619450718461,188,0,38,"[234, 65, 149]",1324
TR1_1652409978,6,Singed,3,9,5,12,4.2,23360,18,76296,57430,11258,105345,0.1588896311471676,0.11867380587858146,293,0,54,"[45, 175, 151, 305]",1324
TR1_1652409978,7,Lillia,3,12,4,8,5.0,23360,18,90381,32810,23721,52701,0.18822020926694094,0.06779928497564992,300,18,47,"[48, 180, 50, 28]",1324
TR1_1652409978,8,Sona,4,3,7,3,0.86,12300,16,23840,26626,14138,19941,0.09812968532016349,0.10360804729012035,168,4,17,"[156, 311, 312]",1324
TR1_1652409978,9,Brand,4,5,6,3,1.33,12300,16,51565,27381,2463,23112,0.21224478383562498,0.10654770272221158,257,29,65,"[30, 311, 227]",1324
TR1_1652409978,10,Khazix,1,13,6,6,3.17,18900,18,67647,31100,5903,23159,0.14087663884336998,0.06426643572445111,340,25,56,"[195, 68, 98, 251]",1324
TR1_1652409978,11,KSante,1,6,7,12,2.57,17410,18,37860,86672,12096,131062,0.07884542484000412,0.17910059587515012,284,0,26,"[216, 217, 13, 60]",1324
TR1_1652409978,12,Tryndamere,8,2,6,0,0.33,8460,12,16080,14645,4016,9254,0.066186718711682,0.05699000592621044,32,0,24,"[62, 84]",1324
TR1_1652409978,13,Renekton,2,4,7,11,2.14,24600,18,42656,93344,36126,67477,0.088833852227187,0.1928869033469213,238,0,3,"[41, 227, 116, 73]",1324
TR1_1652409978,14,Thresh,5,6,10,4,1.0,13300,16,47795,53032,5921,66155,0.19672934116764396,0.20636183989398948,150,18,55,"[193, 36, 70]",1324
TR1_1652409978,15,Rengar,2,12,7,3,2.14,24917,18,72935,43753,24139,55035,0.1518889243929137,0.09041265046309656,325,0,13,"[310, 38, 46]",1324
TR1_1652409978,16,XinZhao,7,6,5,3,1.8,13550,15,29653,39154,11547,31560,0.12205573533710244,0.1523571235724259,136,0,31,"[219, 71, 74]",1324
TR1_1652401403,1,Orianna,7,3,12,4,0.58,7960,14,19460,25985,2357,13406,0.06513661140886039,0.06286163886883661,203,8,32,"[154, 156, 205]",1707
TR1_1652401403,2,Udyr,8,2,11,3,0.45,10310,16,15181,43356,13832,53606,0.05081404527462149,0.10488489005690779,220,0,44,"[318, 219, 218]",1707
TR1_1652401403,3,LeeSin,5,13,7,6,2.71,20960,18,67319,77394,22767,104547,0.1335016817971877,0.1696453080187841,356,44,123,"[16, 310, 221, 41]",1707
TR1_1652401403,4,Garen,1,14,5,17,6.2,25160,18,100366,80685,13975,108041,0.19903692286304756,0.176857161535143,277,0,15,"[313, 195, 22, 48]",1707
TR1_1652401403,5,Riven,1,18,5,12,6.0,28825,18,72074,44127,15963,76552,0.14293174076395077,0.09672447874664675,629,11,41,"[82, 27, 206, 195]",1707
TR1_1652401403,6,Pyke,6,11,8,3,1.75,18780,18,45494,60199,24213,73348,0.09022048842305812,0.13195429267077047,266,40,116,"[63, 19, 218, 6]",1707
TR1_1652401403,7,Soraka,2,5,10,7,1.2,15525,18,39305,82987,57762,66329,0.13155753645265136,0.20075749641887963,356,115,206,"[215, 15, 326, 216]",1707
TR1_1652401403,8,Fizz,3,12,8,10,2.75,11905,17,54926,49304,8491,45732,0.1838433956608723,0.1192747923121224,311,10,38,"[2, 156, 102, 228]",1707
TR1_1652401403,9,Sona,2,7,6,5,2.0,12530,18,40649,59900,33874,145225,0.1360574651741664,0.14490865490614094,445,18,138,"[118, 123, 226, 15]",1707
TR1_1652401403,10,LeeSin,3,10,10,12,2.2,11870,17,53612,65384,24457,72141,0.17944329015812424,0.15817546141586275,540,34,55,"[211, 41, 232, 54]",1707
TR1_1652401403,11,Gragas,6,5,13,11,1.23,17651,18,42721,51181,29131,65584,0.08472163478834435,0.11218786051208336,307,28,65,"[38, 219, 226, 18]",1707
TR1_1652401403,12,Senna,5,7,9,13,2.22,24985,18,51940,51246,28961,40755,0.1030032888869106,0.1123285644435865,305,37,87,"[113, 123, 76, 86]",1707
TR1_1652401403,13,Sejuani,8,5,7,2,1.0,13310,16,42248,64131,17602,115982,0.14140643384375032,0.15514423026062416,189,4,53,"[152, 234, 42]",1707
TR1_1652401403,14,Shaco,4,12,10,11,2.3,28000,18,60943,40069,3852,32139,0.12085730394718873,0.08783089087901941,839,0,7,"[65, 35, 46, 30]",1707
TR1_1652401403,15,Teemo,4,11,13,12,1.77,23000,18,63398,51311,6922,34427,0.12572693853031222,0.1124714431939664,335,0,21,"[227, 310, 187, 62]",1707
TR1_1652401403,16,Ahri,7,6,7,3,1.29,7975,14,33384,22319,4391,21537,0.11174122202695354,0.05399283576062573,236,30,65,"[180, 48, 172]",1707
TR1_1652398434,1,Viktor,7,8,9,2,1.11,7962,14,33408,28882,3076,23709,0.21266402771823023,0.1583169543813842,205,76,29,"[45, 205, 180]",1441
TR1_1652398434,2,Shaco,7,3,7,6,1.29,8764,14,17712,22763,2830,14517,0.1127492412900732,0.12477452090155394,253,0,19,"[156, 28, 133]",1441
TR1_1652398434,3,Vladimir,8,9,9,7,1.78,13404,16,28741,56051,40042,34275,0.1829571855487149,0.3072409439619585,298,0,24,"[30, 251, 238]",1441
TR1_1652398434,4,Kayn,8,10,9,9,2.11,12604,16,46502,28583,7196,20307,0.29601030523476507,0.15667546694616427,214,0,19,"[48, 34, 250]",1441
TR1_1652398434,5,FiddleSticks,1,0,6,2,0.33,3763,11,7315,15055,2650,7909,0.04656731279916079,0.08252379568363809,72,0,13,"[194, 308]",1441
TR1_1652398434,6,TahmKench,1,2,6,0,0.33,3770,11,8408,15235,3988,12034,0.053523326995001314,0.08351373913886723,66,11,18,[219],1441
TR1_1652398434,7,Mordekaiser,2,4,7,11,2.14,13277,18,45579,85893,34127,112683,0.09873655378309486,0.19446943406601663,277,0,7,"[216, 44, 77, 110]",1441
TR1_1652398434,8,Warwick,2,13,12,3,1.33,13289,18,54165,69043,42283,73173,0.11733472227801188,0.15631953059846243,303,0,8,"[58, 138, 52, 26]",1441
TR1_1652398434,9,Zyra,6,8,10,10,1.8,17797,18,62935,38524,11539,27551,0.13633418708932846,0.08722351806827246,316,18,43,"[86, 222, 98, 32]",1441
TR1_1652398434,10,Galio,4,6,5,10,3.2,19265,18,47991,59800,20897,86132,0.10396136852773559,0.13539206719700767,307,27,16,"[45, 42, 151, 136]",1441
TR1_1652398434,11,Kassadin,3,17,7,7,3.43,17422,18,97810,58468,14180,64874,0.21188103645841852,0.1323783396189377,502,0,16,"[195, 56, 120]",1441
TR1_1652398434,12,TwistedFate,3,7,10,12,1.9,16293,18,33225,36691,4783,27205,0.07197365870129074,0.08307206439662528,328,13,61,"[58, 57, 98, 305]",1441
TR1_1652398434,13,Kalista,4,10,10,8,1.8,15266,18,57386,29322,6651,28975,0.12431323678827455,0.06638760835042823,148,3,21,"[115, 51, 107, 12]",1441
TR1_1652398434,14,Pyke,5,5,2,2,3.5,4350,9,9206,8991,3484,3901,0.05860479242351416,0.04928396685334906,100,12,31,[195],1441
TR1_1652398434,15,Janna,5,2,3,5,2.33,4700,9,5800,6872,753,3256,0.03692380799054036,0.03767061213308467,132,9,16,[30],1441
TR1_1652398434,16,KSante,6,10,6,7,2.83,15797,18,62534,63936,8413,84015,0.1354652363738454,0.14475743770424965,373,0,32,"[243, 7, 47, 49]",1441
TR1_1652393030,1,Mordekaiser,8,6,12,9,1.25,12336,17,70111,81491,58239,209435,0.11674347164212943,0.16209206959786934,347,0,245,"[103, 118, 92, 1]",1682
TR1_1652393030,2,Azir,6,10,10,7,1.7,22977,18,82223,49128,10188,58270,0.1369127878404381,0.09771893541099053,441,329,747,"[217, 180, 74, 215]",1682
TR1_1652393030,3,Udyr,8,11,7,5,2.29,13839,17,71014,80565,30240,133393,0.11824703626145522,0.16025013686449693,294,0,136,"[116, 67, 238, 174]",1682
TR1_1652393030,4,Fizz,5,5,6,4,1.5,11283,16,43287,35486,17174,24508,0.1358768182352989,0.07492627577612684,356,8,42,"[129, 312, 1]",1682
TR1_1652393030,5,MonkeyKing,7,11,5,5,3.2,11050,16,54043,62116,34770,86111,0.16963976411550397,0.13115353018202192,283,0,106,"[23, 29, 68]",1682
TR1_1652393030,6,Volibear,1,1,8,2,0.38,6968,12,20075,37759,15288,38732,0.06301656764475251,0.07972578204108222,165,0,35,"[152, 23]",1682
TR1_1652393030,7,Rammus,1,3,6,1,0.67,6959,12,11858,39617,4310,26437,0.037223418237684366,0.08364987506989584,175,0,44,"[152, 67]",1682
TR1_1652393030,8,Zed,5,10,11,4,1.27,11259,16,47421,26440,3548,22331,0.14885140780797873,0.05582672439571857,429,35,71,"[211, 84, 6]",1682
TR1_1652393030,9,Naafiri,3,16,4,7,5.75,22770,18,106393,90518,67797,79332,0.17715840765688926,0.18004640728170404,495,0,167,"[16, 70, 228, 104]",1682
TR1_1652393030,10,Caitlyn,3,8,14,8,1.14,18750,18,86648,45645,9547,21131,0.14428076311735605,0.09079122985667727,268,31,58,"[74, 77, 310, 238]",1682
TR1_1652393030,11,Blitzcrank,4,7,6,11,3.0,18123,18,49461,84000,23691,156459,0.08235940706210308,0.16708184691160194,371,33,147,"[313, 65, 103, 193]",1682
TR1_1652393030,12,Cassiopeia,7,5,12,7,1.0,11583,17,43862,39560,8924,26201,0.13768223995864368,0.08352933460969034,645,243,480,"[50, 92, 133]",1682
TR1_1652393030,13,Zed,4,12,10,4,1.6,16016,18,92495,33104,5689,21514,0.15401653948399638,0.06584706730811815,603,94,105,"[84, 82, 238, 310]",1682
TR1_1652393030,14,Seraphine,6,10,5,10,4.0,22943,18,42208,38295,18760,55193,0.07028158693563251,0.07617230676854182,414,247,461,"[231, 223, 312, 98]",1682
TR1_1652393030,15,DrMundo,2,7,5,8,3.0,10765,16,48849,155290,30950,108718,0.15333526493741353,0.32788265427849994,260,30,163,"[13, 64, 41]",1682
TR1_1652393030,16,Sett,2,10,11,5,1.36,11310,16,49180,77344,30354,81464,0.15437451906272429,0.16330582364696436,124,0,107,"[82, 2, 66]",1682
TR1_1652387041,1,Lulu,4,7,9,14,2.33,22600,18,29371,59525,58871,84165,0.06077848306819298,0.1440642800686688,346,105,147,"[141, 68, 88, 35, 56]",1539
TR1_1652387041,2,MonkeyKing,4,14,8,6,2.5,21100,18,104176,121913,49088,161287,0.21556923700166578,0.2950547928986162,465,0,131,"[313, 41, 48, 102]",1539
TR1_1652387041,3,Elise,1,0,6,2,0.33,6700,12,4757,13875,7517,6593,0.023961933060720003,0.045550161872991136,232,0,73,"[113, 304, 151]",1539
TR1_1652387041,4,Viego,1,3,7,0,0.43,6953,12,7436,10970,2361,6816,0.037455313215944086,0.03601407565914926,107,1,40,"[71, 304, 84]",1539
TR1_1652387041,5,Syndra,5,4,6,7,1.83,11800,15,42454,24003,11327,22806,0.2138242457429985,0.07879727241369916,315,34,1048,"[50, 36, 45, 228]",1539
TR1_1652387041,6,Jhin,5,7,8,3,1.25,10305,15,31631,19600,3612,17152,0.15931164918979301,0.06434444424845975,195,3,263,"[16, 82, 115, 79]",1539
TR1_1652387041,7,Rammus,3,5,6,14,3.17,18000,18,41576,48716,4207,213667,0.08603271775124476,0.1179043008158855,261,0,77,"[231, 218, 241, 219, 110]",1539
TR1_1652387041,8,Ambessa,3,14,7,5,2.71,16005,18,72799,49217,26376,111565,0.15064279131677516,0.11911694696749879,335,0,68,"[165, 154, 227, 219, 214]",1539
TR1_1652387041,9,Jinx,8,4,8,1,0.62,7010,14,10706,11466,2798,5903,0.053921315807612544,0.03764349069017031,72,5,35,"[92, 304, 154, 195]",1539
TR1_1652387041,10,Sivir,8,1,7,4,0.71,8000,14,19866,13180,3596,9165,0.10005934350425798,0.043267322760585335,88,22,51,"[29, 304, 71, 6]",1539
TR1_1652387041,11,Poppy,2,5,10,8,1.3,11000,16,24397,60268,8982,76346,0.12287744077544933,0.1978496127719681,134,0,137,"[238, 242, 118, 41]",1539
TR1_1652387041,12,Vi,2,12,5,4,3.2,11800,16,57299,151253,13238,186266,0.2885887587032246,0.4965336195829769,204,0,237,"[152, 34, 313, 41]",1539
TR1_1652387041,13,Kalista,6,12,11,9,1.91,22855,18,109799,38980,20292,51817,0.22720458554308662,0.09434128778182779,111,2,21,"[321, 70, 225, 234, 251]",1539
TR1_1652387041,14,Rammus,6,12,4,10,5.5,19350,18,38902,47027,17418,121039,0.08049960055999159,0.11381682798789852,177,0,45,"[217, 2, 216, 219, 218]",1539
TR1_1652387041,15,Kennen,7,11,6,5,2.67,13935,18,42328,20881,4519,31226,0.08758901153625391,0.0505375098098705,333,19,34,"[129, 98, 180, 88, 22]",1539
TR1_1652387041,16,Jhin,7,5,8,9,1.75,14505,18,44307,26925,6120,17016,0.09168357322278922,0.0651640536697339,175,2,24,"[227, 301, 234, 166, 187]",1539
TR1_1652359797,1,Sejuani,1,5,6,6,1.83,14050,16,40312,42301,5077,64078,0.18667323802583416,0.18480550351717487,242,6,30,"[231, 243, 227]",1324
TR1_1652359797,2,Blitzcrank,1,6,7,4,1.43,11550,16,34333,45131,11051,34268,0.15898297948757725,0.19716608204513206,316,23,37,"[47, 48, 77]",1324
TR1_1652359797,3,TahmKench,8,7,6,12,3.17,15500,18,47107,124060,58525,211524,0.11634364642851322,0.3131881370057946,144,13,202,"[313, 123, 92, 60]",1324
TR1_1652359797,4,Hwei,7,5,5,6,2.2,13750,17,39502,24987,4224,20192,0.18292273734166226,0.10916198110768009,411,20,45,"[16, 81, 312, 44]",1324
TR1_1652359797,5,Azir,5,7,7,1,1.14,10000,16,30981,26864,5907,18241,0.14346263839720866,0.11736453009249806,232,2,31,"[133, 219, 217]",1324
TR1_1652359797,6,Syndra,8,12,10,2,1.4,21500,18,54065,40710,2659,38001,0.13352998217880088,0.10277354090428603,462,30,492,"[65, 30, 180, 56]",1324
TR1_1652359797,7,AurelionSol,6,12,5,5,3.4,16150,18,41774,65792,7546,30087,0.10317269653004857,0.16609254536093618,135,0,19,"[13, 216, 217, 34]",1324
TR1_1652359797,8,Smolder,7,7,8,5,1.5,11875,17,37405,30732,10064,16743,0.17320995279098145,0.13426319179278706,141,27,37,"[84, 134, 36, 138]",1324
TR1_1652359797,9,Renata,6,5,6,12,2.83,20150,18,65619,25060,3360,23696,0.1620632150585083,0.06326355463317124,273,41,83,"[116, 156, 50, 22]",1324
TR1_1652359797,10,Jax,2,2,6,8,1.67,15101,18,37389,26564,11592,32966,0.09234243265728045,0.06706248880039051,267,0,20,"[150, 243, 98, 87]",1324
TR1_1652359797,11,Katarina,2,9,6,2,1.83,14600,25,40069,32181,3363,22332,0.09896107088674545,0.08124248193508504,79,2,24,"[211, 96, 84, 322]",1324
TR1_1652359797,12,Kaisa,3,10,6,6,2.67,13500,18,87443,36420,9215,33987,0.2159652044399974,0.09194410064145919,411,19,65,"[82, 81, 74, 51]",1324
TR1_1652359797,13,Karma,3,7,7,10,2.43,13500,18,31428,45329,27661,79121,0.07762175182010574,0.11443315071887718,229,30,184,"[2, 75, 116, 305]",1324
TR1_1652359797,14,KSante,5,1,6,5,1.0,11300,16,20815,40859,4675,39932,0.0963883957616072,0.17850371757314704,306,0,10,"[233, 88, 313]",1324
TR1_1652359797,15,Corki,4,0,5,2,0.4,3850,9,7539,7803,963,4678,0.03491040737892704,0.03409345822590205,71,7,65,[223],1324
TR1_1652359797,16,TahmKench,4,2,3,0,0.67,3750,9,5064,10218,2056,4487,0.023449650816202025,0.044641535645678784,45,1,55,[311],1324
TR1_1652354650,1,Vayne,5,7,7,6,1.86,17637,18,27642,30956,10909,18197,0.07192449191850771,0.08565661647605191,124,23,45,"[2, 70, 123, 74]",1234
TR1_1652354650,2,Renata,2,3,7,7,1.43,12011,15,12003,33694,11036,30504,0.05918185530631336,0.14865113917127154,159,12,64,"[141, 109, 78]",1234
TR1_1652354650,3,Caitlyn,2,7,6,3,1.67,12905,15,37583,33036,8085,14813,0.18529805184754639,0.14575113100994705,155,8,47,"[52, 250, 220]",1234
TR1_1652354650,4,Illaoi,6,0,6,0,0.0,8045,12,5190,18523,1724,13592,0.025589444394390162,0.08172004065040142,120,1,36,"[150, 74]",1234
TR1_1652354650,5,Jhin,6,1,7,0,0.14,8160,12,16254,13986,1532,7708,0.08013694177847275,0.061703503703614056,101,0,13,"[154, 238]",1234
TR1_1652354650,6,Gangplank,1,18,10,5,2.3,22962,18,55093,47601,15238,35585,0.1433518157259889,0.13171243815518716,315,8,30,"[38, 82, 243, 238]",1234
TR1_1652354650,7,Poppy,1,9,4,16,6.25,19414,18,46702,85046,39053,184801,0.12151716599317065,0.2353200300131907,232,1,20,"[67, 313, 310, 90]",1234
TR1_1652354650,8,Mordekaiser,8,8,6,6,2.33,15519,17,24989,60036,11662,71699,0.06502161024564125,0.16611896068532175,244,0,12,"[150, 175, 41, 64]",1234
TR1_1652354650,9,Lux,3,6,6,8,2.33,13000,16,30847,22420,1635,15736,0.15208838166944108,0.09891248703027755,189,12,47,"[215, 65, 219]",1234
TR1_1652354650,10,Hwei,3,8,6,5,2.17,13300,16,35745,22805,2483,19840,0.17623404793757638,0.10061287570414797,324,3,26,"[29, 113, 86]",1234
TR1_1652354650,11,Zed,7,8,8,10,2.25,16002,17,47747,27951,5491,22752,0.1242362786594382,0.07734193195110334,216,11,42,"[211, 223, 35, 84]",1234
TR1_1652354650,12,Corki,8,8,10,6,1.4,13307,17,48216,35115,13517,18659,0.12545827650918992,0.09716430298009177,136,28,54,"[77, 301, 86, 21]",1234
TR1_1652354650,13,Sivir,5,11,9,7,2.0,18936,18,80627,38507,11715,19422,0.20979093697243384,0.10654872933860621,224,29,64,"[36, 118, 323, 47]",1234
TR1_1652354650,14,Ashe,4,3,11,7,0.91,12500,16,22742,31606,2863,8789,0.11212421911325875,0.13944209930170418,70,31,312,"[36, 71, 194]",1234
TR1_1652354650,15,Vladimir,4,8,8,3,1.38,12819,16,42461,50593,38360,27024,0.20934705795300113,0.22320672342863623,326,0,75,"[103, 68, 195]",1234
TR1_1652354650,16,Ekko,7,14,8,4,2.25,17701,17,53305,36190,10397,57430,0.1386994239756295,0.10013699040044716,240,26,73,"[38, 318, 228, 238]",1234
TR1_1652275475,1,Nidalee,2,9,5,3,2.4,11050,17,39866,44568,21887,32205,0.07420147200067098,0.08045799071840438,572,5,35,"[318, 20, 73, 123, 69]",1490
TR1_1652275475,2,Aurora,2,4,6,9,2.17,13575,17,46092,34018,12501,25646,0.08578956084232675,0.061412761683414245,744,18,31,"[103, 20, 49, 30, 105]",1490
TR1_1652275475,3,Aatrox,7,0,4,1,0.25,4100,9,8823,10204,3295,8700,0.03491273923025432,0.04051196593281848,102,5,8,"[63, 20]",1490
TR1_1652275475,4,Caitlyn,8,0,7,5,0.71,9400,15,26842,22666,4919,22581,0.10621154465425461,0.08998504113014633,72,7,16,"[227, 20, 17, 225]",1490
TR1_1652275475,5,AurelionSol,4,13,10,7,2.0,20750,18,75548,96753,25361,90088,0.14061487479151902,0.17466449231461476,189,0,5,"[152, 20, 205, 48, 80]",1490
TR1_1652275475,6,Shen,4,8,5,12,4.0,20750,18,83257,141586,39277,199774,0.15496367831012045,0.25559861146706875,250,0,13,"[23, 20, 120, 53, 232]",1490
TR1_1652275475,7,Gragas,1,7,5,2,1.8,10600,16,42210,28734,11794,38442,0.16701930783524918,0.11407389720786681,293,4,6,"[116, 20, 25, 243]",1490
TR1_1652275475,8,Briar,1,6,6,6,2.0,10800,16,46939,50451,43376,71414,0.18572785389903548,0.20028884938467223,130,0,4,"[217, 20, 305, 225]",1490
TR1_1652275475,9,Yone,8,5,6,0,0.83,9400,15,35438,29565,13287,29530,0.14022156721274315,0.11737203786478857,275,1,24,"[313, 20, 138, 220]",1490
TR1_1652275475,10,Yasuo,6,12,7,7,2.71,19610,18,109549,69133,38020,114562,0.20389918794285272,0.12480333319662303,334,17,16,"[107, 20, 46, 234, 138]",1490
TR1_1652275475,11,Aatrox,5,8,8,5,1.62,10850,16,51522,57402,37165,56342,0.20386119919337115,0.22788551562632928,357,12,19,"[84, 20, 34, 48]",1490
TR1_1652275475,12,Rammus,5,7,5,8,3.0,10800,16,31569,39431,12156,100669,0.12491188350029057,0.15653852043127423,256,0,9,"[241, 20, 242, 18]",1490
TR1_1652275475,13,Fizz,3,10,8,2,1.5,11750,17,53723,44395,12689,40160,0.09999335402622449,0.08014431390145813,323,10,29,"[65, 20, 172, 19, 73]",1490
TR1_1652275475,14,Leona,3,4,8,9,1.62,13250,17,47342,71162,21724,84919,0.08811689492107647,0.12846629031278095,273,39,51,"[154, 20, 49, 45, 136]",1490
TR1_1652275475,15,Tryndamere,6,8,9,7,1.67,18000,18,81891,52320,23268,48773,0.15242097716520914,0.09445220640563573,141,0,10,"[52, 20, 80, 115, 226]",1490
TR1_1652275475,16,Volibear,7,2,6,0,0.33,4100,9,9384,13437,4459,7300,0.03713390447480155,0.05334417242210407,61,0,3,"[84, 20]",1490
TR1_1652271211,1,Rengar,8,4,8,1,0.62,8500,14,19313,32798,13625,22143,0.12128013078639746,0.12434289652963121,231,0,75,"[48, 118, 49]",1554
TR1_1652271211,2,Ashe,8,2,6,4,1.0,7051,14,25991,18202,5428,7774,0.16321945820028538,0.06900866674043507,145,36,372,"[79, 150, 87]",1554
TR1_1652271211,3,Maokai,2,3,7,3,0.86,9251,15,17225,46365,15716,41767,0.10816881700798152,0.17577585953612157,189,19,111,"[219, 215, 73]",1554
TR1_1652271211,4,Vladimir,2,3,8,6,1.12,10750,15,25937,56066,29430,27693,0.1628785272469658,0.2125545799276659,214,0,50,"[41, 152, 37]",1554
TR1_1652271211,5,Renata,6,7,7,18,3.57,25002,18,73493,45649,13551,68214,0.14995892256331303,0.11599684551671845,502,25,104,"[45, 192, 105, 198]",1554
TR1_1652271211,6,Udyr,7,2,11,1,0.27,7075,12,11625,18340,2794,18180,0.0730058433777158,0.06953238584774582,141,0,51,"[323, 107]",1554
TR1_1652271211,7,TwistedFate,1,14,8,12,3.25,31068,18,83488,58016,13170,129281,0.1703533115466246,0.14742116902298133,343,47,179,"[228, 98, 242, 29]",1554
TR1_1652271211,8,Ornn,1,11,5,10,4.2,25350,18,41270,95991,14208,325754,0.08421034727375246,0.2439152885959984,276,33,135,"[41, 64, 136, 313]",1554
TR1_1652271211,9,Annie,6,18,9,6,2.67,25701,18,104992,55035,4527,64701,0.21423012250030166,0.13984479510680392,505,0,69,"[156, 65, 97, 180]",1554
TR1_1652271211,10,Ambessa,3,8,6,16,4.0,11901,17,61768,37959,11404,52842,0.12603578912221144,0.09645546845284206,249,0,27,"[27, 16, 12, 321]",1554
TR1_1652271211,11,Nocturne,3,14,6,8,3.67,13674,17,35900,31750,9477,24379,0.07325195648458632,0.08067928519865031,173,38,60,"[79, 38, 32, 36]",1554
TR1_1652271211,12,Pyke,7,2,6,2,0.67,6750,12,9738,19083,6420,14298,0.0611575698065847,0.07234874032559824,94,20,61,"[195, 150]",1554
TR1_1652271211,13,Velkoz,4,5,9,9,1.56,10551,16,30744,27035,1504,7724,0.19306907498810477,0.10249410988158514,347,30,73,"[1, 65, 205]",1554
TR1_1652271211,14,Volibear,4,7,6,5,2.0,21750,16,18666,45881,19808,42424,0.11722057858596456,0.1739427612112171,203,0,94,"[62, 47, 229]",1554
TR1_1652271211,15,Yasuo,5,6,7,12,2.57,13451,18,45256,38471,17404,75482,0.09234389812878595,0.09775763600696667,511,12,38,"[58, 24, 34, 227]",1554
TR1_1652271211,16,Jhin,5,9,6,5,2.33,14000,18,43919,30668,9178,12521,0.08961565238042458,0.07792951209903887,156,10,30,"[195, 70, 237, 227]",1554
TR1_1652266551,1,Samira,6,6,8,4,1.25,12850,23,30243,30451,6720,17919,0.1251922363878907,0.1024470777225448,213,15,48,"[71, 96, 134]",1437
TR1_1652266551,2,Pantheon,4,3,8,4,0.88,13450,15,25443,22416,2262,13213,0.10532187193194598,0.07541270371205828,133,4,24,"[90, 243, 228]",1437
TR1_1652266551,3,Akshan,4,5,6,2,1.17,12200,15,30076,22746,3266,13569,0.12450315781594708,0.07652593286706873,138,20,52,"[238, 220, 243]",1437
TR1_1652266551,4,Rumble,6,4,8,4,1.0,12300,15,19485,26946,3649,24290,0.08065819511007111,0.09065282937365862,248,33,67,"[65, 48, 30]",1437
TR1_1652266551,5,Lillia,5,3,5,13,3.2,13050,17,53418,47725,22908,56662,0.12057882362522009,0.11112179948367203,229,7,46,"[2, 45, 195, 72]",1437
TR1_1652266551,6,LeeSin,5,13,6,2,2.5,16425,17,32115,32506,7251,32767,0.07249238636968727,0.07568831645112391,255,13,43,"[238, 58, 27, 211]",1437
TR1_1652266551,7,Nami,7,6,8,18,3.0,23000,18,37465,90693,100445,51288,0.08456948439036162,0.21116866839905615,441,18,45,"[215, 216, 219, 217]",1437
TR1_1652266551,8,Viego,7,19,8,4,2.88,20551,18,77356,60039,14891,40111,0.1746112475199761,0.13979337176317905,193,15,94,"[116, 243, 323, 16]",1437
TR1_1652266551,9,Vladimir,1,2,8,7,1.12,12300,15,35471,46339,49118,26962,0.14683432428836388,0.15589614513309016,273,0,29,"[313, 156, 79]",1437
TR1_1652266551,10,Belveth,1,8,6,1,1.5,12250,15,40035,23409,10572,43366,0.16572733391328692,0.07875484206584558,333,0,3,"[151, 81, 225]",1437
TR1_1652266551,11,Jhin,8,15,9,0,1.67,14925,16,47581,30289,4832,19110,0.10740305251658859,0.07052411351193545,171,12,19,"[82, 243, 79]",1437
TR1_1652266551,12,TahmKench,3,8,5,2,2.0,11800,15,34362,92036,19457,102473,0.14224507555209298,0.3096314868635319,116,17,36,"[64, 41, 193]",1437
TR1_1652266551,13,Viktor,3,3,14,5,0.57,12050,15,26456,32898,4075,24943,0.10951780500040138,0.11067898226220187,200,14,15,"[129, 156, 48]",1437
TR1_1652266551,14,Rammus,8,0,6,11,1.83,15600,16,31192,82995,22549,147158,0.07040878405196835,0.19324376283096417,124,0,12,"[152, 216, 18]",1437
TR1_1652266551,15,Mel,2,13,6,12,4.17,21100,18,84578,45561,8349,44237,0.19091508053722053,0.10608374238186852,229,133,390,"[311, 219, 86, 24]",1437
TR1_1652266551,16,Annie,2,12,9,8,2.22,21100,18,79309,39674,7235,78741,0.17902114098897745,0.09237622517820072,565,0,57,"[103, 48, 243, 180]",1437
TR1_1652254492,1,Rell,4,8,7,3,1.57,12055,15,24025,53768,6997,159303,0.12351835719786544,0.19176299361357213,261,0,32,"[237, 13, 18]",1515
TR1_1652254492,2,Soraka,4,3,11,5,0.73,10550,15,18216,45152,52082,38314,0.09365430562944964,0.16103154808005488,159,15,52,"[226, 21, 15]",1515
TR1_1652254492,3,Pyke,5,4,6,5,1.5,11650,15,22711,25160,10705,43268,0.11676299353346381,0.08973161619945383,135,15,40,"[46, 227, 63]",1515
TR1_1652254492,4,AurelionSol,5,7,9,4,1.22,12952,15,39308,27941,6086,21819,0.20209144867752032,0.09965173658633202,125,9,18,"[171, 38, 180]",1515
TR1_1652254492,5,XinZhao,6,3,7,12,2.14,16050,18,24573,44820,16354,32695,0.06208174958015424,0.13749128833476457,138,0,71,"[136, 52, 243, 223]",1515
TR1_1652254492,6,KogMaw,3,7,9,6,1.44,12320,17,45121,28206,5841,22468,0.1139940600728602,0.08652697050913151,222,27,60,"[308, 220, 107]",1515
TR1_1652254492,7,Urgot,3,8,6,4,2.0,12325,17,42066,38087,10867,62084,0.10627555456166682,0.11683500087620675,237,16,48,"[51, 36, 81, 107]",1515
TR1_1652254492,8,Yone,1,6,6,3,1.5,7755,13,26385,21442,5672,20628,0.13565303711413923,0.07647463926542082,209,14,45,"[221, 36]",1515
TR1_1652254492,9,Draven,1,4,9,4,0.89,9466,13,19157,20511,1807,10139,0.09848941445411592,0.07315114287770354,168,10,19,"[237, 311]",1515
TR1_1652254492,10,Thresh,2,13,10,9,2.2,23350,18,63980,45911,30909,75050,0.16164022103245604,0.14083567866702354,312,25,77,"[204, 238, 215, 48]",1515
TR1_1652254492,11,XinZhao,2,9,6,11,3.33,19350,18,47940,50013,21510,78776,0.1211171468414935,0.15341892916827737,143,0,50,"[218, 71, 217, 88]",1515
TR1_1652254492,12,Taliyah,6,15,6,1,2.67,20555,18,57170,28143,4680,42419,0.14443617802925662,0.0863310589583407,475,86,220,"[324, 48, 135, 14]",1515
TR1_1652254492,13,Illaoi,7,10,6,6,2.67,18775,18,54529,50442,19400,100601,0.1377637064229536,0.15473589048144687,211,13,31,"[93, 150, 66, 64]",1515
TR1_1652254492,14,Caitlyn,7,10,10,7,1.7,22550,18,60438,40365,5730,26453,0.15269138345915897,0.12382518300480867,103,14,30,"[22, 116, 88, 52]",1515
TR1_1652254492,15,Gnar,8,2,8,8,1.25,10760,16,22621,40399,12244,35473,0.11630010041785294,0.14408123935414538,105,25,45,"[138, 241, 323]",1515
TR1_1652254492,16,Nasus,8,10,6,2,2.0,10755,16,22082,46016,13358,41832,0.1135303429755927,0.16411508402331743,291,0,22,"[181, 23, 1]",1515
TR1_1652245094,1,Tristana,6,7,8,5,1.5,11560,16,36093,24176,4105,10042,0.1872148300675166,0.10298303680030602,134,0,30,"[225, 223, 105]",1545
TR1_1652245094,2,Jhin,8,11,7,2,1.86,12570,15,36993,21814,1440,8283,0.1918850805855454,0.0929189767479743,126,3,13,"[219, 61, 322]",1545
TR1_1652245094,3,Ivern,2,6,6,17,3.83,19165,18,43501,34857,10399,159976,0.10101007205828547,0.08717124016552452,756,50,140,"[1, 118, 76, 141]",1545
TR1_1652245094,4,Orianna,2,18,5,6,4.8,23130,18,117231,39971,8630,110065,0.272211606993245,0.09996085473747159,663,94,104,"[156, 180, 170, 16]",1545
TR1_1652245094,5,Lux,7,3,7,9,1.71,12185,17,31267,27395,2570,17604,0.0726036763822724,0.06850970922079984,350,13,44,"[86, 113, 322, 24]",1545
TR1_1652245094,6,Seraphine,6,6,5,6,2.4,11300,17,24452,29226,6500,24702,0.12683437244791484,0.12449318948312152,335,67,116,"[48, 68, 56]",1545
TR1_1652245094,7,Shaco,5,2,8,0,0.25,6250,12,7433,16488,1546,11292,0.03855635532957432,0.07023233140595636,88,0,7,"[228, 71]",1545
TR1_1652245094,8,Leblanc,5,0,7,2,0.29,6250,12,8403,15409,1014,8268,0.04358999766030065,0.0656394884230718,136,11,19,"[30, 77]",1545
TR1_1652245094,9,Lulu,1,2,7,3,0.71,7300,14,10864,32446,8993,42654,0.05635582725336071,0.13820684349095236,204,23,43,"[156, 94, 222]",1545
TR1_1652245094,10,Mordekaiser,1,4,8,2,0.75,7350,14,42925,60813,37119,95312,0.22265492692208858,0.25903698649493917,194,0,32,"[219, 20, 205]",1545
TR1_1652245094,11,Jinx,8,2,7,8,1.43,10385,15,25623,34390,11412,20882,0.1329086097336989,0.14648914715367853,57,6,30,"[134, 74, 206]",1545
TR1_1652245094,12,Sylas,7,10,5,2,2.4,10855,18,46229,57035,25349,64611,0.1073445576945833,0.1426346809207835,490,22,60,"[19, 68, 308, 84]",1545
TR1_1652245094,13,Darius,4,6,11,11,1.55,19434,18,56110,41267,6186,48752,0.13029017800574663,0.1032012798758105,207,0,41,"[6, 38, 34, 238]",1545
TR1_1652245094,14,Swain,4,17,5,6,4.6,22345,18,60142,114926,70846,138091,0.13965115734637992,0.2874067994594218,458,21,82,"[45, 67, 85, 92]",1545
TR1_1652245094,15,Amumu,3,6,6,8,2.33,11060,17,27459,37577,5179,46277,0.06376195628234112,0.09397306166672229,100,14,28,"[193, 94, 42, 21]",1545
TR1_1652245094,16,AurelionSol,3,8,6,5,2.17,11020,17,48719,46842,4576,27191,0.11312679523714614,0.11714237395346598,149,0,13,"[41, 133, 44, 151]",1545
TR1_1652137043,1,Yone,7,3,9,6,1.0,13050,17,26087,27968,3223,23662,0.058434162402933545,0.07444032383786174,192,2,23,"[81, 176, 22, 118]",1497
TR1_1652137043,2,Qiyana,2,11,11,14,2.27,27760,18,79407,51788,18507,51477,0.17786680594698445,0.1378376639314005,752,42,238,"[19, 221, 206]",1497
TR1_1652137043,3,Chogath,2,14,8,7,2.62,23360,18,45576,95613,24453,168621,0.10208856647486952,0.2544815248439453,284,0,83,"[88, 305, 181, 313]",1497
TR1_1652137043,4,Mel,1,9,9,1,1.11,12830,16,34823,28133,4823,18286,0.1298735556541754,0.07940672401707231,278,74,194,"[45, 32, 205]",1497
TR1_1652137043,5,Maokai,1,1,7,9,1.43,11300,16,35177,38573,11487,56136,0.13119353141802942,0.10887185977314992,164,7,134,"[75, 181]",1497
TR1_1652137043,6,Thresh,6,4,11,9,1.18,14061,16,37520,41257,4617,99816,0.1399309793418337,0.11644688966368542,162,5,42,"[234, 241, 320]",1497
TR1_1652137043,7,Zac,6,9,5,4,2.6,10750,16,54854,82584,72800,117542,0.20457857223949671,0.23309113071682014,165,4,64,"[66, 97, 237]",1497
TR1_1652137043,8,Nidalee,5,15,6,6,3.5,21850,18,70718,48167,26071,32781,0.15840496941188856,0.12820052645106192,406,128,222,"[156, 32, 49, 2]",1497
TR1_1652137043,9,Vayne,7,10,8,3,1.62,13550,17,46039,47143,8498,16001,0.10312548660727076,0.1254751579988946,171,43,81,"[115, 46, 120, 211]",1497
TR1_1652137043,10,Hwei,5,8,3,15,7.67,24250,18,88292,47154,22000,33045,0.19776989067653808,0.12550337473281306,691,69,147,"[45, 138, 44, 67]",1497
TR1_1652137043,11,TwistedFate,3,9,7,6,2.14,16195,18,47419,25083,4611,22925,0.10621540518017943,0.06676064169843363,318,39,131,"[48, 205, 69, 103]",1497
TR1_1652137043,12,Jhin,3,9,7,9,2.57,17125,18,42900,32800,5239,13224,0.09609471329933564,0.08730078650558924,107,6,32,"[66, 105, 22, 113]",1497
TR1_1652137043,13,Samira,8,0,6,3,0.5,7210,13,17267,14778,1411,11572,0.06439998544933843,0.041710411857713806,102,19,44,"[243, 73]",1497
TR1_1652137043,14,Ekko,4,5,8,3,1.0,10550,15,30087,49325,16172,55207,0.11221049766715221,0.13921936571919433,206,46,74,"[233, 57, 56]",1497
TR1_1652137043,15,Khazix,8,4,8,0,0.5,7500,13,18087,17536,2176,9815,0.0674577804644024,0.04949728854212755,106,7,23,"[310, 170]",1497
TR1_1652137043,16,Volibear,4,7,5,4,2.2,9750,16,40315,82111,46074,128485,0.15035509776557168,0.23175632971023655,267,0,54,"[216, 60, 46]",1497
TR1_1652126973,1,Draven,6,14,6,7,3.5,23875,18,73045,60350,35345,51251,0.15351971017452332,0.1114326483236899,219,16,38,"[134, 52, 7, 79]",1577
TR1_1652126973,2,Pantheon,6,8,6,11,3.17,18525,18,55248,46187,15639,42828,0.11611559289867847,0.08528211599651908,164,2,34,"[310, 82, 80, 19]",1577
TR1_1652126973,3,Nunu,1,11,5,8,3.8,13500,18,46210,117813,93707,253688,0.09712041517094462,0.21753330489739037,651,282,446,"[1, 90, 44, 18]",1577
TR1_1652126973,4,Twitch,1,8,9,8,1.78,13510,18,66640,39267,3066,43092,0.14005929341038223,0.07250543011926637,182,13,89,"[62, 92, 172, 166]",1577
TR1_1652126973,5,Orianna,2,2,6,2,0.67,6500,12,7714,13799,1927,8813,0.030217713131665005,0.05473457490197446,159,26,40,[194],1577
TR1_1652126973,6,Talon,2,2,7,2,0.57,6825,12,10011,12478,930,8110,0.039213265610987605,0.04949521521709833,135,39,153,"[48, 150]",1577
TR1_1652126973,7,Gragas,3,18,9,5,2.56,22850,18,100681,39093,11360,84481,0.2116026491788655,0.07218285348989845,476,3,51,"[48, 311, 32, 30]",1577
TR1_1652126973,8,Nautilus,3,6,6,16,3.67,22910,18,42772,55614,6389,254800,0.08989602525227096,0.10268741298981553,219,0,47,"[18, 301, 108, 174]",1577
TR1_1652126973,9,Nasus,4,10,11,4,1.27,15090,17,36292,90644,53196,123492,0.07627653513441982,0.16736916255417048,331,0,47,"[234, 217, 138, 228]",1577
TR1_1652126973,10,Nautilus,4,7,7,10,2.43,15060,23,54912,92615,34098,178386,0.1154097787799151,0.17100707162924986,287,29,72,"[216, 238, 42, 41]",1577
TR1_1652126973,11,Sion,5,5,6,0,0.83,6750,13,37041,54621,9233,53843,0.14508683859744076,0.21664774917540827,162,5,26,"[193, 64]",1577
TR1_1652126973,12,Garen,5,0,8,2,0.25,7250,13,12974,28034,5810,35894,0.05081755168043569,0.11119450340406001,87,1,25,"[233, 313]",1577
TR1_1652126973,13,Yuumi,7,3,6,6,1.5,12750,17,17134,16901,12781,19637,0.06711402844593728,0.06703884851094197,283,72,8,"[123, 231, 102, 15]",1577
TR1_1652126973,14,Ambessa,8,9,7,6,2.14,11500,17,51051,49131,18061,52472,0.1999598613412374,0.19487406392155468,280,0,36,"[27, 68, 7, 66]",1577
TR1_1652126973,15,Veigar,8,7,6,8,2.5,13510,17,52774,32696,6095,25178,0.20671002276263123,0.1296859815234964,393,67,85,"[156, 133, 251, 48]",1577
TR1_1652126973,16,Tristana,7,6,11,2,0.73,11260,17,66604,44456,7796,42161,0.26088071842966504,0.1763290633454659,156,0,85,"[234, 36, 226, 195]",1577
TR1_1651795380,1,Vi,8,12,6,12,4.0,20280,18,52988,30806,8127,47327,0.13722175368948414,0.08199726828733922,205,0,40,"[243, 187, 107, 241]",1398
TR1_1651795380,2,Morgana,1,3,6,11,2.33,11050,16,22342,25985,4442,9730,0.12262536108569207,0.13390221034915517,214,18,42,"[219, 69, 103]",1398
TR1_1651795380,3,Nocturne,1,11,6,3,2.33,13105,16,34642,26671,7809,15107,0.19013296867903529,0.13744044534039063,167,11,37,"[79, 9, 68]",1398
TR1_1651795380,4,TwistedFate,8,14,5,10,4.8,23115,18,61676,28126,13213,16731,0.15971912772059021,0.07486520699068615,256,29,102,"[48, 226, 77, 311]",1398
TR1_1651795380,5,Nunu,7,10,9,6,1.78,18125,18,48961,100315,54704,194942,0.1267925726997378,0.267010847649244,345,81,142,"[66, 218, 217, 13]",1398
TR1_1651795380,6,Katarina,6,4,6,0,0.67,7355,13,17993,17578,2894,11182,0.098754312147826,0.09058080250771887,99,2,39,"[219, 221]",1398
TR1_1651795380,7,Teemo,6,0,6,3,0.5,7285,13,16059,14838,1502,8235,0.08814334137946184,0.07646241396765656,109,0,15,"[86, 305]",1398
TR1_1651795380,8,Hecarim,3,5,7,9,2.0,19575,18,33282,77679,40643,82111,0.08619002612216553,0.20676141018582395,480,4,49,"[58, 46, 67, 90]",1398
TR1_1651795380,9,Samira,3,10,10,4,1.4,15605,18,59342,42855,12059,31203,0.15367385331292288,0.11406827237543628,164,10,54,"[79, 32, 23, 250]",1398
TR1_1651795380,10,Katarina,4,8,8,5,1.62,13010,18,26528,34491,5002,23867,0.0686987370596106,0.0918062692916296,118,2,56,"[48, 93, 116, 77]",1398
TR1_1651795380,11,Orianna,4,5,6,7,2.0,13065,18,35216,25919,3562,39306,0.09119758798800189,0.06899096372600354,312,91,134,"[156, 46, 180, 68]",1398
TR1_1651795380,12,Shaco,5,4,7,6,1.43,9760,15,31973,36607,14184,22549,0.17548350455040074,0.1886385615399424,289,0,15,"[45, 85, 89]",1398
TR1_1651795380,13,Blitzcrank,5,6,7,3,1.29,11250,15,19028,30535,5678,50369,0.10443578550506669,0.1573477323838458,171,17,31,"[228, 205, 118]",1398
TR1_1651795380,14,Ornn,7,7,6,9,2.67,24775,18,68158,35503,4450,162935,0.17650634140748694,0.09449976149383726,256,33,82,"[18, 26, 227, 63]",1398
TR1_1651795380,15,TwistedFate,2,2,8,7,1.12,12081,15,13634,19497,1366,19085,0.0748313373732399,0.10047174923326634,145,7,32,"[234, 97, 2]",1398
TR1_1651795380,16,Udyr,2,7,5,2,1.8,12885,15,26527,22347,6927,24123,0.14559338927927748,0.1151560846780242,132,0,21,"[323, 34, 238]",1398
TR1_1651788928,1,Sett,4,0,5,0,0.0,3500,11,6778,12007,1904,6742,0.0869603129533611,0.06898668727055199,35,0,1,"[151, 304, 10]",1330
TR1_1651788928,2,Khazix,2,10,7,4,2.0,16250,18,37809,23202,8547,14718,0.12150631956553186,0.10329720269893877,344,4,20,"[84, 46, 82, 19, 73]",1330
TR1_1651788928,3,Cassiopeia,2,7,4,8,3.75,15750,18,43802,33366,12171,20813,0.1407663423894229,0.1485508987975871,753,36,93,"[16, 205, 133, 30, 97]",1330
TR1_1651788928,4,Lillia,6,7,5,5,2.4,12300,17,41930,24485,7765,24819,0.1347512916568117,0.10901171951193384,300,18,39,"[133, 214, 301, 180, 12]",1330
TR1_1651788928,5,Alistar,8,3,6,1,0.67,7000,13,13137,28479,5997,28154,0.16854095228731125,0.1636302503317641,82,0,1,"[152, 304, 85]",1330
TR1_1651788928,6,Taric,8,1,8,1,0.25,7200,13,6417,26810,24654,40239,0.08232506658144322,0.1540412068916035,191,0,2,"[238, 304, 218]",1330
TR1_1651788928,7,Zed,5,13,5,2,3.0,11000,16,40620,16572,6988,11781,0.13054005566265653,0.07378289015116628,274,14,21,"[82, 237, 84, 27]",1330
TR1_1651788928,8,Karthus,7,2,4,2,1.0,4100,11,9076,12664,381,9095,0.1164372340110855,0.0727637775975502,94,29,61,"[50, 304]",1330
TR1_1651788928,9,Yuumi,7,2,3,2,1.33,4100,11,7247,5828,5572,1032,0.09297364990139932,0.03348860965490952,131,27,13,"[103, 304, 9]",1330
TR1_1651788928,10,Nunu,1,4,6,2,1.0,6950,14,18046,49870,30230,40430,0.2315154331999919,0.2865309487371559,339,73,118,"[2, 304, 138, 67]",1330
TR1_1651788928,11,Mordekaiser,1,2,8,1,0.38,6950,14,9092,26350,22818,21948,0.1166513951273723,0.15139732838693454,125,0,63,"[313, 304, 37, 198]",1330
TR1_1651788928,12,Ahri,3,8,3,16,8.0,18050,18,34408,38278,32688,23189,0.11057866021798703,0.17041765643429885,307,23,79,"[72, 138, 116, 135, 251]",1330
TR1_1651788928,13,LeeSin,3,16,5,7,4.6,22800,18,62477,39207,11383,62358,0.20078203844359527,0.17455273331687934,438,8,66,"[154, 17, 33, 125, 34]",1330
TR1_1651788928,14,Yone,6,7,7,5,1.71,12000,17,33085,28758,6397,28251,0.10632596024848809,0.1280336140252659,141,3,23,"[107, 87, 71, 81, 120]",1330
TR1_1651788928,15,Nilah,4,0,6,0,0.0,6000,11,8153,12037,1593,4473,0.1045959559380354,0.06916119112953024,75,0,3,"[13, 304, 28]",1330
TR1_1651788928,16,Gwen,5,2,7,8,1.43,11800,16,17036,20744,9079,23239,0.054749331815506626,0.09235328506392992,275,17,59,"[129, 97, 13, 48]",1330
TR1_1651725123,1,Riven,6,12,7,7,2.71,24275,18,61194,33571,4378,48446,0.17846636549833422,0.10694566783085144,308,6,85,"[206, 234, 237, 43]",1443
TR1_1651725123,2,Lillia,8,7,5,8,3.0,16606,18,28932,37193,12891,23595,0.08437887802226851,0.11848321115646274,243,8,31,"[48, 156, 97, 320]",1443
TR1_1651725123,3,Kaisa,8,11,5,7,3.6,19100,18,52171,31644,9426,34792,0.15215178359006098,0.10080813499540915,407,9,48,"[34, 79, 22, 51]",1443
TR1_1651725123,4,TahmKench,4,2,6,7,1.5,10550,16,28501,55222,19947,124483,0.2068310311630621,0.3081163197397053,170,32,98,"[181, 41, 56]",1443
TR1_1651725123,5,Vex,4,8,9,1,1.0,12575,16,33874,25680,2741,41092,0.2458201565324626,0.14328451264481934,331,51,84,"[57, 48, 205]",1443
TR1_1651725123,6,Chogath,7,0,4,0,0.0,3600,9,5366,9143,558,3362,0.03894588611950877,0.05101791014452399,36,0,18,[42],1443
TR1_1651725123,7,Swain,7,0,4,0,0.0,3600,9,4222,7998,1030,3409,0.030639652081610236,0.044626943157055704,55,1,22,[324],1443
TR1_1651725123,8,Nasus,5,9,5,6,3.0,10750,17,25650,54953,15909,81042,0.07480591461892813,0.1750611848751673,248,0,33,"[187, 41, 39]",1443
TR1_1651725123,9,Sett,5,6,8,9,1.88,10825,17,45955,60723,18523,58914,0.13402463187368446,0.19344288529174397,180,0,51,"[181, 58, 42, 176]",1443
TR1_1651725123,10,Hwei,1,9,5,9,3.6,18375,18,37484,31378,6221,21245,0.10931929036530039,0.09996036010273895,297,11,108,"[46, 219, 322]",1443
TR1_1651725123,11,Seraphine,2,1,7,2,0.43,6950,13,8630,17218,3182,17432,0.06262657725244752,0.0960698777755567,141,51,112,"[218, 15]",1443
TR1_1651725123,12,Akali,3,5,6,2,1.17,10100,15,27105,24872,5861,14979,0.19669880959046207,0.13877620789348533,310,0,13,"[7, 79, 46]",1443
TR1_1651725123,13,Mel,2,2,6,1,0.5,6750,13,15323,18141,1131,8225,0.11119641913104968,0.10122004966149994,134,95,209,"[172, 45]",1443
TR1_1651725123,14,Varus,1,9,6,7,2.67,23160,18,42206,32465,11602,27389,0.1230905144096502,0.10342429977344098,268,47,451,"[32, 86, 34, 205]",1443
TR1_1651725123,15,Veigar,3,3,6,4,1.17,11250,15,14778,20949,2877,13600,0.10724146812939703,0.11688817898335367,191,2,22,"[172, 156, 93]",1443
TR1_1651725123,16,Jhin,6,9,6,9,3.0,23025,18,49294,31979,4598,38969,0.1437626216217731,0.10187425597418548,219,0,36,"[308, 115, 232, 87]",1443
TR1_1651719528,1,Senna,1,2,7,6,1.14,11246,15,36497,24417,14049,23200,0.15731837566924686,0.09063048404634802,152,14,42,"[170, 74, 320]",1542
TR1_1651719528,2,Pyke,1,6,6,1,1.17,11355,15,16148,27032,8421,21941,0.06960585914853222,0.10033742233664243,108,12,65,"[171, 221]",1542
TR1_1651719528,3,Cassiopeia,5,7,4,8,3.75,17785,18,38812,36438,12060,26801,0.10221989897359482,0.09633309515235197,719,76,220,"[44, 46, 223, 150]",1542
TR1_1651719528,4,Yunara,5,12,6,5,2.83,17830,18,42536,33370,7026,22328,0.11202678430112972,0.08822189883694484,166,12,73,"[80, 22, 47, 21]",1542
TR1_1651719528,5,Poppy,4,5,7,6,1.57,12805,16,19988,52594,19805,91865,0.08616032693189216,0.19521720656729535,200,1,66,"[60, 17, 29]",1542
TR1_1651719528,6,Graves,4,8,13,2,0.77,13240,16,49400,30690,6983,30590,0.21293620075766054,0.11391520610897979,172,25,107,"[7, 22, 211]",1542
TR1_1651719528,7,Pyke,3,8,9,8,1.78,21160,18,28872,42423,11853,39585,0.07604136204441897,0.11215623722297004,197,32,84,"[226, 12, 68, 63]",1542
TR1_1651719528,8,Senna,3,11,6,7,3.0,27567,18,76879,27754,18641,21498,0.20247650528350425,0.0733741690205937,215,28,68,"[87, 170, 133, 103]",1542
TR1_1651719528,9,Shaco,7,1,9,5,0.67,7510,13,22779,22268,5523,16069,0.09819059498035973,0.08265490859823073,304,0,24,"[205, 97]",1542
TR1_1651719528,10,Kled,7,5,8,2,0.88,8200,13,18414,34408,8520,32107,0.07937262349211706,0.127717239733916,104,3,22,"[237, 308]",1542
TR1_1651719528,11,Nautilus,6,11,7,5,2.29,13395,17,51885,61346,8479,138365,0.1366495869964669,0.16218240160618083,163,19,64,"[181, 85, 33, 92]",1542
TR1_1651719528,12,Pyke,2,9,8,3,1.5,12755,16,37059,37992,16812,33899,0.15974154641402902,0.141017714310197,253,16,102,"[73, 43, 63]",1542
TR1_1651719528,13,Nautilus,2,5,5,9,2.8,13385,16,31707,40010,12622,192874,0.13667447260616242,0.1485098182983907,286,10,143,"[226, 232, 20]",1542
TR1_1651719528,14,Illaoi,6,5,6,10,2.5,13295,18,34017,64486,44054,58833,0.08959141571691825,0.17048179642160133,221,20,59,"[237, 138, 227, 24]",1542
TR1_1651719528,15,Ryze,8,14,6,6,3.33,18565,18,69555,66412,39123,48365,0.18318885955999256,0.17557375138185038,503,210,351,"[138, 34, 311, 98]",1542
TR1_1651719528,16,Katarina,8,8,11,9,1.55,18575,18,37136,46025,9437,29757,0.09780558712397455,0.12167665035750692,180,4,146,"[46, 181, 129, 52]",1542
TR1_1651715005,1,Riven,7,3,7,3,0.86,10705,16,27247,32825,10088,59300,0.11178712680471173,0.11253392688659268,347,2,19,"[73, 206, 228]",1958
TR1_1651715005,2,Ekko,4,7,9,6,1.44,12270,17,37933,41302,13711,66729,0.15562943324462195,0.14159440481150964,318,21,62,"[32, 97, 62, 129]",1958
TR1_1651715005,3,Sett,4,7,8,7,1.75,11270,17,56090,57561,24190,66033,0.2301199743780253,0.1973374872419506,122,0,29,"[222, 60, 48, 92]",1958
TR1_1651715005,4,Twitch,2,15,11,3,1.64,16045,18,80900,58236,3988,38646,0.10273155025786758,0.07522268306140252,258,6,37,"[205, 105, 30, 52]",1958
TR1_1651715005,5,Sona,2,3,7,14,2.43,18016,18,34001,54256,56089,78397,0.043176494447009724,0.07008237645549929,466,7,27,"[141, 60, 86, 320]",1958
TR1_1651715005,6,RekSai,3,5,9,4,1.0,8450,14,27594,43290,16794,57538,0.11321085652930578,0.14841028159340983,275,9,27,"[75, 115, 19]",1958
TR1_1651715005,7,Mordekaiser,3,4,9,5,1.0,7750,14,34830,46695,6507,38369,0.14289900837246317,0.1600832129815358,133,0,22,"[120, 108, 48]",1958
TR1_1651715005,8,Gnar,5,10,6,10,3.33,24005,18,65308,64103,38148,61897,0.08293176033133019,0.08280128285884246,167,42,77,"[138, 242, 79, 227]",1958
TR1_1651715005,9,Warwick,5,10,9,9,2.11,20015,18,53327,66545,26341,94504,0.06771841362273508,0.0859556072085095,154,0,39,"[25, 305, 310, 71]",1958
TR1_1651715005,10,Teemo,8,2,7,1,0.43,6505,14,18253,25501,4703,16446,0.07488903449180334,0.08742600532224006,142,0,22,"[22, 9, 54]",1958
TR1_1651715005,11,Yasuo,7,5,10,3,0.8,10710,16,23318,26023,1875,27291,0.09566602674765372,0.08921540314632598,246,5,26,"[17, 7, 225]",1958
TR1_1651715005,12,Talon,8,1,8,1,0.25,6500,14,18475,18493,490,15884,0.07579853943141501,0.06339927801643543,144,53,141,"[49, 26, 48]",1958
TR1_1651715005,13,Jax,1,19,16,8,1.69,38520,18,110604,83949,25629,112838,0.14045199485264856,0.10843614286284586,536,0,19,"[324, 151, 58, 81]",1958
TR1_1651715005,14,Sett,1,15,6,16,5.17,38025,18,225192,128861,38872,253839,0.2859616974069114,0.16644813347215154,367,0,16,"[17, 46, 58, 150]",1958
TR1_1651715005,15,Jax,6,19,13,9,2.15,34500,18,82476,80972,24186,119698,0.10473277003158285,0.10459088434527856,473,0,6,"[51, 322, 58, 116]",1958
TR1_1651715005,16,Vladimir,6,17,7,17,4.86,35035,18,135681,237258,307603,313835,0.1722953190499146,0.30646288973547026,812,0,13,"[305, 138, 30, 313]",1958
TR1_1651709628,1,Samira,5,12,9,1,1.44,12310,17,53172,57611,30736,46552,0.1469758843557662,0.16970787376259686,173,29,48,"[74, 21, 134, 220]",1396
TR1_1651709628,2,Sett,3,7,2,10,8.5,15295,18,51177,63064,18719,152118,0.14146106460508487,0.1857682571570069,135,0,22,"[175, 152, 234, 301]",1396
TR1_1651709628,3,Belveth,3,15,5,5,4.0,16680,18,53817,55178,38544,117746,0.14875786744524452,0.16254054395428852,373,0,23,"[151, 36, 125, 20]",1396
TR1_1651709628,4,Twitch,6,9,8,7,2.0,16876,18,54368,33243,10686,33676,0.15028050909526808,0.0979249516701319,148,0,8,"[74, 38, 228, 81]",1396
TR1_1651709628,5,Ziggs,8,10,7,6,2.29,13685,16,46244,21700,3663,27849,0.12782590688496726,0.06392333398244356,328,41,102,"[129, 180, 92]",1396
TR1_1651709628,6,Shaco,4,2,8,6,1.0,11800,15,19710,24714,5748,16676,0.08867264046135602,0.09646094498773289,165,0,21,"[2, 129, 54]",1396
TR1_1651709628,7,Aatrox,4,9,6,2,1.83,10625,15,36819,48552,28274,52167,0.16564079580376542,0.18950415150603744,369,7,38,"[63, 82, 195]",1396
TR1_1651709628,8,Kayn,6,7,6,5,2.0,13550,18,42647,47818,29856,59325,0.11788376521617251,0.14086021270912552,327,0,23,"[63, 250, 19, 166]",1396
TR1_1651709628,9,Belveth,1,7,10,2,0.9,10510,15,27884,28791,8529,23871,0.12544498759754422,0.11237381778270816,146,0,4,"[223, 107, 47]",1396
TR1_1651709628,10,Aatrox,1,4,8,3,0.88,10425,15,21022,36633,14458,63798,0.09457422906752956,0.14298443879134382,232,12,20,"[318, 241, 64]",1396
TR1_1651709628,11,Singed,5,3,5,11,2.8,12390,17,39770,36141,9990,108315,0.10992938244572117,0.10646078080244373,147,0,40,"[227, 309, 48, 66]",1396
TR1_1651709628,12,Shaco,2,6,8,5,1.38,11250,16,25043,28409,5385,30364,0.11266418576839453,0.11088233066808746,302,0,24,"[311, 133, 180]",1396
TR1_1651709628,13,Zed,2,5,9,5,1.11,11275,16,43155,26142,3649,20084,0.19414789099820295,0.10203468170267496,325,31,55,"[103, 313, 211]",1396
TR1_1651709628,14,Poppy,7,6,6,5,1.83,12115,15,24365,36724,4555,54000,0.10961316609463709,0.14333763518593529,159,0,22,"[318, 150, 67]",1396
TR1_1651709628,15,Jinx,7,5,9,6,1.22,10020,15,24282,26241,4222,14316,0.10924210420857021,0.10242199937547998,149,14,74,"[154, 113, 52]",1396
TR1_1651709628,16,Jhin,8,6,7,9,2.14,12090,16,20580,24718,3089,25237,0.056885619951775386,0.07281404596196302,192,1,36,"[150, 217, 215]",1396
TR1_1651703306,1,Lissandra,6,3,6,2,0.83,6965,12,11112,20132,5927,11622,0.06443940766540716,0.09071786522766423,107,5,27,"[237, 243]",1508
TR1_1651703306,2,Rengar,2,8,10,4,1.2,14892,16,32763,27475,5581,22951,0.18999504407083498,0.12380518222420746,222,0,35,"[206, 195, 226]",1508
TR1_1651703306,3,DrMundo,2,7,6,4,1.83,11773,16,33959,63821,28075,85908,0.19692795365192256,0.2875799553974653,220,17,55,"[206, 234, 7]",1508
TR1_1651703306,4,Caitlyn,7,14,8,5,2.38,19797,18,84560,28781,8803,26020,0.22461648908056472,0.08135154033414585,319,24,111,"[7, 220, 28, 69]",1508
TR1_1651703306,5,Kennen,7,9,5,11,4.0,16867,18,61645,35170,5555,31589,0.16374794965452844,0.09941090501853767,365,269,422,"[205, 48, 226, 207]",1508
TR1_1651703306,6,Singed,6,2,8,3,0.62,6974,12,13965,18571,2119,21581,0.08098698292327809,0.08368158519090026,63,3,41,"[44, 243]",1508
TR1_1651703306,7,Heimerdinger,3,8,6,3,1.83,10578,17,41232,32715,3446,17032,0.10952514329876199,0.09247269339357936,220,60,207,"[56, 45, 322, 237]",1508
TR1_1651703306,8,Hwei,3,4,7,8,1.71,10560,17,26999,28737,2753,18456,0.07171713700436405,0.08122754166507926,200,11,97,"[32, 219, 102, 322]",1508
TR1_1651703306,9,Jinx,8,5,6,3,1.33,9533,17,34828,25496,4206,15204,0.20197212489326585,0.11488846844878786,90,8,40,"[305, 48, 49]",1508
TR1_1651703306,10,Rammus,1,2,3,2,1.33,4350,11,9337,20454,4846,14366,0.05415003725144179,0.09216708369057086,49,0,9,"[60, 243]",1508
TR1_1651703306,11,Vayne,1,3,4,0,0.75,4850,11,11242,10292,1925,4293,0.06519608545192325,0.04637886318726623,61,24,30,"[324, 195]",1508
TR1_1651703306,12,Zilean,8,4,6,5,1.5,9540,17,25234,35681,15240,18842,0.14633236409192632,0.1607809966331378,294,28,41,"[171, 35, 60]",1508
TR1_1651703306,13,Rammus,4,10,6,8,3.0,16318,18,34090,77301,29913,268306,0.09055538154817427,0.21849734757069847,305,0,119,"[42, 18, 181, 136]",1508
TR1_1651703306,14,Amumu,4,10,10,6,1.6,16290,18,46454,80235,18978,138521,0.1233951606357908,0.22679031407701888,286,37,126,"[237, 156, 34, 102]",1508
TR1_1651703306,15,Rammus,5,8,6,4,2.0,12328,17,32113,40447,10293,96053,0.08530313943141941,0.11432830761205146,202,0,47,"[85, 41, 105, 39]",1508
TR1_1651703306,16,Malzahar,5,7,9,8,1.67,11035,17,49369,30397,4738,21763,0.13113959934639632,0.08592135032888906,371,68,101,"[97, 219, 205, 172]",1508
TR1_1651385602,1,Renekton,6,13,5,10,4.6,19752,18,57231,80724,32264,92019,0.11135491613130276,0.1418127476040485,350,0,42,"[321, 165, 64, 2, 214]",1657
TR1_1651385602,2,Mordekaiser,7,10,5,20,6.0,23255,18,73900,75405,66169,242707,0.14378746100790066,0.13246761911069335,422,0,22,"[118, 165, 129, 13, 60]",1657
TR1_1651385602,3,Kayle,5,3,9,1,0.44,7700,13,14492,21205,5541,12550,0.06535292838873076,0.08425989239310407,123,49,118,"[29, 165, 21]",1657
TR1_1651385602,4,Talon,2,1,8,4,0.62,11552,15,16113,20066,3031,31961,0.07266096252130015,0.07973323058508358,224,24,113,"[318, 165, 241, 63]",1657
TR1_1651385602,5,Caitlyn,2,7,9,1,0.89,11194,15,30987,24165,3471,15263,0.1397356683121974,0.09602104412383147,163,19,67,"[38, 165, 227, 16]",1657
TR1_1651385602,6,Twitch,6,13,12,12,2.08,18250,18,66941,43070,10339,20806,0.13024653239900452,0.07566457263042596,99,2,19,"[217, 165, 103, 52, 305]",1657
TR1_1651385602,7,Alistar,3,2,7,10,1.71,10754,17,17077,86970,35233,108421,0.03322793338878957,0.15278440475343227,192,0,45,"[2, 165, 67, 13, 138]",1657
TR1_1651385602,8,Kennen,3,11,13,0,0.85,11061,17,58212,41181,6161,45302,0.11326363119042045,0.07234493046810275,376,57,80,"[133, 165, 103, 180, 322]",1657
TR1_1651385602,9,Nidalee,4,6,7,3,1.29,9750,15,25136,40109,14459,24827,0.11335350387199435,0.15937607942393348,420,18,61,"[313, 165, 113, 198]",1657
TR1_1651385602,10,Graves,5,2,6,3,0.83,7950,13,20134,17043,2632,12544,0.09079630382794794,0.06772160826548908,115,11,67,"[74, 165, 250]",1657
TR1_1651385602,11,Tryndamere,4,4,8,4,1.0,9750,15,25434,30761,8661,33928,0.11469443095976653,0.12223264301836477,114,0,75,"[301, 165, 89, 90]",1657
TR1_1651385602,12,Tristana,7,24,11,8,2.91,20250,18,124189,54160,15165,30165,0.24163409205342795,0.09514605911528312,285,0,17,"[116, 165, 74, 71, 87]",1657
TR1_1651385602,13,Karthus,8,14,13,9,1.77,22751,18,91417,61073,8928,89053,0.17787067370333845,0.10729026291985075,538,6,20,"[180, 165, 223, 24, 56]",1657
TR1_1651385602,14,Shen,1,7,5,9,3.2,11052,16,28141,63167,5515,104903,0.12690409138522737,0.2509949209587338,254,0,192,"[64, 165, 152, 24]",1657
TR1_1651385602,15,Zeri,1,10,13,6,1.23,11050,16,61316,35147,7100,26246,0.27650211073283554,0.13966058123145975,758,409,829,"[71, 165, 217, 107]",1657
TR1_1651385602,16,Alistar,8,10,6,14,4.0,21854,18,24985,126648,65845,310789,0.04861476012581566,0.22248940339816328,368,0,44,"[313, 165, 5, 67, 136]",1657
TR1_1651278914,1,DrMundo,4,15,7,5,2.86,21750,18,151544,194114,67453,315336,0.20544617927211448,0.29011864435960694,279,39,94,"[193, 322, 251, 13]",1748
TR1_1651278914,2,Khazix,4,6,14,8,1.0,25075,18,48324,67080,10307,55604,0.06551294448940392,0.10025676163582284,494,31,130,"[233, 44, 221, 82]",1748
TR1_1651278914,3,Karma,7,0,6,8,1.33,10300,16,32160,65736,51247,74593,0.14076321860587637,0.2120116888715024,315,203,302,"[219, 326, 37]",1748
TR1_1651278914,4,Zed,8,5,7,10,2.14,20500,18,56318,51093,27571,69984,0.07634965423169464,0.0763633930068454,396,51,96,"[58, 12, 214, 92]",1748
TR1_1651278914,5,Lucian,3,7,9,5,1.33,17475,17,44821,29125,6410,27164,0.19617842772562763,0.0939338903756238,220,8,24,"[195, 17, 206, 63]",1748
TR1_1651278914,6,Pantheon,3,6,6,5,1.83,12900,17,38032,31131,1618,39309,0.16646497668012558,0.1004040895793727,158,4,22,"[219, 181, 218, 238]",1748
TR1_1651278914,7,Annie,5,6,11,3,0.82,12550,16,24009,27047,1674,18238,0.10508749072810147,0.08723099442329685,408,0,38,"[228, 171, 97]",1748
TR1_1651278914,8,Camille,2,13,5,15,5.6,23500,18,110930,161384,103325,199677,0.15038759863981033,0.24120128414621003,659,3,101,"[66, 305, 138, 23]",1748
TR1_1651278914,9,Nidalee,2,17,6,10,4.5,23500,18,100369,59432,43386,32810,0.136069613725908,0.08882601526639905,807,17,89,"[219, 171, 32, 217]",1748
TR1_1651278914,10,Akshan,6,19,5,3,4.4,26175,18,80008,37668,14125,35630,0.10846658149214813,0.05629882302827568,383,6,52,"[323, 87, 28, 74]",1748
TR1_1651278914,11,Katarina,6,7,11,15,2.0,24300,18,89426,47814,6480,65862,0.12123377785049529,0.07146289036653487,158,2,46,"[48, 226, 205, 92]",1748
TR1_1651278914,12,Ornn,1,4,8,1,0.62,7200,14,13124,22942,2384,28769,0.05744614583713881,0.07399299286789915,134,12,26,"[224, 136, 93]",1748
TR1_1651278914,13,JarvanIV,1,1,7,4,0.71,8200,14,10609,33661,4130,34751,0.046436522220150746,0.10856449450762036,118,0,15,"[41, 7, 108]",1748
TR1_1651278914,14,Ahri,8,12,13,3,1.15,23750,18,100711,50497,10069,58739,0.1365336502984252,0.0754721881903052,369,73,135,"[234, 205, 129]",1748
TR1_1651278914,15,Vex,5,5,7,6,1.57,11050,16,38963,26638,3072,34361,0.1705386215796826,0.08591395640087741,370,50,96,"[30, 46, 32]",1748
TR1_1651278914,16,Zac,7,8,9,0,0.89,10350,16,26750,73778,60639,75257,0.11708459662329677,0.2379478929738073,168,14,128,"[123, 237, 242]",1748
TR1_1651277339,1,Ivern,1,4,6,7,1.83,14630,16,30428,26222,5229,30877,0.04823697969917485,0.0382608529521981,274,11,39,"[217, 234, 5]",1485
TR1_1651277339,2,Cassiopeia,1,6,7,2,1.14,14359,17,33504,29360,4560,21939,0.0531120591514206,0.042839015850447006,427,10,66,"[38, 243, 16]",1485
TR1_1651277339,3,Sion,7,12,4,19,7.75,25510,18,72504,177544,21806,295898,0.11493614536808161,0.2590530267166165,225,26,255,"[68, 6, 98, 41]",1485
TR1_1651277339,4,Akali,8,4,6,2,1.0,11550,15,28466,20875,5043,16729,0.20234984463462935,0.13251634046335414,164,0,7,"[16, 174, 180]",1485
TR1_1651277339,5,Olaf,3,2,6,4,1.0,13100,15,28739,28488,17024,40383,0.20429099676370172,0.18083620407789314,344,16,107,"[154, 79, 23]",1485
TR1_1651277339,6,Malphite,3,5,6,2,1.17,11550,15,21243,20333,971,18519,0.15100613619085324,0.1290740846761263,188,0,24,"[65, 48, 312]",1485
TR1_1651277339,7,Katarina,4,3,7,1,0.57,9950,14,8848,17489,2208,14042,0.06289565861995514,0.11102177181687525,109,0,39,"[92, 62, 129]",1485
TR1_1651277339,8,Ornn,5,9,6,14,3.83,28650,18,117466,214853,106439,373087,0.1862115795764701,0.31349148222598094,221,24,156,"[2, 41, 151, 18]",1485
TR1_1651277339,9,Draven,2,2,4,2,1.0,6379,9,6527,7195,952,2753,0.0463990240010713,0.04567409556719077,51,0,6,[61],1485
TR1_1651277339,10,Kennen,2,2,3,2,1.33,6100,9,7954,7138,1546,2569,0.056539804282848584,0.045312732787863276,102,0,5,[312],1485
TR1_1651277339,11,Sylas,6,8,5,4,2.4,18670,18,62086,58108,28632,47781,0.09842141021585685,0.0847851535306798,304,39,120,"[65, 1, 311, 195]",1485
TR1_1651277339,12,KSante,4,1,6,3,0.67,9750,14,19894,37821,4254,55647,0.14141333105710022,0.24008198307829606,229,0,19,"[118, 18, 238]",1485
TR1_1651277339,13,MissFortune,7,21,13,7,2.15,24745,18,189797,96345,59062,63557,0.30087370193115137,0.14057699569388063,166,77,1043,"[82, 134, 52, 225]",1485
TR1_1651277339,14,Jax,8,2,7,3,0.71,11250,15,19006,18192,5253,20779,0.13510520444984045,0.1154827875324011,118,0,5,"[227, 79, 36]",1485
TR1_1651277339,15,Kayn,6,4,5,6,2.0,18000,18,26769,32726,8767,29882,0.04243520558902916,0.04775125643119986,304,0,34,"[63, 19, 103, 27]",1485
TR1_1651277339,16,Pyke,5,14,10,9,2.3,25700,18,98264,50197,21507,68198,0.15577291846881547,0.07324221659899714,201,14,120,"[63, 310, 116, 27]",1485
TR1_1651274150,1,Braum,1,2,9,10,1.33,14250,18,24711,48696,9223,77384,0.05942757306967141,0.10292296643208432,194,9,72,"[94, 115, 13, 49]",1513
TR1_1651274150,2,Riven,1,11,6,2,2.17,12750,18,47590,49505,28139,111739,0.11445001719899214,0.10463180792122995,484,3,90,"[98, 310, 2, 232]",1513
TR1_1651274150,3,Zed,6,7,6,3,1.67,10500,16,32712,20742,2133,13236,0.151959503624869,0.10652532593168285,334,27,64,"[154, 48, 92]",1513
TR1_1651274150,4,Thresh,5,2,4,1,0.75,4000,9,8881,11247,1230,6969,0.04125577312114266,0.05776200403456299,95,0,35,[231],1513
TR1_1651274150,5,Blitzcrank,7,4,8,8,1.5,13000,18,35629,77984,15453,114436,0.08568594110046579,0.1648251177869854,458,24,116,"[313, 18, 118, 181]",1513
TR1_1651274150,6,Zed,3,9,9,4,1.44,12875,16,38661,29150,13908,28508,0.17959614124494136,0.14970453035402465,435,37,114,"[133, 234, 47]",1513
TR1_1651274150,7,Talon,3,4,7,8,1.71,13000,23,37333,27779,4944,35981,0.17342830421812472,0.14266425133591976,327,65,221,"[82, 96, 150]",1513
TR1_1651274150,8,Talon,8,11,11,5,1.45,19500,18,68371,78750,32952,98632,0.16442641376464606,0.16644254806264266,476,36,233,"[82, 228, 68, 73]",1513
TR1_1651274150,9,Taric,5,1,5,1,0.4,4100,9,6307,10622,2918,6466,0.029299988594830958,0.054553192716056784,94,0,20,[192],1513
TR1_1651274150,10,Irelia,7,10,8,1,1.38,13425,18,40753,70449,39891,80883,0.09800811607928663,0.14889963648562507,341,37,189,"[63, 88, 107, 305]",1513
TR1_1651274150,11,Leblanc,2,7,7,6,1.86,11800,17,22874,30280,5971,14081,0.10626103587106442,0.1555088248705631,302,13,44,"[129, 219, 217, 305]",1513
TR1_1651274150,12,Akali,2,7,8,7,1.75,10800,17,34335,34828,7253,18003,0.15950195816558954,0.17886237608872713,276,0,16,"[238, 219, 215, 187]",1513
TR1_1651274150,13,Aurora,4,12,5,6,3.6,25208,18,103796,30038,12985,25674,0.24961869379036322,0.06348827873894516,929,103,179,"[38, 156, 133, 205]",1513
TR1_1651274150,14,Ornn,8,7,4,8,3.75,18000,18,43728,88937,32564,305226,0.10516236886164805,0.18797428106870095,262,22,255,"[152, 18, 312, 136]",1513
TR1_1651274150,15,Khazix,4,7,6,11,3.0,23260,18,51237,28773,11742,95295,0.12322087613492669,0.06081536350378653,250,17,118,"[84, 234, 89, 32]",1513
TR1_1651274150,16,Ahri,6,5,5,6,2.2,11300,16,34162,30068,7758,12605,0.1586972951594373,0.15441949466846275,276,45,125,"[238, 243, 16]",1513
TR1_1651265811,1,Caitlyn,2,8,9,11,2.11,20250,18,63478,33483,3525,25325,0.14244335823100862,0.08507336721735749,122,18,22,"[34, 71, 220, 77]",1325
TR1_1651265811,2,Darius,2,12,6,6,3.0,16770,18,56001,63313,19876,77688,0.1256651384302118,0.1608644265067775,277,0,10,"[181, 154, 233, 318]",1325
TR1_1651265811,3,Mordekaiser,7,11,9,8,2.11,14000,18,55519,62056,39240,100700,0.12458351129664023,0.1576694681567507,286,0,1,"[187, 211, 48, 47]",1325
TR1_1651265811,4,Garen,5,13,9,5,2.0,18295,18,54508,24957,2098,27624,0.12231556194632279,0.06341066887838608,140,0,17,"[7, 250, 310, 227]",1325
TR1_1651265811,5,Teemo,1,4,5,6,2.0,10300,15,22021,15309,2154,8067,0.11555414963848773,0.05964055418021962,109,0,5,"[105, 238, 14]",1325
TR1_1651265811,6,Brand,1,6,6,3,1.5,11800,16,29638,22847,2695,13368,0.15552170133583582,0.08900279358062314,159,9,15,"[324, 195, 234]",1325
TR1_1651265811,7,Sett,6,3,6,2,0.83,7200,14,24642,52747,15739,80281,0.12930283861361955,0.20548294864624508,117,0,4,"[138, 118, 53]",1325
TR1_1651265811,8,Swain,5,6,6,12,3.0,14150,18,29044,52075,16312,33871,0.06517491132922947,0.1323113539746716,300,7,26,"[97, 13, 193, 198]",1325
TR1_1651265811,9,Yasuo,8,2,6,1,0.5,8200,13,10641,15740,1920,16941,0.05584059839731228,0.061317140805794514,120,2,3,"[324, 234]",1325
TR1_1651265811,10,Shen,3,4,10,8,1.2,10510,17,39044,75375,10699,119311,0.2048780709273261,0.293628693872094,178,0,11,"[37, 152, 62, 67]",1325
TR1_1651265811,11,Hwei,3,8,7,4,1.71,10500,17,39218,27316,5026,20151,0.20578912486446888,0.10641523325139751,268,20,37,"[44, 65, 195, 70]",1325
TR1_1651265811,12,Rengar,8,1,6,2,0.5,6700,13,12749,16758,4170,12525,0.06689899006664148,0.06528242841105367,111,0,2,"[9, 116]",1325
TR1_1651265811,13,Mordekaiser,4,11,4,9,5.0,20010,18,82237,57584,45218,74213,0.18453788171877508,0.14630674577597003,256,0,6,"[60, 23, 193, 118]",1325
TR1_1651265811,14,Taric,6,2,10,2,0.4,7200,14,12618,30606,11856,45710,0.06621452615630821,0.11923020725257245,233,0,5,"[76, 141, 15]",1325
TR1_1651265811,15,Malphite,7,11,7,10,3.0,17000,18,59950,46144,11436,124484,0.13452675677050083,0.11724219923482257,347,0,0,"[171, 68, 30, 318]",1325
TR1_1651265811,16,Garen,4,11,7,7,2.57,17875,18,44899,53969,19034,75701,0.10075288027731119,0.13712177025526398,178,0,4,"[22, 313, 41, 52]",1325
TR1_1650680585,1,Rakan,4,7,7,18,3.57,23550,18,44342,67325,39654,144377,0.11100099498580115,0.17398178780989393,263,41,93,"[221, 136, 12, 88]",1538
TR1_1650680585,2,Chogath,4,18,5,7,5.0,25777,18,72113,84972,26194,313043,0.18051960682523063,0.21958506451255166,203,0,70,"[232, 25, 226, 18]",1538
TR1_1650680585,3,Nidalee,8,7,7,0,1.0,12600,15,28746,32218,13561,21131,0.19824877718802134,0.18617739982174264,280,21,42,"[242, 32, 49]",1538
TR1_1650680585,4,Blitzcrank,6,2,6,1,0.5,9009,14,17877,22140,3689,27856,0.12329238595386581,0.1279399676639543,155,12,46,"[57, 87, 42]",1538
TR1_1650680585,5,Akali,8,0,9,5,0.56,12100,15,16033,30478,3480,16666,0.11057310477562372,0.17612382524251294,184,0,11,"[17, 73, 205]",1538
TR1_1650680585,6,Neeko,2,6,5,8,2.8,22023,18,46878,38630,8251,58928,0.11734777701921717,0.09982799196696907,369,20,38,"[218, 22, 51, 225]",1538
TR1_1650680585,7,Tristana,2,9,6,6,2.5,22381,18,36990,24798,5650,13560,0.09259718986377453,0.06408517130212558,112,0,4,"[170, 305, 69, 81]",1538
TR1_1650680585,8,MonkeyKing,7,3,10,6,0.9,12550,17,21006,24720,1168,21033,0.14486721360961752,0.14284954431443445,181,0,5,"[46, 108, 322, 48]",1538
TR1_1650680585,9,Kayle,6,2,7,2,0.57,9512,14,14065,17261,4667,8328,0.09700348919964191,0.09974563278695617,82,8,30,"[87, 305, 237]",1538
TR1_1650680585,10,Kaisa,5,0,4,0,0.0,5512,9,4648,7132,174,1690,0.032060664388772614,0.04121556503320844,56,0,3,[22],1538
TR1_1650680585,11,Pantheon,3,12,6,2,2.33,19875,18,53059,35838,7528,31342,0.13282092389214226,0.0926145323984466,137,1,6,"[32, 171, 80, 19]",1538
TR1_1650680585,12,Taric,3,2,5,12,2.8,15259,18,24338,42417,21207,87590,0.06092496150216357,0.10961549515001305,242,0,10,"[76, 326, 237, 15]",1538
TR1_1650680585,13,Kaisa,7,8,5,3,2.2,12878,17,36531,25586,6055,18367,0.2519400332814391,0.1478545263541233,255,6,12,"[206, 207, 9, 41]",1538
TR1_1650680585,14,Zyra,1,4,8,15,2.38,25350,18,46936,37656,5391,29916,0.11749481400539956,0.0973102856822487,333,12,69,"[44, 80, 308, 86]",1538
TR1_1650680585,15,Cassiopeia,1,17,5,4,4.2,26110,18,74820,55328,17698,63024,0.1872937319062711,0.1429796711777514,1118,128,316,"[56, 218, 37, 30]",1538
TR1_1650680585,16,Chogath,5,0,4,0,0.0,5606,9,6092,13514,366,2728,0.042014331603018,0.0780935387830678,40,0,6,[97],1538
TR1_1650674419,1,Ivern,8,1,3,2,1.0,4100,9,4959,7314,1255,4840,0.03443257780210394,0.04245572830548025,72,4,9,[136],1575
TR1_1650674419,2,Mel,6,15,5,2,3.4,16826,18,55666,29694,7656,28738,0.12175148042841659,0.06871377117940093,202,148,367,"[44, 86, 97, 180]",1575
TR1_1650674419,3,Elise,6,4,8,15,2.38,16760,18,54208,41175,9935,42344,0.11856387155328331,0.09527963105840538,334,1,98,"[32, 219, 97, 217]",1575
TR1_1650674419,4,Khazix,7,3,6,4,1.17,12601,16,24090,26656,7062,22106,0.0526900901783742,0.06168343974669487,152,8,14,"[17, 53, 207]",1575
TR1_1650674419,5,Shen,5,11,7,14,3.57,21611,18,46761,73415,9157,202632,0.10227450483186769,0.1698830210497174,196,0,20,"[22, 41, 181, 74]",1575
TR1_1650674419,6,Olaf,3,10,5,11,4.2,23223,18,85249,80512,47744,89068,0.18645535779392702,0.18630645175227986,273,24,65,"[120, 79, 80, 92]",1575
TR1_1650674419,7,Evelynn,3,16,6,9,4.17,23127,18,80861,51460,11218,31378,0.17685758774803367,0.1190803624349101,420,25,71,"[32, 310, 120, 129]",1575
TR1_1650674419,8,Pantheon,7,5,8,3,1.0,11015,16,30523,24164,5339,24866,0.06676006271190589,0.05591644496538416,148,1,14,"[93, 48, 187]",1575
TR1_1650674419,9,Shaco,1,7,6,4,1.83,12299,16,21676,27952,6596,21350,0.1505025081538698,0.1622340972808754,261,0,16,"[40, 78, 105]",1575
TR1_1650674419,10,Twitch,1,3,8,7,1.25,12580,16,38895,30767,6405,16521,0.2700563147716902,0.17857671487569818,94,3,22,"[46, 115, 207]",1575
TR1_1650674419,11,Smolder,2,1,8,1,0.25,7235,13,18986,26956,8303,17173,0.13182767347353458,0.15645831012235606,212,31,46,"[324, 224]",1575
TR1_1650674419,12,Milio,2,1,6,3,0.67,6710,13,11452,18700,11625,26676,0.07951778169719338,0.10853791303191607,231,41,61,"[237, 18]",1575
TR1_1650674419,13,Ornn,8,2,3,0,0.67,4000,9,8052,9447,1161,9327,0.05590746129025618,0.05483522760744416,56,5,23,[218],1575
TR1_1650674419,14,Sylas,4,5,7,2,1.0,9047,15,23942,26088,7091,37439,0.16623365866363296,0.15141654932266863,258,25,66,"[218, 30, 320]",1575
TR1_1650674419,15,Janna,4,2,8,7,1.12,10855,15,16062,25066,8906,28414,0.11152202414771899,0.14548545945356123,228,32,51,"[324, 234, 94]",1575
TR1_1650674419,16,Vladimir,5,12,6,13,4.17,23193,18,79850,105072,144271,117870,0.17464704475419163,0.2431368778132073,515,0,39,"[105, 156, 138, 70]",1575
TR1_1650667190,1,Ahri,6,7,7,3,1.43,12262,16,25382,34714,12088,19208,0.06655740686753502,0.09400305988475724,201,46,77,"[133, 20, 30]",1520
TR1_1650667190,2,Lucian,1,16,12,2,1.5,19985,18,113414,54757,16901,56902,0.2973905130322345,0.14827997825470235,219,12,46,"[84, 36, 82, 71]",1520
TR1_1650667190,3,Lulu,1,2,7,16,2.57,19510,18,16492,33479,21388,67600,0.04324564914279597,0.0906606303281362,295,32,66,"[24, 141, 223, 198]",1520
TR1_1650667190,4,Kaisa,2,2,3,0,0.67,3756,9,6436,7958,1387,2437,0.05046531327198705,0.05433788650440255,34,3,6,[20],1520
TR1_1650667190,5,Maokai,2,0,3,2,0.67,3750,9,6160,8619,733,4125,0.04829765619082628,0.05885413064428206,36,2,11,[313],1520
TR1_1650667190,6,Brand,7,8,7,3,1.57,13668,23,47472,39346,4539,37452,0.12447951375949506,0.10654714562927096,314,1,22,"[92, 238, 133, 312]",1520
TR1_1650667190,7,Aatrox,3,4,5,2,1.2,6969,12,11449,22097,8562,15005,0.08976581370213674,0.15088004597396035,119,6,10,"[67, 90]",1520
TR1_1650667190,8,Tristana,3,3,6,2,0.83,6966,12,14954,13791,2454,5808,0.11724081322994326,0.09417080448479491,66,0,1,"[74, 36]",1520
TR1_1650667190,9,Gnar,4,2,6,1,0.5,7450,13,11643,23077,1084,16689,0.09128134996237343,0.15757039475124174,106,8,25,"[152, 94]",1520
TR1_1650667190,10,Zed,4,1,6,2,0.5,7452,13,11642,17270,1684,8815,0.09127565378163276,0.11792086118293431,159,12,21,"[16, 89]",1520
TR1_1650667190,11,Zyra,8,12,6,12,4.0,21250,18,59441,47099,10447,57474,0.15586607933255175,0.12754131056772502,382,29,74,"[208, 79, 54, 81]",1520
TR1_1650667190,12,Xerath,5,6,6,5,1.83,10557,15,28855,28213,6448,23502,0.22622684995394018,0.19264370959210494,282,8,18,"[311, 123, 151]",1520
TR1_1650667190,13,Yasuo,5,8,8,5,1.62,10618,15,36409,25428,7662,35239,0.2854465499071603,0.17362216686627913,282,0,15,"[107, 225, 52]",1520
TR1_1650667190,14,Anivia,6,3,7,6,1.29,12553,16,23604,41815,2089,32573,0.061895306271630396,0.11323369719760272,349,19,35,"[151, 154, 48]",1520
TR1_1650667190,15,Zed,7,5,8,5,1.25,13260,17,38306,25852,3646,19674,0.10044615462177155,0.07000690801989466,269,10,25,"[82, 2, 84, 223]",1520
TR1_1650667190,16,Yorick,8,15,3,11,8.67,18750,18,57250,92220,64972,80240,0.15011937697198574,0.24972727011791085,512,12,83,"[103, 23, 243, 74]",1520
TR1_1650656737,1,Gragas,1,2,5,16,3.6,27662,18,25697,29744,9955,37449,0.0770688830146641,0.1128992838513587,441,5,49,"[187, 85, 151, 89]",1545
TR1_1650656737,2,Akshan,1,16,4,2,4.5,27136,18,54293,28544,11118,22805,0.1628333356861734,0.10834193657539365,165,14,49,"[324, 225, 115, 48]",1545
TR1_1650656737,3,Ornn,2,2,7,4,0.86,10360,13,22489,29538,6270,90071,0.1325193185830746,0.1153549810027844,151,23,61,"[218, 44]",1545
TR1_1650656737,4,Yone,2,4,11,0,0.36,9281,13,23357,32888,1950,33057,0.13763838962965708,0.12843718454722733,176,6,42,"[120, 105]",1545
TR1_1650656737,5,Samira,8,2,7,0,0.29,8718,12,8295,13713,719,3770,0.048883801836980365,0.053556265197976516,36,4,15,"[9, 138]",1545
TR1_1650656737,6,Lillia,6,9,7,2,1.57,14067,16,37647,28258,12099,16895,0.11291024426755904,0.10725947078062925,214,13,36,"[205, 38, 320]",1545
TR1_1650656737,7,Orianna,6,2,6,9,1.83,13085,16,33710,21084,3505,24534,0.1011019082196731,0.0800295887970302,288,28,25,"[324, 30, 48]",1545
TR1_1650656737,8,Ashe,8,1,5,2,0.6,8458,12,10232,11939,2098,3927,0.060298042075679376,0.04662845579188214,60,11,84,"[22, 17]",1545
TR1_1650656737,9,Lissandra,3,7,7,4,1.57,9720,15,20400,26342,5612,45373,0.12021123684840822,0.1028751837288402,199,44,78,"[324, 156, 123]",1545
TR1_1650656737,10,Ambessa,3,4,9,7,1.22,9749,14,33503,22268,3643,28422,0.19742481347496582,0.08696588568057687,181,0,29,"[324, 58, 48]",1545
TR1_1650656737,11,Hecarim,7,6,6,3,1.5,11790,16,22544,36747,22207,41298,0.13284338719626523,0.14351091829520382,207,0,39,"[206, 237, 227]",1545
TR1_1650656737,12,Urgot,5,10,6,11,3.5,26484,18,50448,40372,8847,55409,0.15130185764435097,0.15323699728523982,230,18,55,"[51, 39, 250, 84]",1545
TR1_1650656737,13,Pyke,4,10,4,7,4.25,27512,18,26349,32288,12600,38277,0.07902461443639006,0.1225553558597497,320,35,68,"[73, 26, 63, 82]",1545
TR1_1650656737,14,Malzahar,4,8,7,10,2.57,22418,18,55695,39387,9730,20577,0.16703888986875076,0.1494984326311622,450,0,19,"[97, 44, 68, 133]",1545
TR1_1650656737,15,Warwick,7,5,6,3,1.33,13254,15,28880,82624,30661,69930,0.1701810103549693,0.3226711257555087,120,0,22,"[181, 37, 2]",1545
TR1_1650656737,16,Naafiri,5,13,6,6,3.17,26754,18,49587,43781,25694,50859,0.14872026686243858,0.1661789342194365,205,0,79,"[112, 308, 211, 63]",1545
TR1_1650651001,1,Khazix,8,1,7,5,0.86,12800,16,19472,22405,4234,9447,0.11769535308119551,0.13700946273875714,147,17,85,"[32, 84, 35]",1265
TR1_1650651001,2,Xerath,5,1,6,5,1.0,9700,14,19509,15832,882,8498,0.11791940341013124,0.09681476125117404,240,14,20,"[69, 133, 86]",1265
TR1_1650651001,3,Annie,5,6,7,1,1.0,10700,14,24414,14711,505,6621,0.1475692693754071,0.08995915909185383,237,0,12,"[40, 223, 1]",1265
TR1_1650651001,4,Ashe,8,7,5,1,1.6,12550,16,26430,19657,3207,10863,0.15975182745808497,0.12020535461457021,126,22,207,"[22, 52, 115]",1265
TR1_1650651001,5,Soraka,7,3,7,11,2.0,16500,18,32806,40639,65324,29426,0.09249108463919298,0.10987150429355823,377,22,159,"[76, 65, 15, 322]",1265
TR1_1650651001,6,Vex,1,6,9,2,0.89,18780,15,32046,29885,6045,30600,0.19369594220641892,0.1827490918617702,324,50,76,"[60, 154, 243]",1265
TR1_1650651001,7,Bard,1,4,6,5,1.5,12250,15,21299,26663,12834,16867,0.12873925525854824,0.16304708907736018,122,18,46,"[170, 211, 79]",1265
TR1_1650651001,8,Nilah,4,0,7,1,0.14,8200,12,7956,16537,6332,26083,0.048091696566605495,0.10112842493395674,110,0,27,"[222, 63]",1265
TR1_1650651001,9,KSante,4,1,6,0,0.17,8250,12,14317,17839,1818,40446,0.08653725264360854,0.10908665643055765,134,0,28,"[324, 53]",1265
TR1_1650651001,10,Sylas,6,5,1,17,22.0,20500,18,38635,32598,12241,33253,0.10892322607911901,0.0881307152477718,338,17,54,"[221, 30, 51]",1265
TR1_1650651001,11,Aatrox,2,10,6,5,2.5,19550,18,46987,64404,35196,41471,0.13247069660287752,0.17412159111212724,191,7,51,"[17, 92, 41, 32]",1265
TR1_1650651001,12,Evelynn,2,6,8,8,1.75,16550,18,51343,42957,9317,34578,0.14475162187648236,0.11613783882970591,273,29,68,"[105, 98, 48, 46]",1265
TR1_1650651001,13,Lulu,7,11,5,3,2.8,15005,18,30644,62530,14087,45704,0.08639489306627368,0.16905523184904994,162,23,144,"[138, 152, 220, 80]",1265
TR1_1650651001,14,Blitzcrank,3,8,7,8,2.29,18300,18,49839,41647,5696,29092,0.14050940774974666,0.11259707430702671,367,19,60,"[26, 103, 30, 56]",1265
TR1_1650651001,15,Mordekaiser,3,8,7,7,2.14,18800,18,38122,51111,18150,44674,0.10747661950957726,0.1381815153380387,241,0,28,"[17, 150, 53, 44]",1265
TR1_1650651001,16,Quinn,6,19,2,4,11.5,21675,26,66323,33994,16183,33119,0.18698245047673054,0.09190452902272143,127,7,23,"[324, 96, 134, 89]",1265
TR1_1647391020,1,Vi,2,8,6,2,1.67,15925,16,26537,16685,1317,14945,0.15555762143284593,0.09473561655013137,73,0,17,"[310, 227]",1321
TR1_1647391020,2,KogMaw,2,4,5,6,2.0,13300,16,25513,20074,4353,15622,0.14955603164868037,0.11397747647253698,176,5,16,"[220, 84, 28]",1321
TR1_1647391020,3,Kennen,6,5,7,4,1.29,13250,15,13814,26867,2293,45120,0.08097582706042543,0.15254762719516854,116,33,46,"[125, 180, 205]",1321
TR1_1647391020,4,XinZhao,7,12,8,6,2.25,23260,18,48168,48778,31679,120699,0.15266825244637522,0.15654355747660678,160,0,44,"[234, 52, 138, 129]",1321
TR1_1647391020,5,Urgot,4,7,6,1,1.33,12550,14,17174,18154,2911,47385,0.10067253846491146,0.10307727193276675,124,3,23,"[234, 74, 206]",1321
TR1_1647391020,6,Jhin,4,2,7,5,1.0,10000,14,18287,21050,5493,14362,0.10719717937530389,0.11951990918747367,184,2,19,"[48, 231, 105]",1321
TR1_1647391020,7,Pantheon,1,7,8,3,1.25,12625,15,24879,27837,9180,24649,0.14584017734691515,0.15805735723385528,205,0,16,"[48, 89, 138]",1321
TR1_1647391020,8,Morgana,1,4,8,6,1.25,13000,15,17022,25752,6550,42994,0.09978321645416308,0.14621857812312278,142,3,19,"[234, 180, 12]",1321
TR1_1647391020,9,Tristana,8,12,6,4,2.67,23010,18,49479,28224,5243,32101,0.15682289681459044,0.09057970782843087,83,0,2,"[115, 71, 22, 223]",1321
TR1_1647391020,10,Lillia,3,9,8,6,1.88,14250,17,50750,46097,18727,53362,0.16085253278169512,0.14794195190557993,199,11,37,"[156, 133, 214, 301]",1321
TR1_1647391020,11,Ryze,3,8,10,5,1.3,18750,17,41490,37545,5034,56853,0.13150269711784818,0.12049492547343249,438,66,114,"[219, 223, 218, 24]",1321
TR1_1647391020,12,Kaisa,6,5,5,5,2.0,12050,15,27366,19702,3416,14574,0.16041740821675468,0.11186616330494466,115,4,12,"[220, 47, 87]",1321
TR1_1647391020,13,Yasuo,5,11,6,1,2.0,13010,17,33033,32053,12675,43619,0.10469812015629974,0.10286779816866964,93,2,12,"[225, 312, 49, 77]",1321
TR1_1647391020,14,Warwick,8,6,9,10,1.78,18000,18,34694,44293,17822,67935,0.10996429559743799,0.14215036578956575,90,0,8,"[225, 82, 187, 107]",1321
TR1_1647391020,15,Kennen,5,3,8,9,1.5,14010,17,21225,38156,3558,27484,0.0672742485176052,0.1224549438170991,300,16,31,"[88, 238, 322, 16]",1321
TR1_1647391020,16,Morgana,7,9,5,11,4.0,22045,18,36667,36446,9231,31553,0.1162169565681481,0.11696674954061541,441,34,73,"[45, 103, 136, 84]",1321
TR1_1647384359,1,Caitlyn,5,8,10,8,1.6,19988,18,63318,49734,19054,48703,0.13554525510139231,0.1034166604989129,134,18,36,"[220, 234, 134, 82]",1363
TR1_1647384359,2,Fizz,5,8,7,8,2.29,14755,18,43039,47729,17396,37803,0.0921351960113377,0.09924796832891475,163,6,49,"[62, 58, 123, 133]",1363
TR1_1647384359,3,Tristana,2,7,5,6,2.6,10765,15,32058,18777,4621,13073,0.12862205006800942,0.07817328315015194,97,0,5,"[225, 115, 79]",1363
TR1_1647384359,4,Samira,2,6,6,7,2.17,10749,15,30040,21788,4652,16920,0.12052466590350426,0.09070854052824975,170,16,27,"[195, 62, 134]",1363
TR1_1647384359,5,Illaoi,3,4,10,7,1.1,10775,17,36101,70809,16334,76419,0.07728356001356669,0.14723995347640054,168,11,31,"[224, 41, 11, 116]",1363
TR1_1647384359,6,Chogath,3,8,6,4,2.0,10825,17,41018,69353,13745,178181,0.08780817741332332,0.14421310259631134,252,0,14,"[125, 18, 35, 301]",1363
TR1_1647384359,7,Sejuani,1,6,6,1,1.17,8250,14,30351,17899,4403,21785,0.12177029495022802,0.07451763192321384,157,3,17,"[156, 30, 208]",1363
TR1_1647384359,8,Draven,1,1,7,6,1.0,7605,14,18371,18172,2168,10225,0.0737087026486404,0.0756546838152296,188,12,18,"[219, 220, 310]",1363
TR1_1647384359,9,Jax,8,12,5,7,3.8,16002,18,67563,73022,21605,132988,0.14463414740202443,0.15184153098745554,313,0,74,"[81, 54, 216, 321]",1363
TR1_1647384359,10,Renekton,8,8,7,9,2.43,20005,18,62061,89394,16030,122750,0.13285565583404746,0.18588541987847435,177,0,41,"[216, 48, 195, 175]",1363
TR1_1647384359,11,MissFortune,4,14,11,6,1.82,18640,18,72956,34987,7834,24317,0.1561789345594202,0.07275329632594435,219,40,401,"[225, 81, 48, 238]",1363
TR1_1647384359,12,Jax,4,8,5,13,4.2,20007,18,81075,45879,18692,112199,0.17355907366488788,0.09540206790758624,329,0,104,"[58, 53, 228, 241]",1363
TR1_1647384359,13,Seraphine,7,4,7,6,1.43,11065,16,38748,24873,3988,22356,0.1554606108945333,0.10355130173898548,206,54,113,"[86, 30, 48]",1363
TR1_1647384359,14,KSante,7,10,5,4,2.8,11050,16,42003,36942,6953,96097,0.16852129720964432,0.15379722308703778,421,0,50,"[19, 27, 78]",1363
TR1_1647384359,15,DrMundo,6,5,8,2,0.88,7511,14,43499,63227,17780,66339,0.17452267450028883,0.26322448414825383,201,20,37,"[41, 66, 123]",1363
TR1_1647384359,16,Rell,6,2,6,5,1.17,8710,14,14174,38522,3190,103117,0.05686970382515142,0.16037285160887774,177,0,10,"[216, 234, 18]",1363
TR1_1646876252,1,Illaoi,2,1,6,4,0.83,8019,13,17035,34153,11856,55455,0.07695116927759738,0.12278951136128707,122,8,87,"[324, 48]",1595
TR1_1646876252,2,Taliyah,2,4,8,0,0.5,7540,13,21106,15312,1044,10990,0.09533866482992684,0.05505078161828271,236,89,191,"[97, 45]",1595
TR1_1646876252,3,Aurora,1,4,5,3,1.4,9559,16,32593,44789,9043,25509,0.1472245534510549,0.1610281253490025,390,5,25,"[56, 53, 311]",1595
TR1_1646876252,4,Sett,1,4,7,3,1.0,9500,15,26660,50647,16717,56018,0.12042805693134744,0.18209071118744155,101,0,31,"[305, 62, 116]",1595
TR1_1646876252,5,Urgot,6,17,4,4,5.25,18387,18,79823,111421,60027,239248,0.16191488220883044,0.24817309549538263,209,16,41,"[26, 134, 36, 118]",1595
TR1_1646876252,6,Renekton,6,5,13,10,1.15,19623,18,47321,63041,12618,73171,0.09598893945568407,0.14041524195330593,270,0,29,"[17, 219, 84, 238]",1595
TR1_1646876252,7,Nami,7,5,6,13,3.0,14471,18,48758,51415,55232,74556,0.0989024752435983,0.11451898196726161,373,20,88,"[205, 15, 150, 141]",1595
TR1_1646876252,8,Senna,3,10,6,8,3.0,20295,18,82052,34557,23846,24764,0.16643642618352136,0.07697159447828954,214,18,100,"[37, 123, 71, 77]",1595
TR1_1646876252,9,Malzahar,3,9,8,10,2.38,19390,18,57430,46504,10437,51340,0.1164927176818471,0.10358111600081438,486,0,47,"[324, 30, 48, 45]",1595
TR1_1646876252,10,Ashe,8,7,6,8,2.5,21652,18,61381,57247,28328,45951,0.12450694376967922,0.12751028838808584,158,33,344,"[22, 134, 107, 71]",1595
TR1_1646876252,11,Heimerdinger,4,4,7,1,0.71,7505,13,26077,20690,3372,9922,0.11779415726843037,0.07438880517520288,193,22,105,"[226, 48]",1595
TR1_1646876252,12,Kaisa,5,3,8,10,1.62,11274,16,32613,31567,4831,26135,0.14731583816415794,0.11349398545602091,185,9,46,"[305, 225, 82]",1595
TR1_1646876252,13,XinZhao,4,1,6,4,0.83,8261,13,17144,19377,5150,15185,0.07744134710157714,0.06966569305875435,71,0,53,"[7, 234]",1595
TR1_1646876252,14,Vladimir,5,12,5,3,3.0,10790,16,48152,61607,72242,43868,0.21750621297590803,0.22149238679400804,343,0,52,"[102, 41, 211]",1595
TR1_1646876252,15,Kayle,8,8,5,6,2.8,20860,18,41273,27504,10246,17963,0.08372092909009632,0.061261091012864616,205,13,86,"[172, 156, 70, 238]",1595
TR1_1646876252,16,Morgana,7,14,8,5,2.38,14080,18,74953,57274,9877,70297,0.15203668636674322,0.12756859070399545,329,124,242,"[237, 86, 84, 2]",1595
TR1_1646815192,1,Brand,6,7,10,7,1.4,11000,17,23715,36800,2085,25036,0.07435753337484627,0.11609996961446416,303,7,27,"[56, 72, 311, 45, 322]",1394
TR1_1646815192,2,Twitch,8,16,6,3,3.17,25250,18,43291,22841,8832,16289,0.1357335175308367,0.07206141820540386,162,0,12,"[46, 52, 84, 234, 80]",1394
TR1_1646815192,3,Briar,5,7,9,7,1.56,12750,16,54173,46594,48524,63636,0.2776234469971692,0.2284041513707995,152,12,20,"[206, 151, 6]",1394
TR1_1646815192,4,Smolder,6,8,6,6,2.33,11005,17,27911,30537,33562,17486,0.08751210761822172,0.09633969733866936,224,19,26,"[28, 2, 77, 135, 170]",1394
TR1_1646815192,5,Zac,1,5,6,6,1.83,11515,15,19925,38430,43266,40118,0.10211067055050413,0.1883862020370822,136,10,18,"[308, 29, 238, 123]",1394
TR1_1646815192,6,FiddleSticks,1,6,9,5,1.22,11443,15,27657,23843,6984,18320,0.14173748344227682,0.11687946339193675,242,13,7,"[108, 38, 66]",1394
TR1_1646815192,7,AurelionSol,2,5,7,6,1.57,10010,15,27392,16979,6258,13712,0.14038074605792566,0.08323476451494964,120,0,7,"[32, 84, 92, 48]",1394
TR1_1646815192,8,Brand,2,6,6,5,1.83,11510,15,15582,14063,2083,7889,0.07985414790358256,0.06894002873084426,127,11,27,"[172, 16, 98, 30]",1394
TR1_1646815192,9,Gangplank,5,7,6,5,2.0,13169,16,29133,27371,13761,22817,0.14929927575412835,0.13417335671315528,392,0,7,"[44, 23, 61, 48]",1394
TR1_1646815192,10,Lucian,8,4,5,12,3.2,20428,18,27758,24911,7332,19905,0.08703342444208753,0.07859134768092825,123,7,14,"[17, 71, 33, 36, 32]",1394
TR1_1646815192,11,Leblanc,7,6,9,1,0.78,8200,13,10114,14198,2273,6391,0.05183526234019557,0.06960022750605278,167,5,13,"[237, 304, 133]",1394
TR1_1646815192,12,Kayle,3,12,8,6,2.25,20410,18,77676,28780,17014,14644,0.24354278630534396,0.09079706209030046,257,4,26,"[97, 36, 29, 225, 87]",1394
TR1_1646815192,13,Yasuo,3,7,7,7,2.0,19678,18,26414,31729,8717,58269,0.08281784164242714,0.10010058904486732,194,3,10,"[170, 107, 223, 79, 305]",1394
TR1_1646815192,14,RekSai,7,2,6,5,1.17,7700,13,11153,22517,8295,17125,0.05715896695421771,0.11038180573517958,85,2,13,"[7, 304, 152]",1394
TR1_1646815192,15,Xayah,4,8,8,6,1.75,19880,18,44399,26555,5701,17958,0.13920780858414533,0.08377809758595843,179,13,39,"[87, 217, 238, 219, 206]",1394
TR1_1646815192,16,DrMundo,4,8,6,8,2.67,18260,18,47776,114818,54637,128193,0.14979498050209136,0.36223181843940816,309,12,32,"[102, 313, 64, 78]",1394
TR1_1646805911,1,Fiora,5,5,7,8,1.86,15250,18,22114,40532,22010,64179,0.07529431287541287,0.14613621413781833,544,5,28,"[1, 63, 98, 84]",1360
TR1_1646805911,2,JarvanIV,5,9,7,5,2.0,17800,18,46159,30955,6930,26073,0.15716471768798065,0.11160706744095897,194,0,11,"[48, 77, 103, 238]",1360
TR1_1646805911,3,Twitch,6,14,5,4,3.6,25650,18,51714,35496,8608,19605,0.17607610749483002,0.1279787081423254,86,2,16,"[225, 227, 107, 238]",1360
TR1_1646805911,4,Zed,2,6,6,5,1.83,13000,17,30634,20332,3734,10546,0.207936977757387,0.12329035456283596,283,12,25,"[193, 98, 29, 16]",1360
TR1_1646805911,5,Diana,2,7,5,4,2.2,15850,17,26965,16148,1308,22908,0.18303109021143973,0.09791917802245767,204,11,55,"[48, 92, 47, 29]",1360
TR1_1646805911,6,Belveth,1,3,8,6,1.12,12800,15,15820,24457,5804,29588,0.10738778248576009,0.1482996270333914,284,0,31,"[225, 63, 90]",1360
TR1_1646805911,7,Diana,1,9,6,3,2.0,14310,15,24755,18160,1579,20521,0.16802962631689775,0.11011883945026632,290,27,65,"[45, 133, 129]",1360
TR1_1646805911,8,Diana,8,10,5,14,4.8,24060,18,44105,37593,3703,62994,0.15017209634847234,0.13553902848716745,236,28,101,"[156, 238, 2, 103]",1360
TR1_1646805911,9,TwistedFate,7,1,6,0,0.17,8843,12,5063,11892,872,7660,0.03437092409074596,0.07211138589747412,86,13,34,"[30, 129]",1360
TR1_1646805911,10,Gangplank,6,8,10,11,1.9,26909,18,34495,38703,4490,30801,0.11745187506360309,0.13954165954889625,211,0,12,"[48, 311, 301, 74]",1360
TR1_1646805911,11,Khazix,7,1,7,0,0.14,8460,12,6039,13056,1380,6595,0.040990893242936026,0.07917240864262708,56,5,19,"[11, 33]",1360
TR1_1646805911,12,Ivern,3,4,9,7,1.22,11750,15,14034,24601,3218,33022,0.09526516867545805,0.14917253844181896,142,4,19,"[156, 154, 198]",1360
TR1_1646805911,13,KSante,3,6,7,4,1.43,11750,15,24012,36268,4254,86544,0.1629875372193754,0.21991566794912848,274,0,18,"[243, 313, 149]",1360
TR1_1646805911,14,Ryze,8,15,5,8,4.6,22380,18,52736,37551,12147,61699,0.1795559461144911,0.13538799643469152,779,40,83,"[30, 180, 67, 150]",1360
TR1_1646805911,15,Vi,4,8,7,1,1.29,16025,18,16267,21207,2064,18811,0.05538920026294898,0.07646149054819826,150,0,34,"[58, 84, 77, 118]",1360
TR1_1646805911,16,Ahri,4,1,7,7,1.14,23660,18,26108,35321,5250,50270,0.08889574415226095,0.1273478352599438,240,37,68,"[234, 68, 180, 223]",1360
TR1_1646801824,1,Kaisa,1,6,6,1,1.17,11300,15,11704,12744,4033,6812,0.10517530188098263,0.0943860095817873,101,3,10,"[170, 195, 107, 48]",1456
TR1_1646801824,2,Jhin,1,2,10,4,0.6,11000,15,11552,17517,811,7237,0.103812492656285,0.12972815538151375,93,0,19,"[46, 243, 301, 115]",1456
TR1_1646801824,3,Nilah,3,8,8,1,1.12,11694,16,27746,22319,10130,18899,0.2493273179002192,0.1652895447683725,129,0,23,"[22, 225, 52, 125]",1456
TR1_1646801824,4,Vex,3,3,7,5,1.14,12813,16,14874,21112,7441,12002,0.13366252774377646,0.1563526944935608,252,42,60,"[305, 224, 33, 243]",1456
TR1_1646801824,5,Zyra,5,15,6,6,3.5,18250,18,85390,56438,19589,61814,0.20763447120987757,0.14476631820925684,460,21,45,"[218, 219, 215, 41, 44]",1456
TR1_1646801824,6,Syndra,4,1,7,3,0.57,7200,14,7826,11098,1238,7593,0.07032510840178911,0.08219025869535507,294,1,102,"[97, 304, 30, 180]",1456
TR1_1646801824,7,Graves,2,12,8,4,2.0,15450,18,61346,34022,10250,29229,0.1491683581732299,0.0872684133107715,136,6,48,"[170, 73, 195, 89, 7]",1456
TR1_1646801824,8,Pyke,2,5,9,4,1.0,31009,18,15124,35497,18179,38143,0.03677758263844629,0.09105136164051497,176,10,47,"[218, 123, 84, 45, 229]",1456
TR1_1646801824,9,Rengar,5,6,12,8,1.17,18975,18,40271,49278,32484,43677,0.09792297558246557,0.12640089522188902,251,0,25,"[75, 11, 48, 16, 206]",1456
TR1_1646801824,10,Jhin,6,2,7,7,1.29,11518,15,8947,13534,2961,9340,0.08040407697608566,0.10023223764792731,97,1,23,"[308, 323, 61, 79]",1456
TR1_1646801824,11,Orianna,8,16,10,7,2.3,21633,18,70435,41352,25312,38578,0.17127131322015673,0.10606979235671438,286,26,29,"[205, 177, 133, 238, 322]",1456
TR1_1646801824,12,Amumu,7,11,6,12,3.83,20051,18,47502,97042,9974,119990,0.11550558553355832,0.24891630076024335,253,46,79,"[9, 45, 152, 13, 25]",1456
TR1_1646801824,13,Nautilus,7,13,8,8,2.62,20003,18,49262,28567,3059,65724,0.11978718836940033,0.07327713454609441,192,23,53,"[136, 48, 47, 30, 49]",1456
TR1_1646801824,14,Amumu,8,8,5,16,4.8,19160,18,41920,47660,22009,99624,0.10193252527286525,0.12224978395451552,185,20,64,"[214, 75, 33, 2, 322]",1456
TR1_1646801824,15,Fizz,4,5,6,0,0.83,8206,14,8268,14198,3845,9747,0.0742974231117976,0.10515109029152439,153,1,12,"[97, 304, 234, 321]",1456
TR1_1646801824,16,Darius,6,7,6,0,1.17,10009,15,20365,22505,6642,17902,0.18299575132906434,0.16667000913995886,129,0,11,"[214, 6, 92, 151]",1456
TR1_1646797792,1,Talon,6,16,9,0,1.78,21968,18,77438,57010,21329,54510,0.15362567144883787,0.11449918530178078,236,29,119,"[195, 233, 211, 82]",1580
TR1_1646797792,2,Leona,1,7,4,8,3.75,15447,18,60333,40746,3680,179897,0.11969221980694039,0.08183440479762571,286,28,87,"[193, 18, 150, 5]",1580
TR1_1646797792,3,LeeSin,1,8,7,7,2.14,13605,18,45218,90693,65469,137894,0.08970735950284552,0.18214590929610786,585,21,77,"[79, 58, 89, 84]",1580
TR1_1646797792,4,Sion,8,7,6,9,2.67,16032,18,59071,119978,27238,219314,0.11718882212056143,0.24096221510990634,199,18,107,"[41, 216, 227, 13]",1580
TR1_1646797792,5,Braum,6,2,7,15,2.43,23591,18,36573,89950,21844,120493,0.07255611268070074,0.18065392181522105,204,21,91,"[216, 234, 238, 215]",1580
TR1_1646797792,6,TahmKench,5,5,6,5,1.67,9780,15,40538,59202,18805,65083,0.1981354761340731,0.25015608661201183,164,28,107,"[219, 156, 68]",1580
TR1_1646797792,7,Diana,5,5,8,5,1.25,10117,15,31910,22744,3437,48653,0.15596746932995448,0.09610667795028743,195,36,102,"[310, 30, 241]",1580
TR1_1646797792,8,Ashe,7,13,6,7,3.33,25490,18,120293,42502,26083,56387,0.23864339533769033,0.08536004485015822,133,17,263,"[323, 234, 77, 52]",1580
TR1_1646797792,9,Jayce,2,2,7,5,1.0,10139,15,18613,22352,2659,14463,0.09097705658561046,0.09444669199335781,353,18,69,"[58, 220, 61]",1580
TR1_1646797792,10,Akshan,2,5,6,2,1.17,10524,15,27090,22082,3903,14219,0.13240907045542924,0.09330920510875548,157,28,69,"[220, 225, 103]",1580
TR1_1646797792,11,Aurora,3,7,7,5,1.71,11556,17,44400,29366,6225,10118,0.21701259375896578,0.12408664687152897,611,126,157,"[45, 75, 133, 103]",1580
TR1_1646797792,12,JarvanIV,3,5,6,7,2.0,10302,17,25358,49298,15430,45999,0.12393953384509673,0.2083082617764257,156,0,50,"[79, 166, 90, 313]",1580
TR1_1646797792,13,Garen,4,0,7,1,0.14,6012,12,7604,18942,4199,26147,0.03716807991513023,0.08003790858192429,99,0,25,"[243, 228]",1580
TR1_1646797792,14,Veigar,4,1,7,0,0.14,6271,12,9082,12672,675,8931,0.044390719975739984,0.05354852110570846,103,43,54,"[156, 219]",1580
TR1_1646797792,15,Malzahar,7,9,7,10,2.71,21280,18,43904,26731,862,22717,0.08710031357023595,0.05368630340696469,206,57,90,"[30, 45, 180, 50]",1580
TR1_1646797792,16,Shaco,8,13,5,7,4.0,20270,18,61237,30302,7443,29689,0.12148610553218775,0.060858015422235366,759,0,27,"[1, 48, 13, 227]",1580
TR1_1646694805,1,Leona,7,6,6,6,2.0,14836,16,48489,89686,20949,149930,0.17111451009669648,0.23694992120563146,233,22,61,"[216, 110, 308]",1390
TR1_1646694805,2,Zyra,8,8,5,5,2.6,23761,15,43716,24171,5027,22370,0.1542700675392159,0.06386105816869596,263,14,28,"[86, 229]",1390
TR1_1646694805,3,Talon,4,10,6,1,1.83,17379,17,62838,33087,3365,52986,0.14892316301007402,0.0941979634835752,192,42,169,"[234, 120, 28, 79]",1390
TR1_1646694805,4,Darius,4,3,6,7,1.67,14808,17,23305,42436,12192,73467,0.05523372512004878,0.12081573979114332,134,0,57,"[41, 57, 138, 123]",1390
TR1_1646694805,5,Aatrox,3,7,6,4,1.83,11753,15,41417,63000,35392,40464,0.1461554091198067,0.16644458226595296,277,16,48,"[41, 42, 206]",1390
TR1_1646694805,6,Sylas,3,4,7,5,1.29,14871,15,23690,40265,11324,50229,0.0836017317365943,0.10637935073857269,178,15,35,"[234, 93, 242]",1390
TR1_1646694805,7,Zac,7,6,10,5,1.1,12839,16,35868,64304,60980,100579,0.12657573583780002,0.16989031720905448,297,12,66,"[18, 136, 34]",1390
TR1_1646694805,8,Shaco,6,6,6,6,2.0,14563,16,31220,28825,7740,32769,0.07399098604664817,0.08206427244898043,198,0,3,"[234, 102, 85]",1390
TR1_1646694805,9,Yone,6,6,10,6,1.2,12753,16,51352,34641,12795,41785,0.12170173357402006,0.09862199687269865,200,6,18,"[6, 322, 22]",1390
TR1_1646694805,10,Tristana,5,6,9,14,2.22,18865,18,45829,37401,23394,28411,0.10861385949658298,0.10647946815826012,147,0,16,"[79, 305, 222, 115]",1390
TR1_1646694805,11,Sett,5,15,5,5,4.0,15838,18,79318,89818,14727,142355,0.18798069288017033,0.2557103353985076,150,0,14,"[216, 32, 251, 166]",1390
TR1_1646694805,12,Zed,8,5,9,5,1.11,12335,22,33539,32078,4007,31268,0.11835558357819446,0.08475164994116126,225,38,51,"[96, 49, 237]",1390
TR1_1646694805,13,Zoe,1,4,6,3,1.17,11850,15,32895,26466,5423,22244,0.11608307560653788,0.06992383769192406,262,22,62,"[156, 205, 49]",1390
TR1_1646694805,14,Poppy,1,4,5,3,1.4,13026,15,23759,38531,7037,56572,0.08384388648515421,0.10179928277900711,132,0,25,"[58, 218, 232]",1390
TR1_1646694805,15,Shen,2,5,3,13,6.0,15662,18,40976,45719,18207,154146,0.09711228190454209,0.13016193458856917,206,0,14,"[123, 181, 105, 78]",1390
TR1_1646694805,16,Tristana,2,14,10,5,1.9,16675,18,87109,39322,11841,30435,0.20644355796791358,0.1119482892582655,189,0,12,"[195, 32, 225]",1390
TR1_1646447485,1,Diana,1,13,8,12,3.12,27267,18,86506,87428,51266,328117,0.1536243555453986,0.15560137715062466,462,43,205,"[2, 217, 219, 215]",1673
TR1_1646447485,2,Briar,1,12,12,8,1.67,18850,18,82502,121511,100506,165492,0.14651229992158177,0.21625992266780264,249,7,117,"[310, 23, 123, 227]",1673
TR1_1646447485,3,Fizz,6,4,6,8,2.0,10300,15,32868,21198,2689,14147,0.1720700980632038,0.0916939142878983,170,0,22,"[65, 154, 48]",1673
TR1_1646447485,4,Twitch,8,14,9,3,1.89,16500,18,78018,43727,15670,34811,0.13855084048703387,0.07782461091010719,225,3,47,"[129, 24, 81, 36]",1673
TR1_1646447485,5,Sion,4,4,5,5,1.8,10250,16,29083,54845,8561,74695,0.15225659150137985,0.23723599494910275,200,24,99,"[238, 33, 1]",1673
TR1_1646447485,6,Alistar,8,3,5,12,3.0,18000,18,33200,50289,18968,237248,0.05895891614836196,0.0895020612244224,156,0,49,"[241, 318, 41, 129]",1673
TR1_1646447485,7,Leona,7,0,6,0,0.0,5800,12,10548,27839,2815,27586,0.055224909469289145,0.12042213435486737,105,15,47,"[13, 36]",1673
TR1_1646447485,8,Smolder,5,1,7,7,1.14,12050,16,33210,24186,3186,13929,0.17386227700241114,0.10462167372374312,280,4,19,"[311, 92, 54]",1673
TR1_1646447485,9,KSante,3,11,6,7,3.0,16500,18,76932,54908,13491,199469,0.136620754399556,0.09772257773759438,592,11,118,"[150, 149, 18, 64]",1673
TR1_1646447485,10,Sejuani,3,7,6,11,3.0,18550,18,54566,104930,35181,170583,0.09690187580293654,0.18674974481278653,328,13,76,"[152, 67, 45, 13]",1673
TR1_1646447485,11,Jinx,7,0,9,0,0.0,5750,12,13349,19559,4953,11520,0.069888286510761,0.0846047172076754,83,12,77,"[107, 74]",1673
TR1_1646447485,12,Jhin,5,9,7,1,1.43,12000,16,24340,23208,2823,34731,0.1274242109164288,0.10038827268870523,186,2,44,"[231, 150, 323]",1673
TR1_1646447485,13,Nasus,2,12,4,7,4.75,21750,18,84271,57324,26618,80544,0.14965503713816053,0.10202379406769896,590,0,61,"[103, 71, 79, 116]",1673
TR1_1646447485,14,Senna,2,7,7,10,2.43,17928,18,67108,41756,21749,50400,0.11917592055697071,0.07431591142896324,217,21,75,"[77, 103, 195, 74]",1673
TR1_1646447485,15,Annie,6,10,8,3,1.62,10806,15,20889,23137,3797,20862,0.10936069585270052,0.10008457137156679,295,0,7,"[38, 89, 45]",1673
TR1_1646447485,16,Blitzcrank,4,6,8,4,1.25,10550,16,26725,37208,9682,48101,0.1399129306838257,0.16094872141644104,268,40,148,"[149, 238, 243]",1673
TR1_1646439527,1,Pantheon,7,7,5,8,3.0,18010,18,40219,26076,2444,38639,0.12256349287099054,0.09330028060021969,158,1,58,"[151, 171, 19, 238]",1396
TR1_1646439527,2,LeeSin,7,8,5,6,2.8,16300,18,41358,27344,5344,36216,0.12603459513311635,0.0978369355871778,471,19,67,"[82, 46, 45, 63]",1396
TR1_1646439527,3,Heimerdinger,6,5,8,4,1.12,7753,14,26604,19925,1072,8185,0.125197394953715,0.0753892756473348,237,97,242,"[68, 242, 166]",1396
TR1_1646439527,4,Shaco,6,4,6,5,1.5,7760,14,19478,15674,1556,13222,0.09166409968590156,0.05930522038457435,277,0,48,"[133, 44, 310]",1396
TR1_1646439527,5,Viego,2,12,6,2,2.33,16308,18,47099,51396,18490,55616,0.14353039279938526,0.18389375633675814,251,15,117,"[82, 308, 310, 223]",1396
TR1_1646439527,6,Zilean,2,2,5,12,2.8,14803,18,19823,30583,21266,21628,0.06041066161185029,0.10942804089529734,808,40,123,"[5, 222, 1, 150]",1396
TR1_1646439527,7,Viego,8,9,7,7,2.29,19365,18,59673,31991,16048,24197,0.1818479115740758,0.11446578392570633,347,6,105,"[107, 176, 225, 77]",1396
TR1_1646439527,8,Soraka,5,0,9,13,1.44,13250,18,9443,43948,39128,25144,0.028777692452948502,0.15724417439289504,272,30,116,"[113, 37, 78, 118]",1396
TR1_1646439527,9,Katarina,4,3,8,10,1.62,11015,16,29080,27180,5502,17928,0.1368509698499722,0.10284044824670104,114,0,62,"[65, 207, 233]",1396
TR1_1646439527,10,Aphelios,5,14,7,0,2.0,14720,18,65697,33423,9270,23904,0.20020383065851288,0.1195888108063667,250,53,135,"[71, 138, 228, 21]",1396
TR1_1646439527,11,Gragas,4,10,6,3,2.17,12515,16,18814,21938,3747,20754,0.08854117617603366,0.08300745584479945,274,6,80,"[65, 207, 88]",1396
TR1_1646439527,12,Ekko,3,6,6,9,2.5,19367,16,24910,40924,20375,63348,0.1172260442054033,0.15484060527991864,252,60,161,"[24, 34, 234]",1396
TR1_1646439527,13,Hecarim,3,9,8,6,1.88,10935,16,30716,59573,25451,55681,0.14455124117939483,0.22539918444336574,214,5,116,"[20, 46, 79]",1396
TR1_1646439527,14,Senna,1,11,9,1,1.33,14441,17,37436,30691,11681,13398,0.17617471011101693,0.11612550279496034,118,9,63,"[47, 171, 220, 74]",1396
TR1_1646439527,15,Galio,1,1,6,11,2.0,10814,17,25455,48391,8960,51545,0.11979436383856251,0.18309230735834564,177,33,53,"[310, 102, 1, 21]",1396
TR1_1646439527,16,Kindred,8,7,9,7,1.56,20005,18,44835,34724,12781,20710,0.1366314228991204,0.12424221745557897,227,18,79,"[52, 22, 195, 71]",1396
TR1_1646412144,1,Twitch,2,9,8,2,1.38,10550,17,40328,27003,3185,16127,0.10704321884222398,0.0749763196016216,101,3,18,"[87, 193, 52, 36, 22]",1432
TR1_1646412144,2,Sejuani,2,2,7,8,1.43,10550,17,27823,46684,6983,58819,0.07385078105813114,0.12962003935173272,75,7,18,"[237, 193, 92, 149, 49]",1432
TR1_1646412144,3,Caitlyn,7,5,8,3,1.0,10250,15,32497,19420,2126,11971,0.1695491728681652,0.09290664063359556,86,4,13,"[46, 193, 238, 52]",1432
TR1_1646412144,4,Lillia,3,9,7,11,2.86,23750,18,54563,43170,17244,62707,0.14482622611387613,0.11986405686180587,325,4,31,"[34, 193, 165, 180, 214]",1432
TR1_1646412144,5,Garen,3,14,6,6,3.33,21875,18,67207,30426,6683,55352,0.17838824316157895,0.084480690910702,136,0,21,"[105, 193, 84, 310, 187]",1432
TR1_1646412144,6,Ezreal,4,6,6,6,2.0,10550,15,28924,29632,9188,21669,0.15090300314931043,0.14176464847294987,203,31,47,"[60, 193, 98, 20]",1432
TR1_1646412144,7,Skarner,4,6,5,5,2.2,10550,15,25727,40110,5480,82822,0.1342267821944548,0.1918893858596265,215,0,21,"[85, 193, 231, 227]",1432
TR1_1646412144,8,Ornn,5,7,5,5,2.4,11050,16,32383,42157,13421,101315,0.16895000780162847,0.20168378069187004,204,23,46,"[60, 193, 238, 33]",1432
TR1_1646412144,9,Hecarim,5,5,9,5,1.11,11050,16,40260,34933,11613,33636,0.21004878788168274,0.16712056196973646,269,6,42,"[226, 193, 154, 82]",1432
TR1_1646412144,10,Smolder,7,3,6,4,1.17,9750,15,15816,16734,4225,9879,0.08251976423160329,0.08005944898960592,92,1,14,"[171, 193, 77, 250]",1432
TR1_1646412144,11,Soraka,8,3,7,10,1.86,17500,18,16114,47845,46858,52878,0.04277197739911603,0.13284522636953286,194,17,68,"[28, 193, 118, 5, 172]",1432
TR1_1646412144,12,Lillia,6,0,6,0,0.0,5750,12,10486,12127,1659,6023,0.05470974184570608,0.05801976204239385,96,4,10,"[97, 193, 16]",1432
TR1_1646412144,13,Blitzcrank,1,13,5,8,4.2,25000,18,54627,63505,7781,74919,0.14499823677408907,0.17632508958476237,180,15,43,"[171, 193, 301, 129, 32]",1432
TR1_1646412144,14,Aurora,1,9,8,9,2.25,23500,18,47091,49353,14440,28928,0.12499412277470313,0.13703006942869925,809,15,37,"[205, 193, 151, 227, 237]",1432
TR1_1646412144,15,Yasuo,8,12,6,3,2.5,17500,18,68992,52172,15085,66394,0.18312719387628157,0.14485850789114332,292,6,30,"[73, 193, 84, 321, 206]",1432
TR1_1646412144,16,Renekton,6,0,6,0,0.0,5750,12,5576,13912,804,10737,0.029092740027448993,0.0665557713402218,24,0,1,"[73, 193, 211]",1432
TR1_1646407778,1,Jhin,8,11,6,4,2.5,11925,23,42466,27932,1958,36214,0.1902940514834623,0.1221642118075306,152,17,40,"[96, 34, 187]",1474
TR1_1646407778,2,Rengar,1,10,6,7,2.83,16500,18,83985,86095,54208,146998,0.21762770626429845,0.2209188389986752,432,0,18,"[45, 322, 301]",1474
TR1_1646407778,3,Ivern,1,7,7,13,2.86,15500,18,25666,38270,20838,108148,0.06650740587384395,0.09820163552521058,447,27,33,"[62, 37, 237, 104]",1474
TR1_1646407778,4,Trundle,6,9,7,4,1.86,14200,18,67792,46840,19899,69723,0.17566799947903905,0.12019023349910207,191,0,36,"[234, 237, 206, 77]",1474
TR1_1646407778,5,Talon,3,4,9,5,1.0,11200,15,24252,23172,2644,27128,0.10867743843636296,0.10134767216593006,352,37,143,"[19, 12, 221]",1474
TR1_1646407778,6,Pyke,3,5,6,3,1.33,9800,15,25330,29535,11494,28250,0.11350823083294354,0.1291769251854546,189,25,83,"[27, 218, 102]",1474
TR1_1646407778,7,Blitzcrank,4,8,7,5,1.86,13900,17,38451,29777,6980,35387,0.17230436232624244,0.13023650218990437,207,16,163,"[219, 39, 22, 84]",1474
TR1_1646407778,8,MonkeyKing,6,5,7,8,1.86,13200,18,31355,36601,12609,51070,0.0812494279151649,0.09391718304200376,315,0,27,"[219, 181, 138, 215]",1474
TR1_1646407778,9,Kalista,2,6,12,8,1.17,10600,17,32823,38252,12930,25127,0.08505261601445208,0.09815412516196248,118,40,57,"[27, 26, 322, 241]",1474
TR1_1646407778,10,Malphite,2,10,5,6,3.2,10550,17,46230,65883,16051,131603,0.11979535145688644,0.16905530363647628,234,0,76,"[216, 44, 226, 215]",1474
TR1_1646407778,11,LeeSin,8,5,4,10,3.75,12800,16,31166,38003,18722,75413,0.13965766109425803,0.16621232814056233,488,28,67,"[62, 32, 73]",1474
TR1_1646407778,12,Yasuo,5,17,6,1,3.0,20985,18,77027,34213,5113,58459,0.19959730288627536,0.08779176412263338,366,4,31,"[234, 237, 87, 107]",1474
TR1_1646407778,13,Lux,4,5,6,8,2.17,13400,18,32737,22861,3171,33324,0.14670056135826573,0.09998556632674342,689,49,222,"[30, 218, 205, 318]",1474
TR1_1646407778,14,Nami,5,1,7,17,2.57,19250,18,21033,43559,32424,47835,0.054502190110039796,0.11177091601393625,299,28,44,"[224, 205, 37, 50]",1474
TR1_1646407778,15,Chogath,7,4,6,1,0.83,7750,14,22821,37845,12222,42148,0.10226576255237231,0.16552056763416242,148,0,53,"[62, 181, 42]",1474
TR1_1646407778,16,Amumu,7,1,7,4,0.71,6750,14,5934,19516,1472,19036,0.026591931916092687,0.0853562265497122,68,4,55,"[19, 42, 207]",1474
TR1_1646398586,1,Veigar,6,7,6,4,1.83,11010,17,29340,34801,5118,21257,0.15223102732994204,0.15950714208324893,277,61,118,"[56, 223, 222]",1363
TR1_1646398586,2,Zyra,6,4,6,6,1.67,11032,16,29358,21900,4690,20381,0.15232671061821731,0.1003764168223399,322,7,68,"[218, 84, 46]",1363
TR1_1646398586,3,Yone,8,6,5,7,2.6,10512,17,39062,23191,5824,38593,0.20267398613082796,0.10629581477886421,245,2,10,"[22, 227, 34, 74]",1363
TR1_1646398586,4,Azir,1,1,10,6,0.7,11059,16,31021,30557,4144,21655,0.16095394434595015,0.1400549932886073,183,1,80,"[44, 217, 205]",1363
TR1_1646398586,5,Mordekaiser,1,9,8,1,1.25,11588,16,31011,34396,15660,35113,0.16090351858419866,0.15765058438660867,245,18,91,"[136, 67, 251]",1363
TR1_1646398586,6,Pyke,7,10,2,7,8.5,17319,18,30809,31483,21724,38354,0.098108148631583,0.10609452830705406,231,17,60,"[308, 70, 237, 301]",1363
TR1_1646398586,7,Talon,4,8,8,9,2.12,18521,18,57541,29132,4707,41226,0.18322961850734787,0.09817070578580386,322,42,203,"[176, 82, 305, 311]",1363
TR1_1646398586,8,Lillia,4,11,7,6,2.43,20015,18,41183,66357,24023,50898,0.13114225838342194,0.22361310629329603,377,14,86,"[56, 65, 105, 16]",1363
TR1_1646398586,9,Sett,5,0,7,0,0.0,5769,12,7289,21213,3823,19114,0.03782347110250689,0.09722832905161254,55,0,38,"[42, 310]",1363
TR1_1646398586,10,DrMundo,5,0,7,0,0.0,5763,12,6585,26620,6194,19519,0.03416695481267027,0.122011438895505,78,5,55,"[237, 152]",1363
TR1_1646398586,11,Yuumi,3,4,5,8,2.4,13274,17,27551,21093,6663,13525,0.08773183771961042,0.07108259477358445,211,132,36,"[97, 215, 9, 103]",1363
TR1_1646398586,12,Singed,3,9,5,4,2.6,12274,17,29958,56286,5068,103132,0.09539782288300142,0.18967646663707835,145,3,220,"[136, 241, 85, 318]",1363
TR1_1646398586,13,Malzahar,8,7,7,6,1.86,23268,17,19065,25499,1498,9990,0.09892038707568675,0.11687528069321347,358,0,21,"[205, 150, 229, 2]",1363
TR1_1646398586,14,Qiyana,2,10,7,3,1.86,16253,18,31882,28507,5466,14141,0.10152263901008736,0.09606637430743188,192,11,166,"[60, 227, 39, 211]",1363
TR1_1646398586,15,Ashe,2,5,7,10,2.14,13518,18,39066,24798,4836,10877,0.12440164260342229,0.08356595793183871,162,53,568,"[22, 67, 26, 68]",1363
TR1_1646398586,16,XinZhao,7,9,3,10,6.33,27436,18,56045,39090,20426,58671,0.17846603226152571,0.13173026596391263,131,0,44,"[80, 154, 7, 71]",1363
TR1_1646393853,1,Ashe,6,6,12,8,1.17,24260,18,51014,35785,6428,25238,0.1187119298972507,0.09066724676104351,260,36,438,"[52, 81, 22, 220]",1398
TR1_1646393853,2,Kennen,1,3,7,6,1.29,12050,15,34358,29360,4616,24748,0.15714518964105234,0.11422948283401957,250,25,48,"[133, 30, 57]",1398
TR1_1646393853,3,Volibear,1,7,6,2,1.5,11760,15,37041,67609,9062,78382,0.16942078020823564,0.26304364890449355,188,0,31,"[64, 125, 308]",1398
TR1_1646393853,4,FiddleSticks,2,2,6,2,0.67,9200,13,10921,18152,4742,24619,0.049951212949629266,0.07062265314426901,132,0,4,"[118, 48]",1398
TR1_1646393853,5,Viktor,2,2,8,2,0.5,9700,13,15132,17263,1450,11892,0.06921440085725673,0.06716377296323413,145,35,1,"[129, 219]",1398
TR1_1646393853,6,Soraka,5,2,5,19,4.2,20250,18,21390,88071,66922,48926,0.04977542573905987,0.22313955033910482,303,53,128,"[5, 45, 326, 41]",1398
TR1_1646393853,7,Sivir,3,4,9,5,1.0,13010,15,28310,27531,5963,16137,0.12948514414160886,0.1071142284949842,171,13,51,"[151, 88, 251]",1398
TR1_1646393853,8,Talon,3,6,6,4,1.67,13003,23,28917,37477,14032,38128,0.1322592492335003,0.1458087773496673,244,10,72,"[90, 96, 138]",1398
TR1_1646393853,9,Nidalee,7,9,5,4,2.6,14300,17,49720,40774,22118,42447,0.11570055670171998,0.10330767609950137,468,8,37,"[154, 156, 73, 30]",1398
TR1_1646393853,10,Volibear,7,6,4,7,3.25,13310,18,34689,46033,13193,75673,0.08072394689303938,0.11663097654487489,246,1,22,"[116, 233, 305, 81]",1398
TR1_1646393853,11,Jhin,8,13,6,2,2.5,16895,18,61323,35091,6137,26892,0.1427019806560318,0.08890923815800374,234,4,27,"[84, 81, 120, 35]",1398
TR1_1646393853,12,Jax,5,20,3,2,7.33,22750,18,72228,56777,13099,69470,0.16807803064014004,0.14385219548929776,294,0,77,"[74, 1, 110, 208]",1398
TR1_1646393853,13,Riven,4,5,10,4,0.9,12010,15,39401,33236,7017,34155,0.1802107235211916,0.1293103478409212,195,3,46,"[82, 310, 32]",1398
TR1_1646393853,14,Pyke,4,5,6,4,1.5,13500,15,24556,26398,6993,30703,0.11231329944752526,0.10270708846841103,154,14,62,"[63, 115, 43]",1398
TR1_1646393853,15,Smolder,6,14,6,4,3.0,27200,18,97177,54695,24637,88692,0.22613379640205325,0.1385785358680528,249,24,90,"[227, 134, 251, 48]",1398
TR1_1646393853,16,Viego,8,4,9,6,1.11,20757,18,42188,37461,13199,26735,0.09817433307070499,0.09491458074012112,230,18,59,"[71, 58, 237, 310]",1398
TR1_1646157715,1,Elise,7,6,9,8,1.56,11780,16,42369,27665,3795,17359,0.2168626176754972,0.14287856496832757,365,0,56,"[102, 156, 322]",1596
TR1_1646157715,2,Taliyah,8,6,5,4,2.0,10275,15,28435,19797,3580,9897,0.14554572886708514,0.10224327617636972,220,70,183,"[97, 1, 205]",1596
TR1_1646157715,3,Viktor,6,0,6,0,0.0,5961,12,10779,14661,1129,13875,0.05517545659169076,0.0757194012781243,137,16,13,"[2, 320]",1596
TR1_1646157715,4,Sett,5,9,7,5,2.0,11865,17,36618,48737,7375,65745,0.07682557460703837,0.09886146547214593,118,0,5,"[187, 219, 136, 174]",1596
TR1_1646157715,5,Sett,1,2,8,5,0.88,9795,14,21180,36928,3695,37567,0.10841210489678402,0.19071534461126613,88,0,22,"[22, 234, 181]",1596
TR1_1646157715,6,Chogath,1,6,6,2,1.33,8810,14,24804,39442,6808,41164,0.12695685384304398,0.20369649699575768,163,0,19,"[136, 66, 102]",1596
TR1_1646157715,7,Mel,7,8,6,6,2.33,11305,16,36389,19457,3864,11753,0.18625735394225768,0.10048441803522908,332,101,261,"[32, 30, 172]",1596
TR1_1646157715,8,Kayle,6,0,7,0,0.0,5775,12,9747,13768,2488,6170,0.04989391297151836,0.071105501596363,61,31,69,"[305, 58]",1596
TR1_1646157715,9,Bard,3,5,7,10,2.14,16350,18,39817,52628,35322,33000,0.08353701733390674,0.1067529530392907,293,26,65,"[205, 81, 60, 48]",1596
TR1_1646157715,10,Fizz,3,13,7,5,2.57,19845,18,63068,80006,15878,151026,0.13231580333137008,0.16228857505343092,524,33,117,"[221, 1, 26, 125]",1596
TR1_1646157715,11,Alistar,8,4,5,5,1.8,10280,15,21666,21910,5169,22851,0.11089597121212286,0.11315699633856255,127,0,44,"[308, 224, 97]",1596
TR1_1646157715,12,Shaco,4,17,7,7,3.43,26215,18,78649,61730,35390,56515,0.16500469241912966,0.12521639016269998,630,0,32,"[17, 75, 73, 45]",1596
TR1_1646157715,13,Ezreal,2,15,8,4,2.38,25950,18,78336,47358,12642,24900,0.16434869783033515,0.09606344916092116,499,121,170,"[69, 53, 206, 54]",1596
TR1_1646157715,14,Trundle,2,4,8,14,2.25,21335,18,59312,58336,27038,87632,0.1244365991055999,0.11833297290261154,549,0,70,"[49, 58, 22, 323]",1596
TR1_1646157715,15,Sejuani,5,7,7,6,1.86,11195,17,40715,79562,4329,148297,0.08541939383103823,0.16138688681219976,147,6,26,"[85, 216, 218, 219]",1596
TR1_1646157715,16,Pyke,4,8,7,10,2.57,26920,18,80130,64629,20656,65689,0.16811222154158187,0.13109730739670003,268,26,82,"[120, 27, 46, 41]",1596
TR1_1646155371,1,Ornn,1,2,6,2,0.67,6778,13,13630,23532,3018,51137,0.10603031757693364,0.14477086031623307,128,9,45,"[18, 112, 94]",1400
TR1_1646155371,2,Jax,1,2,9,2,0.44,6762,13,11758,17385,1959,20995,0.09147300201412707,0.10695214229154751,77,0,52,"[225, 112, 82]",1400
TR1_1646155371,3,Akshan,7,1,8,2,0.38,6764,14,23087,25080,3230,17338,0.17959872280352998,0.1542930839324992,150,25,83,"[79, 112, 52, 107]",1400
TR1_1646155371,4,Shyvana,6,1,7,2,0.43,6759,13,14154,15706,1571,24208,0.11010942438720224,0.09662331836312824,149,1,25,"[224, 112, 133]",1400
TR1_1646155371,5,Jax,2,5,5,2,1.4,7456,14,20857,17445,3540,13151,0.1622494562434255,0.10731922227153576,170,0,143,"[58, 112, 310, 67]",1400
TR1_1646155371,6,Heimerdinger,2,3,5,4,1.4,7470,14,16183,16395,1162,4415,0.12589083511787388,0.10086145744797963,244,68,250,"[30, 112, 150, 24]",1400
TR1_1646155371,7,Veigar,3,5,10,6,1.1,14075,16,26305,31209,2494,11903,0.0676316636578364,0.08657565373145372,244,33,77,"[234, 112, 2, 129]",1400
TR1_1646155371,8,DrMundo,3,6,7,3,1.29,11103,16,29281,108375,18658,39310,0.07528396919419524,0.30063700501368695,214,27,81,"[41, 112, 238, 2]",1400
TR1_1646155371,9,Singed,7,3,6,1,0.67,11186,14,12802,24331,3685,53718,0.09959405231990018,0.1496860145086887,114,0,68,"[234, 112, 154, 109]",1400
TR1_1646155371,10,Kayle,8,5,7,12,2.43,24226,18,34528,35929,9132,24089,0.08877288253277318,0.09966846845960436,215,7,46,"[156, 112, 227, 71, 47]",1400
TR1_1646155371,11,Zed,8,14,4,4,4.5,27846,18,50708,26266,4158,34428,0.1303717402123767,0.07286562121632816,273,17,60,"[310, 112, 98, 63, 84]",1400
TR1_1646155371,12,Zed,4,13,6,8,3.5,18270,18,58902,37266,12423,19765,0.1514384798424575,0.10337860191282955,326,24,47,"[48, 112, 211, 82, 77]",1400
TR1_1646155371,13,Malzahar,4,9,4,12,5.25,18255,18,42305,41815,10843,29810,0.10876753681912,0.11599871425557992,261,1,23,"[310, 112, 180, 133, 50]",1400
TR1_1646155371,14,Hecarim,6,3,7,1,0.57,6954,13,16075,22675,4477,9802,0.12505418953700753,0.1394939008683879,163,1,31,"[219, 112, 98]",1400
TR1_1646155371,15,Pyke,5,5,6,13,3.0,25363,18,32354,39313,22126,28003,0.08318416226576951,0.10905647025057025,358,11,66,"[19, 112, 70, 238, 63]",1400
TR1_1646155371,16,Zed,5,23,5,5,5.6,23697,18,114565,40309,16677,34407,0.29454956547547145,0.11181946515994709,567,27,70,"[224, 112, 175, 211, 92]",1400
TR1_1646147780,1,Ahri,6,5,7,5,1.43,10059,15,27977,28305,8488,22613,0.15596882671517387,0.1273386326609939,338,31,71,"[35, 223, 34]",1198
TR1_1646147780,2,Morgana,8,8,5,4,2.4,11560,15,31584,24079,6567,19441,0.17607468409401505,0.10832896543172262,208,9,30,"[219, 217, 218]",1198
TR1_1646147780,3,Quinn,5,7,7,6,1.86,11624,16,29299,27925,4994,13208,0.08896610492937206,0.09499776471235921,106,8,47,"[79, 154, 22]",1198
TR1_1646147780,4,Senna,7,9,5,7,3.2,13646,18,46268,31543,16631,26726,0.14049188548376593,0.10730498219922245,167,10,44,"[220, 47, 237, 238]",1198
TR1_1646147780,5,Sett,8,4,6,7,1.83,11283,15,31853,41891,4977,55543,0.17757490101219592,0.18846310308427197,112,0,31,"[219, 152, 39]",1198
TR1_1646147780,6,Orianna,6,5,6,4,1.5,10108,15,25525,18267,1489,22329,0.14229782580422096,0.08218373919250513,291,23,37,"[156, 129, 97]",1198
TR1_1646147780,7,Nunu,4,3,6,1,0.67,7006,13,20797,61557,23011,47847,0.11594254719596844,0.27693597916763,215,80,132,"[216, 311]",1198
TR1_1646147780,8,Naafiri,7,8,5,7,3.0,15455,18,50747,28776,6189,22255,0.15409215816530122,0.09789062277732792,210,5,67,"[48, 92, 104]",1198
TR1_1646147780,9,Jax,4,3,8,3,0.75,7200,13,24083,24663,6944,31759,0.1342602191763729,0.1109565556252023,137,0,60,"[225, 321]",1198
TR1_1646147780,10,Bard,5,8,5,6,2.8,11090,16,40998,37780,23185,39635,0.12448820171630097,0.12852197662546766,182,132,261,"[156, 312, 44]",1198
TR1_1646147780,11,Pantheon,1,18,3,5,7.67,20300,18,56031,63169,11038,116110,0.170137071054489,0.21488933714974442,236,2,19,"[41, 72, 39, 151]",1198
TR1_1646147780,12,Caitlyn,1,5,8,16,2.62,14315,18,54523,31495,7703,20517,0.1655572937180779,0.10714035372624636,193,11,24,"[79, 36, 305, 107]",1198
TR1_1646147780,13,Illaoi,2,1,6,7,1.33,10605,16,21525,52904,15385,50975,0.06536213028547169,0.17996881958780372,198,4,37,"[233, 238, 305]",1198
TR1_1646147780,14,Kennen,2,8,7,1,1.29,12584,16,29938,20367,2528,15739,0.09090515464722122,0.06928614322182824,331,50,85,"[30, 65, 46]",1198
TR1_1646147780,15,Shaco,3,0,6,1,0.17,6015,12,7296,10951,668,4950,0.04067850939945212,0.04926751822167882,142,7,24,"[30, 98]",1198
TR1_1646147780,16,Yone,3,2,8,0,0.25,6000,12,10261,12564,602,11985,0.05720248660260072,0.05652550661599527,145,2,19,"[6, 52]",1198
TR1_1646062141,1,Amumu,8,6,6,17,3.83,23990,18,28954,68508,7228,60443,0.0847805388214492,0.22069628086683316,226,19,74,"[97, 33, 13, 41, 129]",1379
TR1_1646062141,2,Taric,3,11,6,6,2.83,11300,17,30936,38336,39221,44724,0.09058217098929085,0.12350091884667817,336,0,11,"[76, 192, 67, 15, 151]",1379
TR1_1646062141,3,Renekton,3,6,7,8,2.0,13800,17,35242,46909,15595,67841,0.10319306742254257,0.151115761090904,232,0,16,"[251, 16, 310, 62, 103]",1379
TR1_1646062141,4,TwistedFate,8,19,4,6,6.25,25316,18,72647,28222,7895,27580,0.21271634852496776,0.09091690776041762,246,38,123,"[97, 129, 4, 180]",1379
TR1_1646062141,5,Hecarim,2,3,7,5,1.14,7500,13,13661,17341,11906,10685,0.10059085455190189,0.10315814495346702,130,5,67,"[222, 304, 103]",1379
TR1_1646062141,6,Vi,2,5,7,2,1.0,7625,13,12208,11862,2204,12967,0.08989072852598866,0.07056574577253247,86,0,32,"[226, 304, 227]",1379
TR1_1646062141,7,Jinx,7,8,9,10,2.0,16750,18,53098,28689,4960,11545,0.15547363804077638,0.09242082739942456,186,5,77,"[242, 118, 36, 234, 98]",1379
TR1_1646062141,8,Pyke,1,1,6,3,0.67,9500,15,5688,17865,11433,16495,0.04188835591820428,0.10627741335036207,152,12,34,"[46, 68, 82, 53]",1379
TR1_1646062141,9,Nilah,1,7,5,1,1.6,10175,15,24826,15919,9270,10486,0.18280448265828714,0.09469820516789172,105,0,31,"[22, 82, 92, 225]",1379
TR1_1646062141,10,Ambessa,4,0,8,2,0.25,7250,13,10152,19207,11377,28458,0.07475212321108404,0.11426267352303636,118,0,120,"[12, 304, 84]",1379
TR1_1646062141,11,Zeri,4,3,7,0,0.43,8953,13,14050,19943,8434,11738,0.10345618328186607,0.11863990389198883,362,159,433,"[138, 304, 250]",1379
TR1_1646062141,12,Ekko,7,10,5,7,3.4,19767,18,53972,42283,24741,43667,0.1580331991371771,0.13621362786359703,413,62,133,"[138, 29, 180, 30, 72]",1379
TR1_1646062141,13,Vayne,6,5,9,3,0.89,9750,15,26255,29564,7180,21405,0.1933247504028619,0.17587283405786894,133,26,57,"[49, 321, 77, 53]",1379
TR1_1646062141,14,Garen,5,9,5,6,3.0,21250,18,25774,26581,6228,28101,0.07547018294268582,0.08563228097716824,213,0,9,"[32, 84, 36, 234, 231]",1379
TR1_1646062141,15,Nautilus,6,4,7,5,1.29,11250,15,28967,36398,23904,66152,0.213292521449806,0.21652507928285258,141,5,63,"[136, 2, 149, 41]",1379
TR1_1646062141,16,Blitzcrank,5,7,6,9,2.67,17750,18,40897,30887,4412,36895,0.11975085412111033,0.09950339519497725,258,15,24,"[305, 310, 90, 30, 227]",1379
TR1_1646059095,1,Xerath,5,6,5,6,2.4,11000,16,32654,24610,3011,14167,0.09280094278669243,0.06805848202406356,304,23,33,"[205, 16, 30]",1283
TR1_1646059095,2,Sett,6,7,6,4,1.83,7952,14,33089,29070,9225,39035,0.24478016259437604,0.1983327659602536,144,0,70,"[219, 223, 320]",1283
TR1_1646059095,3,KogMaw,1,4,6,0,0.67,7000,13,17396,16727,1556,7881,0.1286896500288236,0.11412195981666082,128,22,50,"[170, 65]",1283
TR1_1646059095,4,Hecarim,1,1,5,3,0.8,7979,13,14983,22690,7592,17500,0.11084068412812469,0.1548025663274343,173,4,63,"[138, 310]",1283
TR1_1646059095,5,Azir,7,3,5,0,0.6,4000,11,14309,12785,2271,13922,0.10585398066995465,0.08723189373365943,168,4,46,"[51, 129]",1283
TR1_1646059095,6,TwistedFate,7,0,7,2,0.29,5402,11,7100,11929,1228,8699,0.05252721345698428,0.0813868639035159,120,27,79,"[205, 84]",1283
TR1_1646059095,7,Aurora,6,5,6,6,1.83,9950,14,28717,23334,5627,13547,0.21243762873152838,0.15919866111723716,465,2,58,"[115, 195, 234]",1283
TR1_1646059095,8,Seraphine,5,6,4,6,3.0,11550,24,27810,41223,19851,63335,0.07903529993456125,0.1140010126034442,361,51,111,"[324, 96, 123]",1283
TR1_1646059095,9,Varus,8,9,5,1,2.0,10500,16,48699,36728,5990,30501,0.13839971834005002,0.10157005169734981,171,28,285,"[222, 154, 166]",1283
TR1_1646059095,10,Soraka,8,1,4,7,2.0,10750,16,7153,45534,66039,72399,0.020330891771537563,0.12592247425154515,284,29,186,"[305, 118, 15]",1283
TR1_1646059095,11,Zac,2,17,1,9,26.0,16500,18,60444,77133,77040,154569,0.1717782446679351,0.2133064311099588,190,15,70,"[218, 152, 219, 217]",1283
TR1_1646059095,12,Ryze,2,10,7,13,3.29,18612,18,68547,43970,11994,98480,0.19480398803972904,0.12159639183136307,605,43,82,"[308, 231, 66, 301]",1283
TR1_1646059095,13,Ornn,3,3,5,0,0.6,6000,12,12925,15977,713,24437,0.09561767272280584,0.10900334963874397,111,9,35,"[108, 33]",1283
TR1_1646059095,14,TwistedFate,3,0,8,2,0.25,6358,12,6658,14059,1405,5778,0.04925300766740251,0.09592193950249482,134,15,45,"[97, 309]",1283
TR1_1646059095,15,Jinx,4,13,7,1,2.0,13750,18,76101,36634,10592,31964,0.21627149373324414,0.10130957134946482,102,12,67,"[251, 2, 81, 301]",1283
TR1_1646059095,16,Udyr,4,2,6,12,2.33,13250,18,30465,55772,23088,111480,0.08657942072625044,0.15423558513281058,188,0,103,"[44, 20, 75, 72]",1283
TR1_1645373580,1,Darius,8,10,8,14,3.0,23753,31,43536,68158,9720,96722,0.10420579803991421,0.17507137951143886,229,0,3,"[154, 96, 172]",1569
TR1_1645373580,2,Morgana,5,4,8,13,2.12,14010,18,26669,40605,5544,46202,0.1012685005076918,0.13785039475573413,186,19,45,"[180, 11, 13, 56]",1569
TR1_1645373580,3,Jhin,5,14,8,4,2.25,17850,18,65696,31900,4042,9546,0.24945449662079436,0.10829676957299268,351,22,53,"[71, 48, 47, 120]",1569
TR1_1645373580,4,Nilah,7,9,7,7,2.29,23191,18,49984,43899,9710,25787,0.11963934020698212,0.11276100571720382,118,0,7,"[36, 81, 77, 120]",1569
TR1_1645373580,5,Tristana,1,14,8,6,2.5,29204,18,77464,50824,13536,17383,0.18541240653898225,0.13054737265544183,128,0,2,"[47, 225, 312, 206]",1569
TR1_1645373580,6,Teemo,1,8,9,12,2.22,23015,18,42761,48695,3323,21797,0.10235074480236023,0.1250786006912707,241,0,3,"[238, 86, 301, 34]",1569
TR1_1645373580,7,Zyra,4,9,7,2,1.57,11370,17,41698,32657,5799,14924,0.1583341366329872,0.11086841434419273,319,13,32,"[104, 219, 215, 205]",1569
TR1_1645373580,8,Teemo,4,3,8,9,1.5,10520,17,26733,30059,5122,11886,0.10150931241470333,0.10204893869625188,245,0,3,"[217, 216, 215, 218]",1569
TR1_1645373580,9,Nilah,3,5,8,9,1.75,14163,18,39460,44448,22102,51513,0.09445000454909153,0.11417027459767934,205,0,5,"[82, 53, 118, 251]",1569
TR1_1645373580,10,Gangplank,3,10,7,5,2.14,18164,18,39555,35649,9437,24078,0.09467587435329715,0.09156962723400798,345,0,2,"[84, 123, 2, 305]",1569
TR1_1645373580,11,Fizz,6,3,7,4,1.0,10633,16,32462,35241,10075,18215,0.12326167821314435,0.1196404678239329,229,5,10,"[65, 219, 217]",1569
TR1_1645373580,12,Karthus,8,16,7,8,3.43,34729,18,86159,50404,6218,38510,0.2062245540597704,0.12946871079936323,335,4,11,"[38, 243, 133, 237]",1569
TR1_1645373580,13,Zac,2,0,7,6,0.86,9780,16,18919,60397,45366,66436,0.07183838721418484,0.20504130801054973,132,5,18,"[67, 18, 310]",1569
TR1_1645373580,14,Sylas,2,6,8,0,0.75,12050,16,20411,31621,6789,28788,0.07750468671395078,0.10735099171675556,217,7,17,"[16, 54, 129]",1569
TR1_1645373580,15,Annie,6,6,9,3,1.0,12825,25,30767,32078,4651,39196,0.11682880168254332,0.1089027150795904,638,0,2,"[227, 96, 180]",1569
TR1_1645373580,16,Brand,7,8,9,9,1.89,24548,18,38872,47237,5377,19013,0.09304127744960211,0.1213330287935942,395,14,30,"[211, 45, 310, 97]",1569
TR1_1645371099,1,Brand,3,6,12,9,1.25,11929,16,50196,39162,6631,21638,0.21769850608295635,0.11901548944747284,396,25,51,"[32, 44, 45]",1612
TR1_1645371099,2,Aatrox,3,9,7,4,1.86,11383,16,42487,76503,47125,73130,0.18426199729260884,0.23249386352053714,360,11,43,"[32, 46, 41]",1612
TR1_1645371099,3,Sylas,4,7,8,5,1.5,10287,15,31364,28275,8737,30450,0.13602347235788312,0.08592898798336109,217,49,115,"[136, 218, 48]",1612
TR1_1645371099,4,Rengar,4,6,7,6,1.71,10556,15,29299,25313,7824,33865,0.12706792897518512,0.07692803857127138,156,0,37,"[22, 12, 48]",1612
TR1_1645371099,5,Morgana,7,5,7,16,3.0,20555,18,40508,39568,13199,33866,0.06116847185359547,0.06911148909343601,305,7,30,"[226, 97, 86, 238]",1612
TR1_1645371099,6,Naafiri,6,16,14,12,2.0,23145,18,86268,59644,20358,88260,0.13026699313200382,0.10417701171540523,303,1,130,"[9, 80, 11, 92]",1612
TR1_1645371099,7,Shyvana,5,13,8,10,2.88,16117,18,73403,82584,30430,111303,0.11084110541825995,0.1442449189009584,574,18,26,"[232, 51, 41, 29]",1612
TR1_1645371099,8,Kassadin,5,10,13,13,1.77,21196,18,78382,92863,16015,143352,0.11835902481648004,0.16219916120673245,559,0,17,"[243, 120, 234, 320]",1612
TR1_1645371099,9,Soraka,2,1,9,1,0.22,6564,13,20590,48830,36569,29610,0.08929980268908304,0.14839409373252097,167,29,118,"[37, 76]",1612
TR1_1645371099,10,Sona,2,1,7,1,0.29,6580,13,17829,46702,29428,45253,0.0773225788059704,0.14192749778494848,333,4,103,"[326, 56]",1612
TR1_1645371099,11,Shaco,8,18,7,6,3.43,19030,18,83999,28810,10687,21133,0.1268412352802131,0.05032058905202169,603,126,175,"[17, 46, 30, 133]",1612
TR1_1645371099,12,Sion,6,14,5,14,5.6,23550,18,125491,104290,20789,455356,0.1894946493112049,0.18215679170785923,232,38,112,"[218, 181, 125, 23]",1612
TR1_1645371099,13,Nilah,7,17,6,5,3.67,20644,18,99605,77796,57063,109430,0.15040590649158408,0.1358816574183807,212,0,26,"[206, 110, 79, 52]",1612
TR1_1645371099,14,Singed,1,4,7,3,1.0,7469,13,19691,27264,7827,41215,0.0853990200972967,0.08285735609537057,138,0,25,"[324, 92]",1612
TR1_1645371099,15,Rell,1,3,8,4,0.88,7482,13,19121,37003,6927,52693,0.08292669369901645,0.11245467286451755,280,0,22,"[49, 42]",1612
TR1_1645371099,16,Camille,8,6,12,12,1.5,19303,18,74583,86972,37572,213267,0.11262261369665864,0.15190838090520625,356,1,109,"[7, 251, 19, 175]",1612
TR1_1645363844,1,Smolder,1,8,9,4,1.33,22020,18,49355,32856,8785,24094,0.12533017492100457,0.0983024163551069,343,20,40,"[151, 77, 68, 92]",1392
TR1_1645363844,2,Brand,1,10,6,7,2.83,22010,18,64176,38485,12900,51006,0.16296433548929262,0.115144074807301,450,15,42,"[65, 180, 133, 103]",1392
TR1_1645363844,3,Rengar,5,12,5,1,2.6,18025,18,53563,30878,13639,30471,0.1360145352301728,0.09238551847652987,321,0,1,"[63, 82, 89, 84]",1392
TR1_1645363844,4,Kaisa,6,2,6,1,0.5,8964,13,13009,17642,2745,15681,0.0673309620642417,0.06851419051017378,92,12,32,"[92, 38]",1392
TR1_1645363844,5,Galio,7,3,6,1,0.67,9000,14,26886,43573,13035,66928,0.13915406657135948,0.16921818130682068,161,0,11,"[2, 310, 301]",1392
TR1_1645363844,6,Karma,3,2,6,11,2.17,12520,17,20626,53735,32297,103620,0.10675430598448768,0.2086789108827472,347,36,60,"[311, 5, 175, 223]",1392
TR1_1645363844,7,Kaisa,3,11,7,2,1.86,12500,17,53707,35068,9111,39068,0.27797000185102877,0.13618748706961717,224,10,36,"[154, 36, 238, 90]",1392
TR1_1645363844,8,Kaisa,8,15,5,2,3.4,18635,18,75087,29565,6579,31408,0.19067177579306283,0.08845602333979564,362,3,20,"[52, 129, 217, 82]",1392
TR1_1645363844,9,Jinx,6,1,6,2,0.5,8750,13,10167,15710,2950,8246,0.05262097719731019,0.061010950462286884,93,12,52,"[312, 107]",1392
TR1_1645363844,10,Viego,4,10,8,1,1.38,14280,15,32730,35208,5556,29119,0.16940132075699904,0.1367328575852527,219,16,76,"[217, 74, 52]",1392
TR1_1645363844,11,Yuumi,4,1,5,10,2.2,12050,15,11698,28957,24176,43770,0.060546228812353366,0.11245420645851821,165,50,32,"[309, 198, 215]",1392
TR1_1645363844,12,Warwick,5,1,7,8,1.29,18400,18,15752,41041,14867,66890,0.039999480728763206,0.12279060782071548,112,0,1,"[211, 70, 116, 109]",1392
TR1_1645363844,13,Akali,7,3,9,3,0.67,9200,14,24388,27604,6293,31049,0.12622213676221983,0.10720321572458338,212,0,4,"[150, 180, 129]",1392
TR1_1645363844,14,Sona,8,2,5,14,3.2,17400,18,12765,52056,47588,74024,0.0324168559708728,0.15574579200750957,348,2,14,"[215, 65, 141, 150]",1392
TR1_1645363844,15,Olaf,2,10,7,6,2.29,17750,18,54305,53440,38442,52137,0.1378986516455269,0.15988802489135656,185,19,33,"[71, 74, 23, 98]",1392
TR1_1645363844,16,Teemo,2,11,5,9,4.0,19250,18,68799,55914,23205,66808,0.17470419022130426,0.167287542301685,296,0,9,"[154, 133, 238, 36]",1392
TR1_1645360508,1,Blitzcrank,7,9,9,6,1.67,11765,17,34366,32317,3612,42674,0.07765014541471671,0.0809580554381411,186,13,84,"[65, 85, 112, 64]",1469
TR1_1645360508,2,Riven,1,4,6,7,1.83,11550,16,20335,34703,9322,78223,0.1209704381451851,0.15313007350259628,444,2,26,"[63, 73, 221]",1469
TR1_1645360508,3,Jhin,1,7,8,4,1.38,11925,16,42103,28494,5795,17420,0.25045943653171987,0.12573209567751556,165,2,19,"[71, 172, 49]",1469
TR1_1645360508,4,Teemo,8,7,4,17,6.0,22850,18,57416,42968,6971,50270,0.12973047955903694,0.10763904205826871,187,0,124,"[217, 218, 322, 36]",1469
TR1_1645360508,5,Chogath,6,10,5,2,2.4,10310,15,24095,45796,7772,89929,0.143336413593633,0.20207570581392492,146,0,84,"[310, 232]",1469
TR1_1645360508,6,Smolder,3,16,7,4,2.86,19005,18,83876,35260,23164,28319,0.18951538330546874,0.08832992454131025,331,3,116,"[217, 93, 80, 311]",1469
TR1_1645360508,7,Morgana,3,4,6,14,3.0,16015,18,35078,36907,7552,43519,0.07925837708960896,0.09245694531866513,254,5,69,"[92, 56, 97, 68]",1469
TR1_1645360508,8,Karthus,4,10,17,5,0.88,21760,18,49849,47796,4162,33933,0.11263246541337657,0.11973306796253083,282,0,28,"[129, 205, 97, 92]",1469
TR1_1645360508,9,DrMundo,4,8,5,9,3.4,21525,18,45458,121394,44454,152358,0.102712222724893,0.3041028096318986,222,62,114,"[13, 93, 10, 82]",1469
TR1_1645360508,10,Ashe,7,6,7,9,2.14,11786,17,42141,31883,12446,25250,0.09521748271880198,0.07987007063642297,94,13,127,"[116, 22, 20, 320]",1469
TR1_1645360508,11,Aurora,5,0,5,0,0.0,3855,9,5610,8694,1239,9025,0.03337632011321676,0.03836543808822262,123,6,18,[63],1469
TR1_1645360508,12,Trundle,5,1,4,0,0.25,3855,9,4954,7377,2410,3760,0.029473863145540628,0.03255364227369066,65,0,4,[24],1469
TR1_1645360508,13,Illaoi,6,2,9,8,1.11,10160,15,25568,40219,8736,34217,0.15209884326652218,0.1774672138244462,164,14,108,"[151, 80, 232]",1469
TR1_1645360508,14,Rengar,2,6,7,3,1.29,9535,15,18669,31906,14815,19510,0.11105686110321837,0.1407884505091112,221,0,18,"[82, 237, 120]",1469
TR1_1645360508,15,Blitzcrank,2,3,9,6,1.0,9850,15,26767,29436,4755,27569,0.15922782410096412,0.12988738031049255,203,3,23,"[90, 136, 237]",1469
TR1_1645360508,16,Kayle,8,20,7,7,3.86,27157,18,94395,50661,19653,36584,0.2132834437740971,0.1269100844127624,401,280,570,"[29, 46, 47]",1469
TR1_1645281377,1,Kalista,3,7,9,9,1.78,16160,18,42993,30008,7115,38895,0.11292440388612347,0.09450608879616088,105,3,25,"[12, 116, 115, 238, 63]",1291
TR1_1645281377,2,Qiyana,3,10,5,6,3.2,16110,18,57564,26840,11392,60856,0.1511982709260975,0.08452770990469288,283,10,82,"[218, 116, 224, 211, 217]",1291
TR1_1645281377,3,Soraka,6,1,6,10,1.83,10810,17,19711,47836,43133,23233,0.1213875176063758,0.21060028296265604,310,17,46,"[120, 116, 15, 141, 180]",1291
TR1_1645281377,4,Aurora,2,9,9,4,1.44,17000,18,49203,30692,10362,21818,0.12923727748426378,0.09665910853382155,670,13,76,"[205, 116, 45, 238, 129]",1291
TR1_1645281377,5,LeeSin,2,5,6,8,2.17,17060,18,34628,56234,22395,73150,0.09095420717396666,0.17709912566104036,546,33,103,"[17, 116, 220, 175, 23]",1291
TR1_1645281377,6,Ezreal,4,7,7,1,1.14,9500,15,27294,31634,7734,16280,0.16808758145985842,0.13927179122496414,367,55,130,"[32, 116, 58, 217]",1291
TR1_1645281377,7,Ivern,4,1,6,8,1.5,9520,15,18056,38673,18642,33651,0.11119457106836807,0.1702593573267243,298,76,133,"[136, 116, 216, 70]",1291
TR1_1645281377,8,Zac,7,7,4,11,4.5,18480,18,27347,52151,52741,76916,0.07183111446966067,0.1642387278225066,225,9,63,"[39, 116, 195, 150, 92]",1291
TR1_1645281377,9,Gangplank,8,3,6,2,0.83,7916,13,10871,18025,2407,9898,0.06695178018044094,0.07935860043844298,204,0,7,"[46, 116, 41]",1291
TR1_1645281377,10,Katarina,8,2,7,2,0.57,7250,13,17303,16205,1444,15322,0.10656123641357428,0.07134664773209554,44,0,17,"[46, 116, 54]",1291
TR1_1645281377,11,Nidalee,5,3,5,3,1.2,9620,15,15319,20770,6374,16836,0.09434080829310096,0.09144087944971317,429,8,37,"[308, 116, 48, 113]",1291
TR1_1645281377,12,Katarina,6,10,5,1,2.2,11500,17,36365,34865,4139,18962,0.22394677356127116,0.15349355404372925,154,0,35,"[171, 116, 219, 133, 129]",1291
TR1_1645281377,13,Jinx,7,12,5,7,3.8,21135,18,78271,69359,21396,36298,0.20558536113253126,0.21843404144717077,137,8,61,"[120, 116, 134, 301, 77]",1291
TR1_1645281377,14,Lulu,1,0,6,17,2.83,14374,18,14714,20294,5865,19982,0.03864954925418934,0.0639133962864995,216,33,56,"[324, 116, 35, 15, 88]",1291
TR1_1645281377,15,Rengar,1,17,5,0,3.4,20845,18,76000,31950,8977,34063,0.1996198156731673,0.10062180154810749,280,0,59,"[171, 116, 234, 71, 16]",1291
TR1_1645281377,16,Belveth,5,3,6,3,1.0,9270,15,17461,19132,3760,13670,0.10752973141701039,0.0842288868216746,158,0,14,"[22, 116, 225, 77]",1291
TR1_1645276161,1,Katarina,3,2,8,5,0.88,10550,16,30291,37504,5010,28793,0.16574942852617144,0.1736050149306011,125,2,52,"[152, 29, 93]",1585
TR1_1645276161,2,Trundle,3,6,6,1,1.17,10820,16,34925,36411,19280,44863,0.1911082929512739,0.1685435824502273,240,0,48,"[82, 217, 181]",1585
TR1_1645276161,3,Caitlyn,6,5,9,6,1.22,15500,18,30063,27171,2236,17068,0.16450271644140932,0.1257722413154072,136,14,25,"[71, 107, 40, 10]",1585
TR1_1645276161,4,TwistedFate,2,7,13,7,1.08,26202,18,64623,45935,3754,71918,0.10394638516761408,0.0774316100210986,427,29,174,"[227, 180, 32, 97]",1585
TR1_1645276161,5,Ornn,2,7,7,8,2.14,13750,18,62178,58265,19332,210393,0.10001285090492947,0.09821646893761049,171,40,140,"[238, 94, 308, 221]",1585
TR1_1645276161,6,TwistedFate,8,2,9,0,0.22,7945,14,16952,17545,374,15221,0.09276303112167093,0.08121661341746741,223,38,111,"[129, 84, 237]",1585
TR1_1645276161,7,Akali,8,1,7,2,0.43,7200,14,18311,40853,15317,53206,0.10019770146603584,0.1891040200506672,184,0,207,"[2, 318, 320]",1585
TR1_1645276161,8,Briar,5,8,4,20,7.0,26760,18,105322,73045,129756,86365,0.16941011255069213,0.12313120774962845,643,12,104,"[103, 77, 226, 46]",1585
TR1_1645276161,9,Trundle,7,10,5,16,5.2,27150,18,90925,102377,66747,102679,0.14625181803422724,0.17257533843179781,304,0,63,"[312, 13, 206, 7]",1585
TR1_1645276161,10,Katarina,1,3,6,3,1.0,6750,12,11490,14462,1576,6893,0.06287525834702756,0.06694678091088815,81,2,71,"[90, 312]",1585
TR1_1645276161,11,Taliyah,1,4,4,2,1.5,7382,12,16205,12449,1255,4326,0.08867611750056473,0.057627351726247784,149,157,225,"[38, 175]",1585
TR1_1645276161,12,Cassiopeia,5,21,6,6,4.5,27650,18,67602,67400,32125,69126,0.10873690193992996,0.11361496486769372,869,12,139,"[98, 65, 56, 60]",1585
TR1_1645276161,13,Jhin,6,6,8,4,1.25,14610,18,24512,29636,695,30468,0.13412745364584627,0.13718439519849382,114,5,18,"[71, 74, 9, 46]",1585
TR1_1645276161,14,Leona,4,7,6,13,3.33,23100,18,58989,69327,8923,144413,0.094883654071785,0.11686397650006562,404,21,332,"[64, 103, 136, 12]",1585
TR1_1645276161,15,Swain,4,13,9,7,2.22,22760,18,69835,119444,58903,90158,0.11232893501221414,0.20134386272572588,395,228,637,"[310, 67, 181]",1585
TR1_1645276161,16,Kalista,7,16,13,7,1.77,26270,18,102226,57438,14354,64512,0.16442934231860798,0.09682257076637943,116,12,47,"[154, 74, 22, 51]",1585
TR1_1645274155,1,Karthus,8,4,6,3,1.17,10300,16,10250,13630,1021,10307,0.07805552446097096,0.09023970310172813,166,0,1,"[156, 224, 174, 125]",1247
TR1_1645274155,2,Janna,2,6,6,10,2.67,15660,26,9550,35342,14083,77006,0.032000374654571145,0.1262858375665491,200,50,78,"[30, 37, 96, 35, 151]",1247
TR1_1645274155,3,Senna,4,11,6,5,2.67,13443,17,40492,20083,10120,24919,0.30835592083000846,0.13296193463559125,139,16,40,"[62, 234, 225, 166, 231]",1247
TR1_1645274155,4,Illaoi,1,1,7,0,0.14,6225,12,5228,13861,2092,13678,0.03981209314781142,0.09177282217450627,104,2,14,"[58, 304, 220]",1247
TR1_1645274155,5,Karma,1,0,6,1,0.17,6200,12,6712,16320,12090,11069,0.05111478222421971,0.10805441017774964,183,7,17,"[48, 304, 78]",1247
TR1_1645274155,6,Jhin,3,12,9,4,1.78,22010,18,53425,40159,6917,19908,0.17901623411083536,0.1434986325056549,82,1,22,"[220, 134, 41, 48, 116]",1247
TR1_1645274155,7,Kalista,5,11,4,4,3.75,19765,18,34344,33838,7341,33059,0.11508092893443876,0.1209127843736156,82,2,46,"[19, 221, 6, 41, 223]",1247
TR1_1645274155,8,Vi,7,12,5,7,3.8,24811,18,55012,24293,6925,51836,0.184332653678563,0.08680688100595582,353,0,21,"[234, 58, 68, 19]",1247
TR1_1645274155,9,Vayne,6,5,9,3,0.89,10020,15,18504,23189,2942,11346,0.14091142847480495,0.15352513681409624,96,30,52,"[225, 170, 243, 115]",1247
TR1_1645274155,10,Smolder,4,5,8,10,1.88,12300,17,16198,24645,4510,24940,0.12335735768798778,0.16316560750594863,198,13,52,"[228, 112, 115, 166, 2]",1247
TR1_1645274155,11,Ashe,5,5,5,11,3.2,19780,18,30182,47639,16004,32086,0.10113373714021155,0.17022807340279208,95,25,173,"[134, 22, 115, 79, 74]",1247
TR1_1645274155,12,Teemo,3,7,7,9,2.29,19270,18,39364,24669,6854,15249,0.13189992707298512,0.08814936614700958,266,0,14,"[86, 48, 234, 194, 211]",1247
TR1_1645274155,13,Twitch,2,11,10,6,1.7,14545,18,50635,30030,5727,22244,0.1696662177766343,0.10730689801026047,82,2,27,"[225, 54, 53, 310, 107]",1247
TR1_1645274155,14,Mordekaiser,8,3,8,3,0.75,10305,16,15677,18554,3607,22692,0.11938929826838394,0.12283865227450486,154,0,6,"[156, 30, 88, 53]",1247
TR1_1645274155,15,FiddleSticks,7,7,5,10,3.4,21000,18,25925,43884,16487,80652,0.08686992663176077,0.15681152698816245,200,0,20,"[18, 219, 103, 216, 311]",1247
TR1_1645274155,16,Vladimir,6,6,5,4,2.0,13250,15,18253,20759,11836,32362,0.1390035949058128,0.13744173331587498,144,0,16,"[228, 97, 243, 30]",1247
TR1_1645264934,1,Talon,7,8,8,4,1.5,19540,18,34540,39954,10226,23844,0.09007987426943083,0.12801794051150922,440,28,146,"[116, 208, 70, 53]",1429
TR1_1645264934,2,Jhin,8,17,7,2,2.71,21755,18,63296,28747,5195,41665,0.16507423382832537,0.09211002675150048,162,4,34,"[241, 206, 318, 82]",1429
TR1_1645264934,3,Brand,6,10,7,6,2.29,16540,18,46433,28594,5051,18398,0.12109698768405978,0.09161997318122574,292,15,33,"[133, 92, 50, 311]",1429
TR1_1645264934,4,Kayn,5,7,6,9,2.67,22500,18,55711,43113,12468,85801,0.14529276092336224,0.13814091230454814,243,0,45,"[154, 2, 84, 125]",1429
TR1_1645264934,5,Sivir,8,5,7,10,2.14,23045,18,46454,29181,10945,22643,0.12115100063162142,0.09350019736252327,211,19,53,"[113, 170, 82, 241]",1429
TR1_1645264934,6,Ashe,1,1,6,2,0.5,6755,14,15682,17199,2579,7122,0.07697809946700988,0.060868506503998276,116,16,188,"[68, 74, 61]",1429
TR1_1645264934,7,Yunara,1,2,7,1,0.43,6750,14,18709,20229,4274,10407,0.09183936785384027,0.07159177562549178,73,3,31,"[2, 116, 238]",1429
TR1_1645264934,8,Volibear,7,8,6,6,2.33,16000,18,32285,69775,22905,86493,0.08419877909752718,0.2235691123192232,250,0,75,"[227, 79, 23, 53]",1429
TR1_1645264934,9,Elise,5,15,6,3,3.0,19100,18,55148,40626,10036,37998,0.1438242036867168,0.13017220369064006,691,0,29,"[129, 151, 150, 48]",1429
TR1_1645264934,10,Kled,2,7,8,5,1.5,13050,16,30451,39267,6463,22667,0.14947837169618805,0.1389713481588757,123,14,59,"[217, 71, 52]",1429
TR1_1645264934,11,Karthus,2,5,7,6,1.57,11070,16,38166,29852,4153,19633,0.18734485117936928,0.10565155289114542,462,0,12,"[133, 72, 311]",1429
TR1_1645264934,12,Darius,3,3,10,5,0.8,9815,15,22894,42619,7938,42245,0.1123833472325687,0.15083446494046182,153,0,22,"[13, 90, 16]",1429
TR1_1645264934,13,Nunu,3,5,7,3,1.14,9500,15,18269,68755,40467,70114,0.08967785188082798,0.24332845442711024,215,97,141,"[118, 67, 310]",1429
TR1_1645264934,14,Kennen,4,7,8,4,1.38,13040,17,34535,27816,1908,15697,0.16952274174463938,0.09844266256187043,202,31,83,"[68, 36, 84, 166]",1429
TR1_1645264934,15,Jhin,4,4,6,4,1.33,10891,17,25012,36820,16934,19463,0.12277536894555645,0.13031123489104635,171,12,81,"[312, 38, 47, 220]",1429
TR1_1645264934,16,Twitch,6,9,8,8,2.12,13515,18,49572,32105,4145,20015,0.1292821598789564,0.1028696338788299,89,0,21,"[52, 36, 16]",1429
TR1_1645004612,1,Caitlyn,8,16,9,4,2.22,27910,18,83121,48661,8941,24915,0.14649013137846614,0.0921193599908731,186,10,23,"[115, 170, 71, 36]",1849
TR1_1645004612,2,Yasuo,5,5,10,3,0.8,12870,16,24696,24521,3132,32173,0.12847573335409368,0.10117449023325703,220,10,88,"[228, 22, 29]",1849
TR1_1645004612,3,Sejuani,6,3,4,21,6.0,32250,18,51584,62929,14048,333143,0.09091093338555085,0.11912852768849784,340,3,91,"[18, 218, 149, 310]",1849
TR1_1645004612,4,Nasus,7,0,5,0,0.0,3500,9,2672,7903,405,4181,0.013902523177944237,0.03261010594861448,16,0,1,[79],1849
TR1_1645004612,5,Lillia,8,6,7,16,3.14,29510,18,63736,54791,20390,37993,0.11232688091338838,0.10372288207950885,276,15,89,"[243, 44, 68, 133]",1849
TR1_1645004612,6,Evelynn,7,0,5,0,0.0,3600,9,5671,7354,197,2850,0.02950628861602606,0.030346017856111285,88,11,12,[48],1849
TR1_1645004612,7,Sejuani,3,12,6,5,2.83,22750,18,54783,74677,13485,164805,0.0965480627123237,0.14136889269235578,204,11,34,"[193, 17, 13, 310]",1849
TR1_1645004612,8,Leona,3,5,6,12,2.83,21500,18,42867,87541,32916,176522,0.07554796537586944,0.16572031936846673,201,38,58,"[233, 42, 238, 149]",1849
TR1_1645004612,9,Jhin,1,23,9,0,2.56,36750,18,122093,86159,6675,70975,0.21517406272839154,0.16310546052348096,227,3,46,"[48, 251, 238, 92]",1849
TR1_1645004612,10,Soraka,1,0,6,23,3.83,27500,18,37232,62396,110689,106945,0.06561722378437015,0.11811952094508146,379,15,52,"[135, 97, 198, 5]",1849
TR1_1645004612,11,Jhin,6,24,10,2,2.6,37875,18,111999,51089,7226,35272,0.19738473972163978,0.09671503671173524,340,9,60,"[219, 305, 82, 217]",1849
TR1_1645004612,12,Lissandra,5,3,7,5,1.14,12300,16,29918,38569,11103,25926,0.15564490760253175,0.1591386782856764,203,58,216,"[219, 97, 215]",1849
TR1_1645004612,13,JarvanIV,4,5,9,2,0.78,10000,16,22569,39829,12442,55218,0.1174145977510709,0.1643362248441702,175,0,90,"[224, 138, 77]",1849
TR1_1645004612,14,Maokai,4,2,7,5,1.0,12550,16,26700,45324,14704,82649,0.13890544215773648,0.18700952546283878,187,23,130,"[233, 218, 215]",1849
TR1_1645004612,15,Syndra,2,6,10,5,1.1,15750,18,47875,31275,3200,38975,0.2490606028925447,0.12904329858802563,381,12,784,"[48, 205, 133, 180]",1849
TR1_1645004612,16,Akali,2,5,8,4,1.12,16750,18,32118,47586,14283,33599,0.16708990444805222,0.19634165878130616,306,12,139,"[234, 60, 16]",1849
TR1_1645000615,1,TwistedFate,4,2,8,8,1.25,11356,16,21204,25743,2886,17578,0.15261784805228712,0.13471073080657034,220,21,77,"[195, 44, 129, 227]",1514
TR1_1645000615,2,Twitch,6,12,11,8,1.82,23075,18,72580,43225,8116,22272,0.1648535254432489,0.11035349723218646,213,3,41,"[323, 44, 238, 107, 47]",1514
TR1_1645000615,3,Pyke,8,3,6,3,1.0,8000,14,15679,25090,9028,20224,0.11285300291923915,0.13129570428001638,107,11,71,"[228, 44, 241, 84]",1514
TR1_1645000615,4,Zilean,1,2,4,0,0.5,4100,9,9721,9669,1904,2369,0.06996735234701346,0.050598965445411516,102,20,54,"[45, 44]",1514
TR1_1645000615,5,AurelionSol,1,0,5,1,0.2,5100,9,4245,9348,1142,3534,0.03055704755239035,0.04891873036815704,58,0,10,"[234, 44]",1514
TR1_1645000615,6,Velkoz,2,4,7,7,1.57,12300,17,41847,30263,1827,16419,0.09504894803011664,0.07726202404453633,380,56,90,"[30, 44, 50, 133, 180]",1514
TR1_1645000615,7,Poppy,2,10,4,3,3.25,12800,17,30746,50488,25114,131339,0.06983580810383722,0.12889550062542043,183,0,65,"[123, 44, 63, 20, 23]",1514
TR1_1645000615,8,DrMundo,5,5,4,19,6.0,23100,18,43943,87614,49172,158378,0.09981086534006678,0.22367877551379625,326,41,71,"[62, 44, 33, 310, 64]",1514
TR1_1645000615,9,Smolder,3,17,6,1,3.0,23750,18,90099,42652,19165,36148,0.20464474366226146,0.10889102242022085,139,15,38,"[224, 44, 92, 77, 64]",1514
TR1_1645000615,10,Nilah,5,19,9,2,2.33,19875,18,59790,56503,39498,30437,0.13580386373861553,0.14425233881010532,194,0,38,"[225, 44, 90, 47, 74]",1514
TR1_1645000615,11,Karma,7,0,6,7,1.17,9750,15,6659,38266,25518,63834,0.047930399196360704,0.20024052737267597,185,6,38,"[156, 44, 192, 20]",1514
TR1_1645000615,12,Ashe,8,3,7,3,0.86,9193,14,11940,23167,3094,16661,0.0859389895697701,0.12123173999990669,93,19,265,"[134, 44, 74, 71]",1514
TR1_1645000615,13,KogMaw,3,1,10,10,1.1,20950,18,44636,33125,3876,13239,0.10138459049151632,0.08457031431630245,165,8,41,"[115, 44, 227, 71, 107]",1514
TR1_1645000615,14,Talon,7,7,9,0,0.78,10675,15,33612,20120,1838,15670,0.24192138800639498,0.10528784978748183,239,14,70,"[219, 44, 23, 16]",1514
TR1_1645000615,15,Vladimir,6,10,5,10,4.0,26500,18,56626,47824,49428,57371,0.1286176551903372,0.1220965270374319,389,0,21,"[48, 44, 118, 116, 310]",1514
TR1_1645000615,16,Aatrox,4,9,5,1,2.0,11300,16,35876,39694,20802,32766,0.2582139723565441,0.20771575193978029,438,14,71,"[54, 44, 211, 98]",1514
TR1_1644995605,1,Jayce,2,10,6,8,3.0,11524,17,48799,36185,6688,27968,0.11166641535174976,0.0770560540075273,393,14,38,"[41, 238, 322, 82]",1508
TR1_1644995605,2,Caitlyn,2,8,13,9,1.31,14024,17,43758,35888,6501,20775,0.10013121038664358,0.0764216872238282,188,12,47,"[225, 238, 73, 151]",1508
TR1_1644995605,3,AurelionSol,6,12,8,2,1.75,19403,17,49252,31597,5648,40377,0.17685709998769442,0.1134930023073208,195,14,21,"[48, 38, 44]",1508
TR1_1644995605,4,Volibear,7,7,7,6,1.86,10756,17,42235,49675,22083,71643,0.09664645222927713,0.10578109996403733,474,0,33,"[58, 107, 28, 118]",1508
TR1_1644995605,5,Singed,8,18,17,4,1.29,16555,18,92085,73978,23337,89690,0.21071761591653057,0.15753296227635852,286,4,168,"[45, 70, 322, 238]",1508
TR1_1644995605,6,Maokai,8,6,4,16,5.5,16509,18,29545,104510,61701,448803,0.06760920389937124,0.22254983888000354,284,19,199,"[18, 84, 60, 20]",1508
TR1_1644995605,7,Illaoi,6,2,8,8,1.25,11374,16,26501,67193,14872,76997,0.09516338262358744,0.24134963752674637,275,11,32,"[123, 310, 9]",1508
TR1_1644995605,8,Kled,1,3,8,11,1.75,10800,15,20800,26270,3612,20830,0.07469029543672555,0.09435839163510375,103,14,29,"[48, 52, 7]",1508
TR1_1644995605,9,Naafiri,1,13,9,3,1.78,12305,15,44740,25760,7014,21478,0.160653388264124,0.0925291360127517,184,0,37,"[310, 16, 49]",1508
TR1_1644995605,10,KSante,3,8,6,17,4.17,18762,18,61465,77166,21050,158918,0.14064996531371465,0.16432239956824163,551,0,174,"[41, 74, 39, 150]",1508
TR1_1644995605,11,Kennen,3,17,13,7,1.85,23303,18,85492,52002,15065,50000,0.19563105162226793,0.11073577879400755,428,125,264,"[156, 33, 49, 103]",1508
TR1_1644995605,12,Warwick,4,8,7,8,2.29,11050,16,34008,34932,16994,54422,0.1221176936041971,0.12547074997446078,211,0,41,"[19, 180, 37]",1508
TR1_1644995605,13,Samira,7,6,9,6,1.33,11689,17,33627,40198,10060,59324,0.07694808528044517,0.08560017928599595,251,33,59,"[224, 107, 214, 301]",1508
TR1_1644995605,14,Aphelios,5,4,9,6,1.11,11311,15,30733,39201,14598,26225,0.1103582766763063,0.1408066344386218,108,44,101,"[134, 52, 22]",1508
TR1_1644995605,15,Kaisa,5,8,6,4,2.0,10508,15,25060,20786,4615,18957,0.08998873421593406,0.07466041664448075,285,7,28,"[225, 116, 205]",1508
TR1_1644995605,16,Yasuo,4,8,8,7,1.88,10765,16,47390,32666,11265,32119,0.17017112919143113,0.11733203146051405,255,5,75,"[174, 301, 22]",1508
TR1_1644432806,1,Chogath,8,0,5,0,0.0,3850,11,2318,8690,43,4232,0.01235062874308634,0.044647147849407945,0,0,0,[33],1249
TR1_1644432806,2,Maokai,7,4,6,5,1.5,12576,16,36287,36222,10165,25912,0.19327183914337523,0.1860884384431955,172,27,86,"[310, 104, 88]",1249
TR1_1644432806,3,LeeSin,3,6,7,5,1.57,11062,16,42602,28261,5522,25658,0.2269094758017421,0.14518807851926963,178,8,22,"[238, 310]",1249
TR1_1644432806,4,Vi,3,5,6,5,1.67,10808,16,17042,41492,4085,55734,0.09077281779118654,0.21316376424492448,186,0,16,"[151, 64, 41]",1249
TR1_1644432806,5,Amumu,6,1,7,10,1.57,10866,17,27644,38346,2816,50888,0.07923242107250343,0.1106756313365162,165,20,40,"[227, 13, 228, 67]",1249
TR1_1644432806,6,Kassadin,6,10,5,1,2.2,14550,17,28952,23597,4128,22254,0.08298221751286897,0.06810887652657649,233,0,15,"[129, 89, 234, 84]",1249
TR1_1644432806,7,Yorick,5,3,6,9,2.0,10550,17,32093,49415,16845,42007,0.0919820905923068,0.14262423955322953,234,7,48,"[238, 79]",1249
TR1_1644432806,8,Malphite,4,7,2,16,11.5,18532,18,41491,47457,13026,106631,0.11891998209106253,0.13697385147413627,310,1,34,"[13, 116, 78, 149]",1249
TR1_1644432806,9,Lulu,1,1,6,5,1.0,7454,14,12766,16526,1922,11304,0.06799759058705923,0.08490427886868553,188,26,28,"[94, 192, 15]",1249
TR1_1644432806,10,Kindred,1,5,6,1,1.0,7452,14,33577,21639,8763,13871,0.17883976625301112,0.11117055032968548,140,15,40,"[52, 89, 243]",1249
TR1_1644432806,11,Trundle,2,11,6,6,2.83,19062,18,70344,63272,28970,82512,0.2016140043363471,0.18261899813971536,188,0,69,"[107, 52, 81, 74]",1249
TR1_1644432806,12,Bard,2,6,6,13,3.17,20266,18,33775,48447,31797,45969,0.0968037396609325,0.13982897309418063,275,47,103,"[215, 33, 15, 36]",1249
TR1_1644432806,13,LeeSin,5,9,5,3,2.4,10250,17,32643,34494,12541,31923,0.09355868658618825,0.0995576000087263,261,38,58,"[312, 63, 79]",1249
TR1_1644432806,14,Fizz,8,1,5,0,0.2,3850,11,7161,10362,425,5384,0.03814280787340024,0.053237154279389194,43,3,5,"[133, 116]",1249
TR1_1644432806,15,Rengar,7,6,8,2,1.0,13004,16,35994,31455,13417,29312,0.19171507380713923,0.16160058746544226,254,0,38,"[92, 103, 58]",1249
TR1_1644432806,16,Yasuo,4,17,10,5,2.2,17762,18,81960,41442,5951,59383,0.23490685814779041,0.11961182986691922,447,18,42,"[217, 238, 225, 107]",1249
TR1_1644423841,1,Nautilus,3,7,6,12,3.17,19302,18,47799,82281,6784,189622,0.13449055572380034,0.25032036693780046,217,10,54,"[216, 49, 226, 215]",1460
TR1_1644423841,2,Morgana,3,15,4,5,5.0,20810,18,49430,45100,16110,86839,0.1390793039418889,0.1372056368894486,376,7,33,"[219, 26, 218, 141]",1460
TR1_1644423841,3,Veigar,5,4,6,1,0.83,6978,14,16410,17063,848,11444,0.08260807467311392,0.07522452846660602,173,57,75,"[208, 322, 205]",1460
TR1_1644423841,4,Sylas,5,1,7,3,0.57,7976,15,17798,30003,8489,34310,0.08959627843771793,0.13227127767099547,199,7,36,"[208, 73, 136]",1460
TR1_1644423841,5,Udyr,4,3,8,6,1.12,11181,16,31666,24858,6255,42692,0.08909888515668082,0.07562672247345124,167,0,17,"[225, 170, 22]",1460
TR1_1644423841,6,Kaisa,4,8,7,2,1.43,11072,16,29977,22332,4164,16542,0.08434662126556416,0.06794080966251652,213,7,20,"[81, 251, 46]",1460
TR1_1644423841,7,Malzahar,6,6,7,5,1.57,16012,18,31168,29738,3960,21219,0.08769834360464182,0.09047145567379299,356,0,18,"[30, 97, 112, 180]",1460
TR1_1644423841,8,Velkoz,6,7,6,5,2.0,16410,18,32016,45630,9312,47307,0.09008335337139918,0.13881920233794498,372,40,63,"[62, 56, 28, 151]",1460
TR1_1644423841,9,Sion,2,3,6,3,1.0,10248,15,21755,43021,6040,88740,0.10951586146349471,0.18966331387573365,134,13,51,"[62, 232, 12]",1460
TR1_1644423841,10,Kassadin,2,5,11,2,0.64,10228,15,31881,33444,3690,44706,0.16049112474436503,0.1474419835222303,297,0,16,"[48, 17, 120]",1460
TR1_1644423841,11,Pantheon,8,4,7,4,1.14,10875,16,36372,27512,862,19742,0.1830988082004574,0.12128888479376664,132,0,22,"[48, 73, 120]",1460
TR1_1644423841,12,Orianna,7,16,4,9,6.25,27344,18,91845,40388,11373,42451,0.2584194552513958,0.12287075277060575,340,50,52,"[234, 205, 9, 129]",1460
TR1_1644423841,13,Cassiopeia,1,4,8,5,1.12,10500,15,11790,21766,3275,13921,0.05935329034039504,0.09596026091990481,316,4,53,"[156, 25, 32]",1460
TR1_1644423841,14,Malzahar,1,9,6,4,2.17,12014,15,44571,32898,9231,33646,0.22437219414056697,0.14503460959505915,240,0,10,"[45, 93, 237]",1460
TR1_1644423841,15,Kassadin,7,10,5,9,3.8,22112,18,41506,38374,17030,53009,0.11678348168462897,0.11674505325443948,533,0,35,"[224, 57, 237, 150]",1460
TR1_1644423841,16,Lucian,8,4,8,4,1.0,10395,16,18069,21121,4131,7129,0.09096436799988901,0.09311514115570395,131,2,13,"[194, 305, 251]",1460
TR1_1644414752,1,Skarner,1,10,5,6,3.2,11304,16,51879,60589,29228,178059,0.2032703209755735,0.21380220598648708,445,2,55,"[2, 123, 238]",1439
TR1_1644414752,2,Janna,1,6,6,9,2.5,11308,16,26468,31884,6785,66200,0.10370732872204905,0.11250960313943187,335,37,35,"[227, 86, 198]",1439
TR1_1644414752,3,Vi,2,8,7,10,2.57,16756,18,48393,41059,23281,51347,0.13450226111152164,0.11800407508854027,340,0,81,"[103, 224, 109, 29]",1439
TR1_1644414752,4,Anivia,2,10,6,7,2.83,18008,18,39896,61563,10114,46536,0.11088517544629574,0.1769318613115545,448,197,283,"[113, 219, 68, 312]",1439
TR1_1644414752,5,Vayne,5,16,7,5,3.0,16250,18,70703,32973,10935,15380,0.19650914026507446,0.09476325436603157,162,33,74,"[238, 225, 107, 116]",1439
TR1_1644414752,6,XinZhao,8,3,8,6,1.12,9754,15,37401,28793,10115,26007,0.1465424188376462,0.10160246435281493,95,0,88,"[52, 323, 198]",1439
TR1_1644414752,7,Nasus,3,8,6,5,2.17,11076,16,25993,69150,33915,96472,0.0722436844245672,0.1987342338871265,261,0,56,"[310, 62, 71]",1439
TR1_1644414752,8,Morgana,3,5,7,8,1.86,12790,16,42435,34123,9269,27233,0.1179408923733107,0.09807072749320535,267,18,78,"[61, 11, 211]",1439
TR1_1644414752,9,FiddleSticks,7,5,7,8,1.86,11300,16,38107,41195,26541,42827,0.1493089116222383,0.14536399943152545,248,0,34,"[2, 15, 312]",1439
TR1_1644414752,10,Udyr,6,8,11,3,1.0,11625,17,49450,35368,6883,33064,0.1374401636164791,0.10164780229560746,332,0,8,"[238, 243, 116, 82]",1439
TR1_1644414752,11,Malzahar,7,8,9,4,1.33,12500,16,32473,32495,1705,20117,0.12723585580563954,0.11466764103958783,200,46,84,"[65, 135, 104]",1439
TR1_1644414752,12,Sylas,8,8,8,2,1.25,11274,15,28747,27136,7586,18603,0.11263590884516013,0.09575704696636868,198,57,181,"[33, 156, 129]",1439
TR1_1644414752,13,Mordekaiser,6,5,6,7,2.0,10764,17,38059,39439,27159,138144,0.10577987419748307,0.11334826802001206,467,0,7,"[118, 45, 238, 92]",1439
TR1_1644414752,14,Yasuo,5,5,4,13,4.5,16254,18,44866,34273,19613,91255,0.12469880856526809,0.09849977753792229,297,5,44,"[52, 219, 63, 223]",1439
TR1_1644414752,15,Janna,4,1,7,6,1.0,7500,14,7632,29452,16814,33338,0.029906820326809407,0.10392946499040873,302,24,139,"[215, 216, 217]",1439
TR1_1644414752,16,Varus,4,7,9,1,0.89,8738,14,32513,31844,4967,29330,0.12739243486488389,0.11236757409337546,138,31,323,"[125, 62, 107]",1439
TR1_1644318054,1,XinZhao,8,10,6,4,2.33,11800,16,27959,21231,4726,14159,0.13506037869561818,0.09373069812014903,82,0,12,"[10, 242, 52, 82]",1373
TR1_1644318054,2,Maokai,7,5,3,16,7.0,15500,18,37219,43154,23675,130525,0.09194640813464833,0.10730533587072584,200,24,192,"[218, 242, 63, 217, 33]",1373
TR1_1644318054,3,Kassadin,1,9,7,9,2.57,15900,18,63188,40382,14018,112626,0.1560994540911292,0.10041325493067448,507,0,25,"[73, 242, 180, 241, 129]",1373
TR1_1644318054,4,Khazix,1,10,10,5,1.5,16660,18,51997,34081,10122,37969,0.12845284708286442,0.08474481914643511,362,20,80,"[25, 242, 321, 82, 116]",1373
TR1_1644318054,5,Nidalee,6,5,7,4,1.29,9800,15,27510,34702,16761,33350,0.13288922905365494,0.15320117143745537,778,22,76,"[34, 242, 227, 241]",1373
TR1_1644318054,6,Orianna,6,5,8,3,1.0,9800,15,25916,29093,4196,24606,0.1251903390652782,0.12844014128278702,481,27,29,"[305, 242, 16, 312]",1373
TR1_1644318054,7,Rumble,8,5,4,10,3.75,11300,16,29923,24109,3081,42560,0.14454496388130048,0.10643825413109863,198,39,64,"[46, 242, 50, 180]",1373
TR1_1644318054,8,Draven,4,3,9,4,0.78,8079,14,14495,19321,814,18004,0.07001970803903809,0.08530158958095535,175,19,32,"[22, 242, 118, 84]",1373
TR1_1644318054,9,Nocturne,4,5,6,3,1.33,7710,14,25992,32614,17244,26242,0.12555816950057058,0.14398640932094384,91,18,43,"[308, 242, 61, 107]",1373
TR1_1644318054,10,Malphite,5,5,6,5,1.67,11050,17,29912,44446,8597,136254,0.07389423880436842,0.11051909354705441,236,0,41,"[80, 242, 92, 74, 175]",1373
TR1_1644318054,11,Vladimir,5,8,9,4,1.33,13250,17,38593,122048,105047,115467,0.09533993809118489,0.30347954613023176,338,0,39,"[60, 242, 64, 103]",1373
TR1_1644318054,12,Yasuo,7,17,6,3,3.33,17000,18,111719,37408,18224,107181,0.27598687701143326,0.09301898975094729,322,18,103,"[206, 242, 321, 238, 71]",1373
TR1_1644318054,13,Riven,2,7,8,3,1.25,11800,15,24342,28143,10983,50989,0.1175885698223012,0.12424490155743259,279,3,38,"[73, 242, 211, 84]",1373
TR1_1644318054,14,Veigar,3,7,9,2,1.0,13000,17,25498,32508,9498,17861,0.06298971112415333,0.08083476673300698,241,12,25,"[171, 242, 133, 16]",1373
TR1_1644318054,15,Ornn,2,4,6,7,1.83,10300,15,30876,37296,8658,61071,0.14914864194223829,0.16465683456917818,195,18,39,"[42, 242, 238, 94]",1373
TR1_1644318054,16,Rell,3,4,6,7,1.83,10510,17,46669,48132,17679,66526,0.11529052566021818,0.11968419389092416,316,0,12,"[85, 242, 129, 13, 310]",1373
TR1_1644309598,1,Yone,5,9,9,3,1.33,12000,17,39825,29136,4247,29904,0.1797120427044549,0.1050935256124754,272,3,21,"[17, 47, 237, 79]",1604
TR1_1644309598,2,XinZhao,3,2,7,0,0.29,6756,14,12136,22941,5447,16394,0.05476488826785989,0.08274850897986522,77,0,8,"[112, 310, 138]",1604
TR1_1644309598,3,Sion,7,19,6,9,4.67,30625,18,115324,74670,16926,256282,0.23717389135817024,0.16898297916723215,315,18,127,"[25, 152, 102, 123]",1604
TR1_1644309598,4,Naafiri,2,12,7,3,2.14,18725,18,46930,35118,11933,32445,0.09651701466378201,0.07947538680087413,242,7,56,"[73, 82, 221, 48]",1604
TR1_1644309598,5,Nidalee,3,1,7,2,0.43,6765,15,16937,24951,6393,21524,0.07643025273817192,0.08999970257019227,343,12,35,"[97, 180, 26]",1604
TR1_1644309598,6,Morgana,7,9,12,17,2.17,29753,18,65392,58372,12128,82507,0.13448553038453234,0.1321001242325864,503,133,225,"[28, 231, 44, 30]",1604
TR1_1644309598,7,Akali,4,14,6,6,3.33,23374,18,50478,35406,4656,38308,0.1038134576943991,0.08012766014643936,353,73,115,"[171, 2, 46, 166]",1604
TR1_1644309598,8,Shyvana,4,7,7,10,2.43,22534,18,43259,60619,24700,65950,0.08896725817512108,0.13718611660237792,497,17,26,"[54, 129, 305, 320]",1604
TR1_1644309598,9,Ryze,5,4,8,6,1.25,12003,18,34205,40005,4424,27770,0.15435276481399599,0.1442971624449598,496,36,59,"[9, 150, 97, 53]",1604
TR1_1644309598,10,Jayce,8,3,7,1,0.57,8212,14,13840,20223,1691,10328,0.0624541433153744,0.0729430752740176,202,8,28,"[32, 151, 206]",1604
TR1_1644309598,11,Nautilus,1,4,7,19,3.29,29592,18,49533,87031,5217,327237,0.1018701854968373,0.19695750189333286,436,22,120,"[136, 152, 205, 30]",1604
TR1_1644309598,12,Evelynn,1,21,11,2,2.09,24289,18,78204,60243,18496,49576,0.1608343154933643,0.13633466765779753,579,24,84,"[237, 65, 32, 45]",1604
TR1_1644309598,13,KogMaw,8,1,8,3,0.5,7003,14,19230,18946,1590,7516,0.08677740028168054,0.06834008482089449,134,21,39,"[237, 211, 34]",1604
TR1_1644309598,14,XinZhao,6,9,8,6,1.88,13262,18,40443,73565,38831,45878,0.18250424946965385,0.26534596560418006,205,0,22,"[60, 165, 22, 18]",1604
TR1_1644309598,15,Jhin,6,7,7,9,2.29,15015,18,44986,47473,3663,13038,0.20300425840880854,0.17123197469341517,152,0,7,"[308, 82, 120, 195]",1604
TR1_1644309598,16,Jhin,2,3,8,11,1.75,18250,18,37118,30417,2765,31433,0.07633834673379361,0.0688355634993596,288,5,33,"[69, 227, 14]",1604
TR1_1643828744,1,Garen,7,19,6,9,4.67,20008,18,77651,29232,6172,50159,0.20642292018292857,0.0857107909547324,113,0,9,"[310, 227, 82, 92]",1313
TR1_1643828744,2,Lulu,5,4,6,10,2.33,13500,17,12813,29642,16019,47738,0.034062614409435435,0.08691299707655403,179,31,69,"[243, 5, 2, 198]",1313
TR1_1643828744,3,Samira,1,14,15,4,1.2,18655,18,58634,50378,13229,31954,0.15586963590331274,0.14771412071006176,273,20,51,"[220, 77, 227, 89]",1313
TR1_1643828744,4,Katarina,1,6,6,13,3.17,16776,18,43722,61391,8567,141914,0.11622854180446768,0.18000440474853838,168,7,76,"[125, 50, 321, 129]",1313
TR1_1643828744,5,Camille,7,10,3,14,8.0,19256,18,53413,63270,45891,81920,0.14199142019137995,0.18551500195526716,394,3,38,"[228, 23, 90, 84]",1313
TR1_1643828744,6,Ashe,5,10,8,3,1.62,11526,17,52845,35041,4683,23571,0.14048148660421605,0.10274394942939104,119,16,216,"[225, 36, 107, 52]",1313
TR1_1643828744,7,Soraka,6,0,6,6,1.0,7752,13,3896,20269,26327,17447,0.023011029495554718,0.09860480785138251,136,0,21,"[30, 2]",1313
TR1_1643828744,8,Yorick,8,2,8,1,0.38,6950,14,17072,34578,7507,20184,0.10081864251780388,0.16821404664631576,176,1,24,"[216, 238, 84]",1313
TR1_1643828744,9,Jayce,2,2,7,0,0.29,6200,12,17553,14776,1848,9431,0.10365926771878117,0.071882816180889,179,13,40,"[219, 217]",1313
TR1_1643828744,10,Azir,2,0,6,2,0.33,6200,12,15601,15206,1661,10484,0.09213090441882003,0.07397369652929882,119,4,34,"[48, 61]",1313
TR1_1643828744,11,Rengar,3,5,7,11,2.29,12300,17,32086,38734,13010,25349,0.085297281038297,0.11357208533392256,163,0,16,"[41, 23, 16, 74]",1313
TR1_1643828744,12,Samira,3,14,5,4,3.6,13697,17,45007,33364,10001,19454,0.1196460998659626,0.09782664979153266,109,6,21,"[134, 52, 211, 24]",1313
TR1_1643828744,13,Udyr,4,6,7,5,1.57,12502,16,35761,25617,3126,18950,0.21118297415855275,0.12461981704699562,114,0,19,"[310, 250, 68]",1313
TR1_1643828744,14,Xerath,4,5,5,4,1.8,15066,16,29499,26954,2535,22199,0.174205689287187,0.13112703734489542,241,20,34,"[86, 238, 180]",1313
TR1_1643828744,15,Olaf,6,9,6,0,1.5,7782,13,39562,48778,22401,52183,0.23362772633630466,0.23729274810435375,214,3,41,"[41, 24]",1313
TR1_1643828744,16,Gragas,8,1,6,2,0.5,6750,14,10391,19381,3339,27669,0.061363766066995784,0.09428503029586915,311,3,34,"[30, 180, 311]",1313
TR1_1643824349,1,Vi,3,3,8,5,1.0,12815,17,25710,44382,3313,54683,0.07872513409014158,0.14453333242082314,150,0,72,"[103, 216, 206, 13]",1317
TR1_1643824349,2,Ziggs,5,12,7,5,2.43,20750,18,40985,32635,3554,18746,0.12549916975385036,0.10628000005775273,435,29,81,"[47, 30, 46]",1317
TR1_1643824349,3,Elise,5,6,5,11,3.4,16500,18,46956,39585,12893,25112,0.1437817729459006,0.12891329087561665,405,1,94,"[129, 156, 22, 133]",1317
TR1_1643824349,4,Qiyana,6,4,8,6,1.25,11765,15,28401,24025,4685,14104,0.1485820671091798,0.11206166858036437,283,15,129,"[116, 219, 218]",1317
TR1_1643824349,5,Fiora,1,16,8,2,2.25,15400,18,52573,39711,18492,64169,0.16098126332286533,0.12932344978793012,255,6,39,"[103, 234, 187, 223]",1317
TR1_1643824349,6,Udyr,1,2,9,12,1.56,14035,18,34147,37380,6908,39853,0.10455989370820706,0.12173156008095025,306,0,18,"[71, 45, 40, 92]",1317
TR1_1643824349,7,Chogath,8,15,3,5,6.67,21030,18,48307,47274,22975,141867,0.14791727503101895,0.15395130257511244,225,0,26,"[2, 48, 49, 13]",1317
TR1_1643824349,8,Ornn,7,1,6,2,0.5,6255,12,10632,19949,880,30957,0.05562467451345069,0.09305042910868906,101,14,54,"[152, 193]",1317
TR1_1643824349,9,Draven,7,2,8,1,0.38,6849,12,11357,17458,3708,8735,0.05941549327597507,0.08143218676329239,138,12,67,"[200, 220]",1317
TR1_1643824349,10,Akali,2,5,7,8,1.86,11570,16,33819,47223,14496,44652,0.1769306654482216,0.22026368061256887,285,0,44,"[63, 41, 73]",1317
TR1_1643824349,11,Ekko,2,10,6,4,2.33,11815,16,20279,33444,8941,27285,0.10609464599005552,0.15599422896268864,220,12,49,"[36, 233, 32]",1317
TR1_1643824349,12,Nami,4,6,6,7,2.17,12270,15,30120,28530,17144,14192,0.1575763638351009,0.13307387539396026,225,8,53,"[2, 156, 97]",1317
TR1_1643824349,13,Seraphine,3,6,7,3,1.29,10595,17,23122,27359,6118,21059,0.07080084228126807,0.08909658304857089,291,83,126,"[227, 1, 76, 238]",1317
TR1_1643824349,14,Gnar,8,8,10,12,2.0,20270,18,54779,38743,3447,27524,0.16773464886674805,0.12617048115324378,223,15,53,"[154, 225, 80, 77]",1317
TR1_1643824349,15,Veigar,6,7,6,3,1.67,10555,15,25845,21330,2627,12061,0.1352107482220359,0.0994894211815158,148,28,61,"[129, 219, 308]",1317
TR1_1643824349,16,Seraphine,4,7,6,6,2.17,10750,15,30691,22433,2858,12797,0.1605653416059805,0.10463450939692062,275,60,106,"[133, 15, 37]",1317
TR1_1643819140,1,XinZhao,7,3,5,11,2.8,15750,18,28123,79592,32928,81674,0.0841311837940051,0.28124119423262445,97,0,27,"[41, 13, 23, 68]",1343
TR1_1643819140,2,Smolder,2,13,3,8,7.0,19510,18,59508,25553,13787,21827,0.1780192116529872,0.090292232876143,258,26,50,"[48, 29, 77, 47]",1343
TR1_1643819140,3,Garen,2,11,3,9,6.67,16635,18,59290,23237,8691,44928,0.17736648294157292,0.08211037018650659,142,0,24,"[6, 238, 250, 84]",1343
TR1_1643819140,4,Seraphine,1,8,9,2,1.11,11310,15,28223,29379,6973,21623,0.15291007936956225,0.11833396602069621,228,22,66,"[219, 215, 238]",1343
TR1_1643819140,5,Bard,1,2,8,7,1.12,9800,20,17407,31071,10326,41628,0.094309503516603,0.1251508704672828,198,10,42,"[228, 238, 103]",1343
TR1_1643819140,6,Zed,6,10,8,4,1.75,11750,17,46671,30510,8141,24045,0.13961776925084177,0.10781084014627841,321,36,67,"[310, 82, 211, 63]",1343
TR1_1643819140,7,Kennen,8,5,8,6,1.38,10500,16,36891,24227,3351,22030,0.1103601495344476,0.08560761121687215,271,16,72,"[156, 16]",1343
TR1_1643819140,8,Renata,6,5,7,8,1.86,16219,17,30969,38680,5089,31039,0.09264547348770469,0.1366799198116931,120,23,78,"[81, 227, 133, 116]",1343
TR1_1643819140,9,Swain,5,7,6,2,1.5,8000,13,34779,40623,23458,45136,0.18842841189788545,0.1636236902221069,314,17,80,"[224, 65]",1343
TR1_1643819140,10,MissFortune,7,13,9,3,1.78,20135,18,48023,32861,7047,16598,0.14366234315012208,0.1161180393365719,121,6,136,"[225, 92, 36, 77]",1343
TR1_1643819140,11,Rakan,5,2,8,6,1.0,8700,13,16091,27814,8551,43382,0.08718173009125774,0.11203024438331155,160,14,49,"[48, 13]",1343
TR1_1643819140,12,Ekko,8,7,5,5,2.4,10500,16,24802,28339,11689,32935,0.07419738618831866,0.10013979219331036,201,43,133,"[30, 154]",1343
TR1_1643819140,13,Poppy,3,3,5,5,1.6,10050,15,18173,34302,3610,76288,0.09845801636345794,0.13816483848142602,161,0,26,"[208, 63, 238]",1343
TR1_1643819140,14,Tristana,3,7,11,3,0.91,10050,15,19533,24916,3525,11000,0.10583044613589103,0.10035839172563718,142,0,20,"[219, 107, 217]",1343
TR1_1643819140,15,Gwen,4,7,5,1,1.6,7200,14,29630,24972,11342,20470,0.16053063624215808,0.10058291018801298,306,25,91,"[79, 217, 74]",1343
TR1_1643819140,16,Kled,4,1,5,5,1.2,8200,14,20737,35194,2183,24486,0.11235117638318451,0.14175508851152638,107,13,92,"[216, 152, 310]",1343
TR1_1643589585,1,Veigar,7,2,11,2,0.36,8773,12,17397,18593,1257,8733,0.07668554396690114,0.07178089291044734,194,24,19,"[136, 205]",1440
TR1_1643589585,2,Sion,4,10,6,4,2.33,14838,17,40029,46762,12515,51905,0.09689030789348485,0.11570675112668012,164,25,42,"[80, 87, 24, 82]",1440
TR1_1643589585,3,Qiyana,3,3,7,10,1.86,19856,18,57227,31015,5519,32733,0.138519136262066,0.0767437257373963,274,25,115,"[324, 89, 194, 62]",1440
TR1_1643589585,4,KSante,7,2,6,1,0.5,8798,12,12890,20578,3127,45298,0.056819407760846555,0.07944447878960739,221,0,20,"[80, 232]",1440
TR1_1643589585,5,Gnar,4,4,4,8,3.0,15337,17,34259,37862,5465,31137,0.08292432861670986,0.09368365109797823,171,28,76,"[17, 51, 84, 74]",1440
TR1_1643589585,6,Nasus,6,13,5,2,3.0,15168,18,58964,63546,32900,86017,0.14272332156753964,0.157235462111702,238,0,11,"[105, 129, 311]",1440
TR1_1643589585,7,Skarner,6,3,8,10,1.62,18003,18,48666,63329,7276,209657,0.11779642182181035,0.156699302973306,227,1,21,"[226, 251, 238, 13]",1440
TR1_1643589585,8,Zyra,2,3,7,4,1.0,10255,14,31692,20785,1756,20689,0.13969254688049848,0.08024127148975149,225,20,31,"[218, 110, 217]",1440
TR1_1643589585,9,Shaco,5,7,7,6,1.86,13016,16,49995,28426,8526,13846,0.2203683353839187,0.10973978528670864,181,0,3,"[205, 32, 2]",1440
TR1_1643589585,10,Shaco,2,4,9,1,0.56,9390,14,17960,24430,4376,14530,0.0791680614766602,0.09431656017366423,217,0,13,"[187, 73, 89]",1440
TR1_1643589585,11,Teemo,5,7,11,6,1.18,15032,16,30661,33185,4848,20172,0.13514820502120922,0.1281155709379661,226,0,5,"[28, 207, 68]",1440
TR1_1643589585,12,Vladimir,3,10,5,3,2.6,17171,18,44275,59464,61031,41419,0.1071683094458896,0.14713468285757336,367,0,23,"[97, 222, 90]",1440
TR1_1643589585,13,RekSai,1,5,5,8,2.6,13860,15,27738,75229,35288,101910,0.12226698972409586,0.2904239947689188,250,12,35,"[39, 57, 36]",1440
TR1_1643589585,14,Kled,1,8,7,5,1.86,13861,15,38534,37802,5784,25623,0.16985090978586984,0.14593744564293606,156,21,44,"[102, 28, 310]",1440
TR1_1643589585,15,Nasus,8,8,4,11,4.75,19015,18,53798,47586,25316,94674,0.13021920555051927,0.11774540655550718,336,0,16,"[170, 181, 118, 103]",1440
TR1_1643589585,16,Ryze,8,15,2,7,11.0,18876,18,75918,54580,5391,46696,0.18375896884198045,0.13505101753985682,775,49,59,"[305, 56, 311, 180]",1440
TR1_1643585300,1,Xerath,2,5,5,14,3.8,16036,18,59644,33592,2552,29173,0.16164261726134868,0.11287475382323685,459,13,31,"[324, 156, 30, 48]",1396
TR1_1643585300,2,Nidalee,2,12,5,6,3.6,18021,18,32554,31156,18938,17756,0.08822722920882978,0.10468695933957302,511,9,36,"[222, 65, 133, 129]",1396
TR1_1643585300,3,Aatrox,7,7,5,5,2.4,11054,15,47417,56304,27442,59846,0.2745330430921435,0.22254316384815812,354,7,28,"[136, 321, 20]",1396
TR1_1643585300,4,Alistar,8,2,6,1,0.5,7256,13,11171,34110,13563,61003,0.0646768969138028,0.1348211534197897,140,0,24,"[42, 64]",1396
TR1_1643585300,5,Janna,7,2,5,8,2.0,9503,15,14175,42909,24657,58366,0.08207256318098781,0.16959754810444672,281,18,21,"[76, 215, 21]",1396
TR1_1643585300,6,Naafiri,8,1,8,1,0.25,8473,13,10301,25830,9424,16376,0.05964048799577557,0.10209352460448964,207,0,35,"[93, 238]",1396
TR1_1643585300,7,XinZhao,4,17,4,7,6.0,21880,18,84155,44333,23119,44628,0.22806980510306854,0.1489651037124966,133,0,34,"[46, 77, 98, 52]",1396
TR1_1643585300,8,Gragas,5,8,5,9,3.4,11012,17,53119,34045,10540,69932,0.14395872825164635,0.11439591217846637,475,13,51,"[218, 215, 223, 61]",1396
TR1_1643585300,9,Zyra,6,5,6,7,2.0,10771,16,34090,19430,3844,15061,0.09238880747184267,0.06528670694764518,277,20,35,"[85, 223, 61]",1396
TR1_1643585300,10,Volibear,3,2,6,3,0.83,6750,12,15451,23871,4654,18861,0.08945820466651452,0.0943523014234482,145,0,25,"[136, 64]",1396
TR1_1643585300,11,Nami,4,8,1,17,25.0,19112,18,31969,36506,35831,51567,0.08664014906048831,0.12266437484670453,273,32,59,"[105, 68, 50, 118]",1396
TR1_1643585300,12,Graves,3,3,8,1,0.5,6890,12,16940,15204,2005,17010,0.09807853310087578,0.06009390533936663,118,10,26,"[251, 63]",1396
TR1_1643585300,13,Vladimir,5,8,6,5,2.17,11334,17,36699,66045,51728,42623,0.09946002561593388,0.2219196457992056,347,0,29,"[138, 227, 94, 211]",1396
TR1_1643585300,14,FiddleSticks,6,5,7,4,1.29,10262,16,36756,32501,10640,20325,0.09961263802684178,0.10920654335267187,163,0,13,"[97, 311, 238]",1396
TR1_1643585300,15,Jayce,1,4,9,4,0.89,10130,15,20657,32228,6126,23987,0.11960259674666279,0.1273806428583339,267,21,56,"[56, 16, 113]",1396
TR1_1643585300,16,Akshan,1,4,7,7,1.57,10115,15,36606,22547,3498,16126,0.21193767430323726,0.0891177604019671,139,29,50,"[110, 107, 71]",1396
TR1_1643577949,1,Zyra,4,5,6,1,1.0,8553,14,22589,14231,1973,11169,0.10512530316395768,0.06082182232315856,260,19,45,"[65, 304, 25, 30]",1531
TR1_1643577949,2,Renata,4,1,6,5,1.0,8485,14,17680,25252,14199,23659,0.0822786388089295,0.10792399004920297,191,48,105,"[151, 304, 76, 35]",1531
TR1_1643577949,3,Diana,5,10,10,7,1.7,21382,18,60635,40263,10662,91745,0.15782919068348386,0.10325124517005423,221,43,122,"[227, 60, 35, 1, 129]",1531
TR1_1643577949,4,Morgana,3,14,7,4,2.57,15722,18,46154,48334,45175,50120,0.1201359593596628,0.12394707390058315,350,23,56,"[113, 17, 86, 166, 67]",1531
TR1_1643577949,5,Rammus,3,5,6,14,3.17,14710,18,52621,66400,25408,157829,0.13696916383068067,0.1702758373005376,317,0,26,"[20, 218, 216, 41, 5]",1531
TR1_1643577949,6,Kayn,6,4,6,7,1.83,10359,15,26284,36358,12425,48193,0.12231808178810111,0.1553898788543276,193,0,89,"[64, 37, 48, 58]",1531
TR1_1643577949,7,Briar,7,10,6,6,2.67,13105,16,35362,44276,39563,52328,0.16456513072926401,0.1892334270030793,161,9,58,"[36, 42, 58, 18]",1531
TR1_1643577949,8,Naafiri,7,7,4,9,4.0,11060,16,26705,42494,24384,37655,0.12428077792739793,0.18161661193877443,262,0,88,"[310, 32, 58, 48]",1531
TR1_1643577949,9,Xayah,1,14,8,3,2.12,17413,18,63830,49486,29652,46495,0.16614494569760702,0.1269008289600702,116,2,69,"[107, 138, 225, 81, 71]",1531
TR1_1643577949,10,Udyr,5,7,5,10,3.4,29322,18,45490,61872,27555,153509,0.11840802862029604,0.15866473466665482,254,0,69,"[301, 97, 243, 193]",1531
TR1_1643577949,11,Nautilus,1,4,5,13,3.4,19036,18,26996,31716,30206,113131,0.07026977651021396,0.08133367382040448,212,2,54,"[149, 42, 234, 123, 67]",1531
TR1_1643577949,12,Ezreal,6,9,8,3,1.5,11561,15,37816,28035,20894,16460,0.17598417278110315,0.11982184219830806,552,160,202,"[38, 69, 323, 195]",1531
TR1_1643577949,13,Leona,8,5,6,9,2.33,12270,17,40702,50268,31054,197045,0.10594591089249938,0.12890662810546744,274,23,67,"[2, 60, 18, 193, 64]",1531
TR1_1643577949,14,Veigar,8,10,11,4,1.27,11592,17,47753,41616,6404,43457,0.12429702440555629,0.10671997807622809,398,49,76,"[129, 205, 97, 243, 238]",1531
TR1_1643577949,15,Teemo,2,6,9,1,0.78,9753,15,27043,22390,4699,16697,0.12585126386966045,0.09569427048355571,156,0,12,"[52, 22, 115, 220]",1531
TR1_1643577949,16,Shaco,2,1,9,5,0.67,12021,15,21401,20940,16690,21964,0.09959663093158616,0.08949815714959337,244,0,12,"[133, 43, 48, 234]",1531
TR1_1643376536,1,Xayah,2,13,6,4,2.83,21350,18,42624,25006,16345,15083,0.09741246970990416,0.058616258041661866,115,14,41,"[81, 238, 92, 195]",1467
TR1_1643376536,2,Aphelios,2,5,10,11,1.6,16810,18,35010,35149,7836,21519,0.08001072969926963,0.08239158067871018,99,18,36,"[220, 154, 90, 323]",1467
TR1_1643376536,3,Katarina,6,3,9,6,1.0,8800,14,21710,25533,5612,16575,0.11574010501753937,0.12352581869326845,136,0,68,"[225, 38, 89]",1467
TR1_1643376536,4,Hecarim,3,15,4,7,5.5,23845,18,61475,68723,32440,88599,0.1404934192257996,0.16109014630979046,539,0,36,"[4, 41, 150, 243]",1467
TR1_1643376536,5,Sejuani,3,9,3,13,7.33,22536,18,51875,61466,23292,101416,0.11855258042295344,0.14407893570611405,178,5,44,"[193, 243, 310, 174]",1467
TR1_1643376536,6,Viego,4,8,12,5,1.08,12228,17,40466,47335,12172,40875,0.09248096987511414,0.11095557716618523,265,7,57,"[48, 72, 62, 107]",1467
TR1_1643376536,7,Alistar,4,10,6,8,3.0,12588,17,60019,58263,29267,177476,0.1371654913010404,0.1365710985972608,272,0,61,"[123, 63, 75, 165]",1467
TR1_1643376536,8,Pantheon,7,14,10,5,1.9,19285,18,87052,72395,15985,75364,0.19894573955763611,0.16969620600132526,172,0,43,"[41, 82, 310, 165]",1467
TR1_1643376536,9,Garen,5,8,6,4,2.0,11635,16,30154,32480,7550,43373,0.16075287559180393,0.15713360806196225,173,0,314,"[219, 92, 84]",1467
TR1_1643376536,10,Zeri,5,7,10,7,1.4,13570,16,39994,29906,3526,18144,0.21321500899094242,0.14467989067893194,478,489,1001,"[81, 74, 217]",1467
TR1_1643376536,11,Udyr,1,0,7,1,0.14,6010,12,10883,16781,2219,30121,0.05801797355507173,0.08118381076077727,110,0,28,"[125, 226]",1467
TR1_1643376536,12,TwistedFate,1,1,7,0,0.14,6812,12,13235,16374,1008,11152,0.070557521727677,0.07921359718543239,155,32,99,"[86, 171]",1467
TR1_1643376536,13,Singed,7,9,9,13,2.44,19375,18,59045,58275,15912,76691,0.1349386002082825,0.13660019749895214,187,0,74,"[48, 238, 45, 116]",1467
TR1_1643376536,14,Chogath,8,2,8,7,1.12,10270,15,23257,41488,5985,60055,0.12398644955128585,0.2007107340579084,210,0,11,"[243, 116, 310]",1467
TR1_1643376536,15,Urgot,8,8,7,1,1.29,10550,15,32296,28285,4637,45716,0.17217624537828075,0.13683791757180205,158,16,66,"[6, 241, 238]",1467
TR1_1643376536,16,Shaco,6,8,6,3,1.83,10000,14,16048,15857,2393,10974,0.08555382018739893,0.07671462298991726,188,0,65,"[19, 16, 47]",1467
TR1_1643371416,1,Taric,1,5,4,21,6.5,23625,18,56687,75367,40476,171611,0.08372452567492877,0.11373247866744116,442,0,119,"[152, 18, 192, 35]",1465
TR1_1643371416,2,DrMundo,1,21,4,4,6.25,23255,18,157029,186166,46226,222348,0.23192403319509478,0.2809321686848792,453,35,148,"[152, 58, 238, 41]",1465
TR1_1643371416,3,DrMundo,7,5,5,8,2.6,13765,18,63772,72659,22527,83846,0.09418857837922154,0.10964642527816343,123,37,94,"[118, 66, 13, 234]",1465
TR1_1643371416,4,Nunu,4,12,7,5,2.43,22175,18,110131,98413,72071,138707,0.16265769746105171,0.14851007606167022,575,128,325,"[2, 45, 36, 1]",1465
TR1_1643371416,5,Maokai,4,6,5,12,3.6,19125,18,55643,108227,41659,171213,0.08218292783460808,0.16332005666807184,251,23,248,"[310, 75, 149, 193]",1465
TR1_1643371416,6,Irelia,2,2,7,5,1.0,7085,14,27036,23465,3257,18451,0.14408760476306517,0.1084022292640659,216,9,64,"[92, 54, 118]",1465
TR1_1643371416,7,Gangplank,2,6,6,2,1.33,8625,14,22147,22999,5190,23766,0.11803115574537909,0.10624563105320972,314,0,18,"[151, 48, 5]",1465
TR1_1643371416,8,Leblanc,6,2,6,2,0.67,8480,13,33299,23813,2595,12308,0.17746663225975146,0.11000572679623465,228,0,43,"[129, 234]",1465
TR1_1643371416,9,LeeSin,5,8,6,2,1.67,11206,16,24264,39104,18443,42342,0.1293144172326132,0.18064700165874265,312,33,47,"[38, 27, 116]",1465
TR1_1643371416,10,Yasuo,7,8,6,5,2.17,16415,18,85978,40516,16140,48413,0.1269861667604826,0.06114071039835764,415,34,76,"[238, 4, 36, 225]",1465
TR1_1643371416,11,Rengar,6,2,6,2,0.67,6980,13,11601,23350,5243,13572,0.06182735824149905,0.10786798572574023,139,0,34,"[310, 27]",1465
TR1_1643371416,12,Heimerdinger,3,10,5,4,2.8,11540,17,93374,27426,9187,46116,0.13790912299020064,0.04138722094960746,286,114,318,"[180, 156, 133, 195]",1465
TR1_1643371416,13,Camille,3,5,10,9,1.4,11010,17,54454,53895,21153,64863,0.08042694770441187,0.08133086329180905,226,4,126,"[71, 323, 23, 6]",1465
TR1_1643371416,14,Ryze,8,0,8,1,0.12,6030,13,23788,19137,3206,10796,0.1267772884641865,0.08840618078233999,313,89,150,"[217, 219]",1465
TR1_1643371416,15,FiddleSticks,5,2,5,8,2.0,10295,16,39486,46120,28352,56086,0.21043941770914976,0.21305542443777842,263,0,22,"[65, 243, 236]",1465
TR1_1643371416,16,Trundle,8,1,7,0,0.14,6210,12,6014,18480,5320,15910,0.0320561255843558,0.08536982028188844,141,0,17,"[238, 41]",1465
TR1_1643130922,1,Sivir,8,10,6,3,2.17,10800,17,33296,20807,5716,11188,0.0852018814188436,0.06024037333077296,169,19,43,"[225, 71, 87, 243, 92]",1484
TR1_1643130922,2,Talon,3,1,6,5,1.0,7950,13,8347,17125,1207,8110,0.06338528893310377,0.0936599065930271,116,10,54,"[41, 89, 98]",1484
TR1_1643130922,3,Gwen,3,6,6,0,1.0,7950,13,13974,19748,5797,14597,0.10611236326545391,0.10800723608902625,135,33,81,"[30, 36, 310]",1484
TR1_1643130922,4,Akshan,1,11,5,5,3.2,13650,17,37197,26407,9387,17769,0.09518361300046241,0.07645346961677547,186,20,56,"[115, 52, 250, 305, 238]",1484
TR1_1643130922,5,Amumu,1,5,6,10,2.5,12950,17,27409,46737,18965,92309,0.07013749440127395,0.13531011500371476,211,21,53,"[62, 310, 237, 18, 16]",1484
TR1_1643130922,6,Evelynn,2,6,8,2,1.0,11500,15,26650,18410,5702,12746,0.20235741069712568,0.10068614151754787,309,6,25,"[156, 16, 46, 30]",1484
TR1_1643130922,7,Kaisa,2,4,6,3,1.17,10300,15,16524,15268,6389,15175,0.12547448893375926,0.08350530096844581,150,2,22,"[81, 170, 62]",1484
TR1_1643130922,8,Nami,4,10,8,16,3.25,19350,18,80074,57945,64311,73172,0.20489935702218198,0.16775889180531173,307,10,69,"[219, 65, 37, 216, 227]",1484
TR1_1643130922,9,Yone,8,4,7,8,1.71,20250,17,27989,26460,16398,26678,0.07162235658903741,0.07660674155651483,125,5,30,"[79, 68, 229, 220, 301]",1484
TR1_1643130922,10,Rakan,4,16,3,11,9.0,21870,18,62274,51992,35647,186925,0.15935200168921734,0.15052508899255168,620,16,78,"[19, 138, 216, 215]",1484
TR1_1643130922,11,DrMundo,7,0,7,1,0.14,6200,12,12429,22322,5505,12965,0.09437616267700921,0.12208205220605199,78,21,42,"[216, 304, 238]",1484
TR1_1643130922,12,Veigar,7,1,7,0,0.14,6200,12,8493,9949,764,5534,0.06449447233530838,0.05441199822827849,107,22,27,"[156, 304, 180]",1484
TR1_1643130922,13,Nunu,5,4,9,4,0.89,11900,15,24882,56642,30616,59577,0.18893534536105938,0.3097832153506641,186,29,65,"[48, 13, 56, 41]",1484
TR1_1643130922,14,Jhin,6,10,7,9,2.71,19000,18,53428,57767,17196,45359,0.1367179826225299,0.1672438311380433,192,12,59,"[115, 47, 82, 120, 20]",1484
TR1_1643130922,15,Pyke,5,6,8,4,1.25,9750,15,20395,23379,10761,21145,0.1548644677971804,0.12786414904695836,136,5,28,"[27, 133, 187, 58]",1484
TR1_1643130922,16,LeeSin,6,10,7,9,2.71,18600,18,69126,57289,37621,104684,0.17688531325645337,0.16586148855631527,539,40,88,"[48, 77, 46, 53, 47]",1484
TR1_1643126818,1,Tristana,3,9,8,4,1.62,12021,17,41684,34507,10091,30501,0.10755530400918557,0.09765751564220713,119,0,17,"[206, 47, 234, 51]",1387
TR1_1643126818,2,Jhin,5,11,7,11,3.14,27050,18,74294,28104,2751,38748,0.19169786714164824,0.07953840242076732,259,7,32,"[322, 71, 220, 305]",1387
TR1_1643126818,3,Tristana,4,0,6,0,0.0,5950,12,7103,12136,974,5203,0.04142383811474862,0.055569940928998314,82,0,7,"[93, 2]",1387
TR1_1643126818,4,Nilah,4,0,6,0,0.0,5950,12,6540,13207,1243,9364,0.038140564793969774,0.0604766370957663,108,6,5,"[171, 52]",1387
TR1_1643126818,5,Fizz,7,5,7,4,1.29,8600,14,15529,21684,3581,16221,0.09056213487303705,0.09928830856521699,117,1,7,"[17, 312, 48]",1387
TR1_1643126818,6,Olaf,8,9,5,6,3.0,11553,17,38240,76957,29978,158787,0.098669144259992,0.21779492419851804,300,27,48,"[324, 125, 41, 90]",1387
TR1_1643126818,7,KSante,1,4,6,7,1.83,12500,16,21895,34399,8142,62051,0.12768561972357337,0.15750820132477694,394,0,15,"[136, 165, 75]",1387
TR1_1643126818,8,Sett,1,7,7,4,1.57,12501,16,32690,33517,3198,33394,0.19063752895745245,0.1534725481152212,130,0,9,"[46, 152, 48]",1387
TR1_1643126818,9,Urgot,6,11,6,3,2.33,10801,16,42060,50930,17126,98472,0.24527960498314244,0.23320059032993773,221,33,60,"[226, 217, 62]",1387
TR1_1643126818,10,Kaisa,8,6,15,6,0.8,11385,17,24294,57063,18761,38869,0.06268562283181228,0.16149270134434496,206,13,34,"[22, 52, 134, 105]",1387
TR1_1643126818,11,Viktor,2,17,6,5,3.67,20260,18,47533,37120,7473,63421,0.12264841881728784,0.10505369542370988,288,54,27,"[56, 180, 48, 97]",1387
TR1_1643126818,12,Rumble,2,6,9,14,2.22,17251,18,52697,51819,11817,43900,0.13597188314176725,0.14665304864642278,391,34,95,"[324, 45, 174, 129]",1387
TR1_1643126818,13,Rengar,7,5,7,3,1.14,8975,14,18494,21436,5814,23691,0.1078504352007539,0.09815605735438554,187,0,4,"[251, 150, 6]",1387
TR1_1643126818,14,Gragas,5,13,2,10,11.5,20262,18,61216,35004,16189,132405,0.1579540833870774,0.0990664818269358,434,4,42,"[218, 151, 18, 42]",1387
TR1_1643126818,15,Kalista,6,3,9,9,1.33,10500,16,27165,31083,5947,24029,0.15842027335332243,0.142327716285697,291,17,42,"[87, 92, 81]",1387
TR1_1643126818,16,Velkoz,3,7,7,8,2.14,13802,17,47599,32770,9316,18473,0.12281767641122941,0.09274323049709413,433,26,46,"[187, 312, 30, 32]",1387
TR1_1643013003,1,Volibear,1,8,7,3,1.57,7780,14,22611,37333,14047,37744,0.08775174695638222,0.14199061124236687,176,0,18,"[243, 108, 138, 70]",1415
TR1_1643013003,2,Thresh,1,3,9,6,1.0,7950,14,21853,52014,6566,65498,0.08480983973250025,0.19782823231139565,129,15,34,"[216, 108, 242, 61]",1415
TR1_1643013003,3,Diana,7,10,6,2,2.0,10270,15,38553,22989,4128,28884,0.14962086811897768,0.08743797748376987,180,18,49,"[156, 108, 97, 301]",1415
TR1_1643013003,4,Jayce,7,2,7,8,1.43,12050,15,21661,31949,5515,26176,0.08406546431813038,0.12151412380695217,413,13,32,"[41, 108, 9, 84]",1415
TR1_1643013003,5,Darius,2,15,5,3,3.6,17180,18,61910,48409,11363,74263,0.11458990730541657,0.08321264389692687,189,0,30,"[125, 108, 93, 82, 84]",1415
TR1_1643013003,6,Orianna,2,3,8,11,1.75,14160,18,37544,33808,2928,50274,0.06949144269513037,0.05811467550354016,326,30,43,"[156, 108, 28, 103, 180]",1415
TR1_1643013003,7,DrMundo,6,8,5,10,3.6,19540,18,77646,173426,101876,226086,0.1437148619614349,0.29811009370416275,267,33,52,"[41, 108, 60, 64, 2]",1415
TR1_1643013003,8,TwistedFate,3,9,7,3,1.71,18450,18,52144,35575,11706,17651,0.0965137987376542,0.0611523837809056,240,15,51,"[220, 108, 17, 98, 92]",1415
TR1_1643013003,9,Trundle,3,4,7,8,1.71,15530,18,44832,69062,24314,47199,0.08298031248599862,0.11871486772075403,175,0,25,"[115, 108, 28, 64, 312]",1415
TR1_1643013003,10,Aatrox,6,13,11,5,1.64,17530,18,69772,70381,39579,60277,0.1291406430790069,0.12098280335255623,280,8,28,"[48, 108, 80, 77, 92]",1415
TR1_1643013003,11,Singed,8,2,8,4,0.75,7450,14,29048,27951,4362,27553,0.11273163394117525,0.10631025687786481,68,0,20,"[219, 108, 25, 215]",1415
TR1_1643013003,12,Udyr,4,9,10,5,1.4,11925,16,48354,25895,3165,33151,0.18765674938489127,0.09849006581192994,154,0,8,"[323, 108, 237, 36]",1415
TR1_1643013003,13,JarvanIV,4,6,6,9,2.5,11800,16,44610,27735,7749,44936,0.17312439714107267,0.10548770989414898,191,0,4,"[224, 108, 187, 89]",1415
TR1_1643013003,14,Zac,5,8,7,13,3.0,17060,18,80100,99906,61047,89748,0.1482574553574569,0.17173422858955387,280,14,42,"[193, 108, 44, 301, 238]",1415
TR1_1643013003,15,Brand,5,13,7,8,3.0,20560,18,116328,51181,19469,57113,0.21531157837790152,0.08797830345160049,377,20,42,"[62, 108, 17, 116, 133]",1415
TR1_1643013003,16,Gangplank,8,5,9,0,0.56,8538,14,30982,37057,11470,43337,0.1202393004068703,0.14094102257157173,270,0,10,"[216, 108, 218, 217]",1415
TR1_1643004451,1,Nunu,5,9,7,6,2.14,11000,16,44653,102672,76012,187013,0.09796233536550136,0.21512433094599226,430,146,269,"[205, 154, 78]",1610
TR1_1643004451,2,Zeri,7,17,7,5,3.14,27520,18,116068,51750,22386,54320,0.25463567388898983,0.10843005686476943,1092,576,1391,"[170, 217, 219, 74]",1610
TR1_1643004451,3,Nunu,6,4,6,2,1.0,7960,13,27943,38179,25956,68913,0.11590986034737649,0.1526972966776225,236,36,104,"[226, 149]",1610
TR1_1643004451,4,Singed,3,14,7,4,2.57,22525,18,44937,50164,8879,63888,0.09858663825227276,0.10510653372972442,162,0,132,"[44, 33, 234, 5]",1610
TR1_1643004451,5,Illaoi,3,4,7,14,2.57,21250,18,56327,104912,57663,130139,0.12357278232746184,0.21981860521546007,326,19,115,"[181, 64, 193, 238]",1610
TR1_1643004451,6,Smolder,8,3,6,2,0.83,6750,14,18004,19619,3071,10695,0.07468374992762339,0.07846507192204766,178,25,40,"[226, 250, 134]",1610
TR1_1643004451,7,Jhin,4,6,8,2,1.0,12415,15,35992,23247,3032,12192,0.14929743823593916,0.09297861140566095,153,6,69,"[46, 38, 48]",1610
TR1_1643004451,8,Pantheon,6,3,8,3,0.75,7950,13,25274,20257,3492,31159,0.10483651123565016,0.08101702690624195,213,0,51,"[17, 310]",1610
TR1_1643004451,9,Udyr,7,7,5,15,4.4,25760,18,59145,22960,15834,147023,0.12975613178126408,0.048106993133513236,758,0,404,"[80, 215, 48, 192]",1610
TR1_1643004451,10,Hecarim,8,2,7,3,0.71,6950,14,18674,37017,15892,29908,0.07746089756760365,0.1480501338230299,241,6,41,"[138, 50, 6]",1610
TR1_1643004451,11,Skarner,4,5,6,5,1.67,12305,15,44790,44736,15754,71168,0.18578841045845956,0.17892052703330188,513,0,56,"[218, 310, 54]",1610
TR1_1643004451,12,Kayn,2,7,8,2,1.12,11805,16,24514,41636,23744,46400,0.10168643616042851,0.16652259874922282,212,0,68,"[218, 311, 19]",1610
TR1_1643004451,13,Velkoz,2,6,6,7,2.17,11560,16,45886,25340,3766,24511,0.19033669606691908,0.10134873348287234,244,30,62,"[322, 65, 30]",1610
TR1_1643004451,14,Ashe,1,13,8,2,1.88,19000,18,59542,32580,8058,22246,0.13062635087447053,0.06826493700812113,187,48,464,"[51, 150, 225, 107]",1610
TR1_1643004451,15,Renekton,1,5,4,11,4.0,19750,18,35173,75621,28834,115990,0.07716626203098506,0.15844652155182665,238,0,189,"[49, 82, 41, 94]",1610
TR1_1643004451,16,Riven,5,6,11,8,1.27,11815,16,39972,36607,16451,115541,0.08769382547905456,0.07670202155059282,374,5,100,"[138, 321, 78]",1610
TR1_1642663161,1,Galio,8,13,6,14,4.5,28916,18,93978,99367,14080,449013,0.15827255016162786,0.18623399809405428,372,57,81,"[218, 216, 92, 85]",1856
TR1_1642663161,2,Illaoi,3,10,8,3,1.62,11940,17,89542,97096,29412,107652,0.28802266169681157,0.23881279527430543,238,28,86,"[49, 216, 151, 46]",1856
TR1_1642663161,3,Janna,3,3,12,9,1.0,11081,17,13717,57612,39314,59984,0.044125296603695095,0.14170093189550653,401,31,68,"[222, 88, 311, 305]",1856
TR1_1642663161,4,Nunu,7,7,6,13,3.33,16112,18,59560,157623,96925,241930,0.10030847680367674,0.29541583294322543,349,142,219,"[37, 125, 133]",1856
TR1_1642663161,5,TwistedFate,5,5,13,4,0.69,11926,15,32152,29450,3495,19396,0.10342189840148583,0.07243494670526802,219,28,106,"[46, 54, 150]",1856
TR1_1642663161,6,Ornn,5,5,7,5,1.43,9884,15,32078,50454,6486,128780,0.10318368626920002,0.12409610788828672,209,31,86,"[57, 18, 64]",1856
TR1_1642663161,7,Naafiri,6,12,6,1,2.17,13050,16,76095,76766,24563,67191,0.24477180220724645,0.1888111309976176,320,0,84,"[120, 41, 104]",1856
TR1_1642663161,8,Rakan,6,1,9,10,1.22,14050,16,8558,41053,9758,95489,0.027528676567287344,0.10097283157297503,154,12,64,"[251, 234, 310]",1856
TR1_1642663161,9,Kindred,8,14,17,11,1.47,34120,18,113183,68327,25714,56757,0.19061603611703454,0.1280587345619425,343,42,108,"[17, 19, 215, 73]",1856
TR1_1642663161,10,Singed,4,9,7,0,1.29,10573,15,36208,26916,2619,52352,0.11646822346465457,0.0662023325900621,135,0,51,"[12, 18, 29]",1856
TR1_1642663161,11,Milio,4,1,7,9,1.43,10320,15,22532,27228,40408,28968,0.07247775478961908,0.06696892307597857,272,30,62,"[172, 166, 113]",1856
TR1_1642663161,12,Senna,1,8,8,8,2.0,19861,18,55462,34640,15281,22737,0.09340645498401165,0.06492284202571887,118,10,71,"[39, 66, 206]",1856
TR1_1642663161,13,MissFortune,1,8,9,7,1.67,17188,18,30070,34555,6662,18588,0.0506424361419518,0.0647634409538142,131,8,170,"[87, 225, 52, 69]",1856
TR1_1642663161,14,Senna,2,17,5,10,5.4,34647,18,128642,32826,20848,47123,0.21665163057712977,0.06152207107448761,309,19,63,"[204, 234, 82, 22]",1856
TR1_1642663161,15,Annie,2,10,8,15,3.12,31906,18,62445,44085,3883,122368,0.10516604744266028,0.08262387239738107,469,0,30,"[324, 48, 30, 180]",1856
TR1_1642663161,16,Fizz,7,14,9,5,2.11,16368,18,50433,62138,14733,49514,0.08493636777190737,0.11645920794937605,317,10,65,"[32, 41, 133, 237]",1856
TR1_1642655111,1,DrMundo,1,2,8,3,0.62,7260,14,18305,32434,7414,56896,0.09478449357265746,0.12625128750466116,115,9,75,"[181, 94, 123]",1613
TR1_1642655111,2,TwistedFate,1,3,8,0,0.38,9342,14,11398,21016,6405,19377,0.059021842272338844,0.08180720780922594,133,7,75,"[22, 24, 81]",1613
TR1_1642655111,3,Zeri,7,3,11,7,0.91,12780,16,30408,31776,5197,17104,0.15745428858595684,0.12368891726767957,507,269,526,"[93, 47, 88]",1613
TR1_1642655111,4,Pyke,7,8,6,2,1.67,10852,16,18761,37831,17482,41785,0.09714851755604152,0.14725921871507264,246,17,164,"[305, 63, 62]",1613
TR1_1642655111,5,Skarner,6,4,7,5,1.29,10515,17,25059,49127,10018,102280,0.12976084096931617,0.19122524828998497,228,3,47,"[57, 16, 18, 64]",1613
TR1_1642655111,6,Yasuo,3,18,4,9,6.75,24873,18,94636,41822,22368,55888,0.18686605287356906,0.0930352460585936,460,8,51,"[226, 321, 48, 92]",1613
TR1_1642655111,7,Garen,3,11,8,10,2.62,24615,18,52019,56712,22846,106821,0.10271729774212517,0.12615945875837248,207,0,25,"[214, 238, 41, 116]",1613
TR1_1642655111,8,Twitch,8,7,14,13,1.43,24460,18,63906,51444,6924,19503,0.12618823438005955,0.11444014053946547,122,3,62,"[237, 211, 11, 92]",1613
TR1_1642655111,9,Cassiopeia,5,14,9,7,2.33,23805,18,84326,80128,28132,119323,0.1665084364088045,0.1782482980446609,888,15,262,"[97, 238, 174, 29]",1613
TR1_1642655111,10,Ivern,5,9,6,16,4.17,20810,18,28828,42548,20430,81795,0.056924932377809774,0.09465171303285155,449,36,190,"[9, 149, 15, 118]",1613
TR1_1642655111,11,Pyke,2,9,7,2,1.57,12500,16,24975,27377,7843,19938,0.12932368352727985,0.1065651195288374,221,20,136,"[206, 103, 225]",1613
TR1_1642655111,12,Heimerdinger,2,3,7,8,1.57,11650,16,29520,25048,2211,14799,0.15285632797811421,0.09749910551387453,257,61,279,"[205, 129, 166]",1613
TR1_1642655111,13,Annie,4,14,11,4,1.64,20965,18,58337,40222,5514,26139,0.11519168942915088,0.08947658214910485,295,0,59,"[205, 133, 45, 50]",1613
TR1_1642655111,14,Aurora,4,4,7,14,2.57,21018,18,54947,44682,11091,60918,0.10849848608061397,0.09939865478609539,520,56,140,"[221, 63, 19, 180]",1613
TR1_1642655111,15,Graves,8,14,7,5,2.71,24499,18,69435,91969,52936,113576,0.13710487070786712,0.20458990663085574,216,42,145,"[46, 312, 134, 77]",1613
TR1_1642655111,16,Yasuo,6,7,10,3,1.0,11635,17,34694,32294,7338,29332,0.1796500055382951,0.1257038953706638,293,4,58,"[28, 52, 81, 74]",1613
TR1_1642534563,1,AurelionSol,1,7,9,4,1.22,13515,18,33370,30871,8784,12169,0.07794693595760395,0.07682008301908397,187,0,65,"[205, 74, 308, 90]",1547
TR1_1642534563,2,Sion,1,10,6,7,2.83,17155,18,57583,41614,11648,42959,0.1345030420050303,0.10355114620117632,148,6,81,"[181, 84, 308, 2]",1547
TR1_1642534563,3,DrMundo,5,10,7,2,1.71,9765,15,49353,86215,42799,80249,0.22229758512708556,0.30440760239271625,310,65,490,"[39, 310, 37]",1547
TR1_1642534563,4,Lux,8,11,7,4,2.14,12300,17,50978,33283,6977,32958,0.22961518829851377,0.11751478724792631,463,33,256,"[32, 238, 326, 50]",1547
TR1_1642534563,5,Heimerdinger,8,6,5,9,3.0,12000,17,35873,53255,12175,32012,0.1615813992433488,0.1880331843962791,437,90,372,"[56, 13, 12, 104]",1547
TR1_1642534563,6,Lux,2,9,6,9,3.0,15760,18,39338,29798,1503,16094,0.09188771742024908,0.07414996905823754,261,24,142,"[102, 151, 46, 16]",1547
TR1_1642534563,7,Pantheon,6,17,8,3,2.5,21805,18,82352,38676,8280,26092,0.19236079654595714,0.09624128907858576,223,0,87,"[171, 16, 22, 107]",1547
TR1_1642534563,8,Yunara,2,9,5,7,3.2,15795,18,75847,42755,22141,27266,0.1771641977411164,0.10639014828668951,155,7,73,"[51, 319, 34, 52]",1547
TR1_1642534563,9,Velkoz,7,10,12,3,1.08,15435,18,53588,42654,14355,20604,0.12517299480387156,0.10614122420124544,491,108,189,"[222, 312, 237, 180]",1547
TR1_1642534563,10,Yuumi,5,2,6,10,2.0,12173,15,22490,18032,18488,5066,0.10130128306753086,0.063667747792106,266,246,33,"[205, 38, 25]",1547
TR1_1642534563,11,Jinx,3,2,7,1,0.43,6960,13,16117,18579,2518,9976,0.0725983574540521,0.06559818165424433,107,10,75,"[87, 71]",1547
TR1_1642534563,12,Taric,3,1,6,2,0.5,6955,13,10396,28922,5671,30073,0.046827116285158676,0.10211835418607253,195,0,87,"[102, 154]",1547
TR1_1642534563,13,Sett,6,4,7,11,2.14,16290,18,36046,101561,15063,87849,0.08419881412922478,0.25272216795391816,159,0,59,"[46, 64, 138, 118]",1547
TR1_1642534563,14,XinZhao,4,5,9,2,0.78,8880,14,23384,23617,6633,17543,0.10532739524080441,0.08338711721203075,73,0,28,"[322, 2, 73]",1547
TR1_1642534563,15,Kayle,4,2,6,5,1.17,8750,14,13421,21319,8002,16662,0.06045167528350579,0.07527302511862469,140,14,37,"[251, 217, 170]",1547
TR1_1642534563,16,Rell,7,6,5,10,3.2,13945,18,49989,73937,17297,264374,0.11676550139694682,0.18398397220106327,365,0,112,"[218, 92, 108, 215]",1547
TR1_1642531034,1,Yorick,8,1,8,1,0.25,6517,14,19342,33904,7940,25002,0.09524598836452045,0.1257106809959428,147,1,68,"[217, 151, 46]",1616
TR1_1642531034,2,Braum,7,10,3,19,9.67,31001,18,51821,79347,21035,115057,0.10955082604648195,0.18289853631303246,206,20,81,"[238, 310, 110, 108]",1616
TR1_1642531034,3,Smolder,7,20,6,6,4.33,28206,18,95792,62243,17306,41598,0.20250336363858873,0.1434716446587218,358,24,48,"[47, 103, 32, 7]",1616
TR1_1642531034,4,Renekton,8,1,8,1,0.25,7706,14,13782,49419,9801,38907,0.0678683138979899,0.183235164054333,176,0,78,"[152, 154, 308]",1616
TR1_1642531034,5,Sivir,4,4,8,2,0.75,9866,15,31084,21936,4149,10277,0.15306152233436512,0.08133358046889447,102,25,57,"[52, 74, 22]",1616
TR1_1642531034,6,Vayne,4,2,7,4,0.86,9564,15,17502,19551,2614,10101,0.08618476578485523,0.07249040481941862,112,31,59,"[74, 52, 305]",1616
TR1_1642531034,7,Swain,6,5,7,9,2.0,13042,18,51367,87097,29205,118241,0.10859046358707014,0.20076231028793665,319,44,199,"[310, 149, 322, 237]",1616
TR1_1642531034,8,Ivern,6,9,6,5,2.33,14924,18,49239,28283,9932,47831,0.10409119131155463,0.06519344597338013,370,11,61,"[311, 198, 205, 76]",1616
TR1_1642531034,9,Illaoi,5,2,7,3,0.71,9736,15,31059,45257,22111,35876,0.15294133385628833,0.16780521498277323,200,11,34,"[90, 38, 181]",1616
TR1_1642531034,10,Lucian,5,3,7,2,0.71,11158,15,12711,20077,3076,11797,0.06259298509950431,0.07444093152919545,171,9,26,"[103, 154, 87]",1616
TR1_1642531034,11,Nidalee,2,7,7,7,2.0,11005,17,28041,35456,16205,22664,0.13808079841387755,0.13146315102692394,457,24,91,"[68, 36, 37, 97]",1616
TR1_1642531034,12,Zyra,2,7,7,7,2.0,12014,17,49557,44102,5530,26299,0.2440242922485991,0.1635208721225185,256,22,62,"[133, 309, 322, 226]",1616
TR1_1642531034,13,Lucian,1,22,8,2,3.0,31998,18,124537,70607,14334,98888,0.26327100883921906,0.16275122417810714,232,19,118,"[77, 71, 305, 170]",1616
TR1_1642531034,14,Yuumi,1,2,5,22,4.8,29756,18,23292,26376,28832,33686,0.04923972007207252,0.060798859107908707,341,74,21,"[215, 21, 37, 76]",1616
TR1_1642531034,15,Neeko,3,6,8,7,1.62,19238,18,37499,32417,5734,21596,0.07927380947937485,0.07472215799875569,182,9,39,"[129, 107, 136, 22]",1616
TR1_1642531034,16,Sylas,3,8,7,6,2.0,17313,18,39489,47462,17147,59431,0.08347961702563811,0.1094018214821574,263,4,59,"[150, 311, 138, 34]",1616
TR1_1642522600,1,Teemo,2,12,6,10,3.67,24600,18,60924,49253,19576,14256,0.17331610811485182,0.16325894291550602,283,0,24,"[138, 45, 322, 312]",1371
TR1_1642522600,2,Rengar,1,17,11,4,1.91,26523,18,64415,37382,8540,41467,0.1832465478589534,0.12390944722740825,318,0,4,"[251, 27, 37]",1371
TR1_1642522600,3,Annie,1,6,5,14,4.0,25750,18,62459,28517,6564,38085,0.1776820474241683,0.09452525020471034,359,0,2,"[76, 234, 56, 98]",1371
TR1_1642522600,4,Graves,2,10,12,7,1.42,25928,18,42838,45468,4545,34018,0.12186517871422538,0.15071278844820404,83,24,63,"[242, 27, 226, 321]",1371
TR1_1642522600,5,Vayne,7,5,6,6,1.83,14533,15,16190,18022,3506,21383,0.04605805718945556,0.05973839506510363,157,26,52,"[206, 54, 9]",1371
TR1_1642522600,6,Ryze,4,7,6,2,1.5,9605,15,34720,26408,3251,16496,0.2281223500936133,0.1293883857036143,396,10,34,"[237, 156, 205]",1371
TR1_1642522600,7,Janna,4,2,7,6,1.14,9700,14,9290,25483,6876,13640,0.061043775995545765,0.1248574550636858,149,2,17,"[56, 35, 237]",1371
TR1_1642522600,8,Yone,6,5,5,5,2.0,12053,15,16803,20934,4397,20591,0.11040371192969228,0.10256904284032815,207,4,37,"[34, 79, 87]",1371
TR1_1642522600,9,Yasuo,6,6,6,4,1.67,12015,15,33616,46335,7182,26968,0.2208725876678596,0.22702421847881898,187,4,25,"[120, 41, 105]",1371
TR1_1642522600,10,LeeSin,3,7,5,2,1.8,12375,15,22916,18701,2216,12824,0.15056622800417493,0.09162848363020444,241,25,116,"[46, 48, 187]",1371
TR1_1642522600,11,Swain,3,2,5,6,1.6,13312,15,22031,35098,11570,19300,0.14475475325421713,0.17196791835459735,220,34,276,"[37, 219, 44]",1371
TR1_1642522600,12,Olaf,7,9,6,5,2.33,13120,15,40111,35747,18564,51116,0.11410846866505882,0.11848959436766518,204,29,59,"[181, 219, 80]",1371
TR1_1642522600,13,Vi,8,2,7,0,0.29,10700,13,7145,16575,945,26000,0.0469451503660976,0.08121305610419985,54,0,29,"[51, 48]",1371
TR1_1642522600,14,Naafiri,8,0,6,2,0.33,10000,13,5675,14562,916,6750,0.03729144268879938,0.07135143982455112,108,0,26,"[73, 234]",1371
TR1_1642522600,15,Samira,5,10,7,5,2.14,14597,17,35329,31260,7743,17058,0.10050540329425234,0.1036168086302227,176,6,23,"[7, 310, 80, 33]",1371
TR1_1642522600,16,KSante,5,6,6,9,2.5,13860,17,29253,56038,6834,135744,0.08321818873903439,0.18574877314117985,321,0,37,"[324, 216, 13, 41]",1371
TR1_1642514799,1,Ornn,3,3,6,8,1.83,14535,18,42695,70197,10265,158814,0.10984021355294381,0.21543225554375683,243,26,53,"[152, 227, 42, 181]",1480
TR1_1642514799,2,TwistedFate,3,8,11,2,0.91,16253,18,30589,41446,9529,37100,0.07869753651322169,0.1271969748246272,334,9,74,"[47, 129, 136, 237]",1480
TR1_1642514799,3,Galio,8,9,8,3,1.5,15250,17,54025,36450,11078,74883,0.13898986116341286,0.11186619654907756,199,42,84,"[20, 116, 172, 32]",1480
TR1_1642514799,4,DrMundo,7,5,6,2,1.17,9150,14,24227,66459,18972,89776,0.09744051375817873,0.20830589663983629,151,14,58,"[64, 109, 105]",1480
TR1_1642514799,5,Udyr,2,7,8,2,1.12,13225,16,44295,20454,2598,21286,0.17815230823511177,0.06411130141639422,79,0,25,"[227, 107, 251]",1480
TR1_1642514799,6,Kalista,2,2,7,7,1.29,12560,16,20764,27110,8719,36080,0.08351535010294228,0.08497393817907137,71,21,12,"[63, 154, 73]",1480
TR1_1642514799,7,Shaco,1,7,8,4,1.38,15159,17,32656,26700,2788,15913,0.13134351513879425,0.08368849140202053,170,9,22,"[38, 154, 7, 206]",1480
TR1_1642514799,8,Skarner,1,7,6,5,2.0,12750,17,42693,49852,7636,83455,0.17171133678546785,0.15625258087039443,379,7,17,"[13, 198, 138, 22]",1480
TR1_1642514799,9,TwistedFate,8,3,9,9,1.33,14267,17,25098,28570,3537,18149,0.06456969658258048,0.08768196778626611,276,40,155,"[65, 103, 97, 51]",1480
TR1_1642514799,10,Smolder,5,8,6,4,2.0,13320,16,34112,27610,6478,19427,0.13719862737335883,0.08654023630165437,207,20,42,"[238, 77, 206]",1480
TR1_1642514799,11,Aatrox,5,6,5,4,2.0,15375,16,32350,57343,35401,50987,0.13011172691314188,0.1797318219199229,264,9,32,"[84, 82, 237]",1480
TR1_1642514799,12,Irelia,4,12,3,10,7.33,22785,18,63808,37673,18056,93643,0.1641565953890933,0.1156173117764389,378,17,115,"[63, 211, 112, 32]",1480
TR1_1642514799,13,Yone,4,11,4,11,5.5,20290,18,73306,29369,11282,88773,0.18859339882243112,0.09013506637825103,359,10,93,"[321, 116, 251, 22]",1480
TR1_1642514799,14,Kayle,7,2,9,5,0.78,9000,14,17535,43516,9027,22372,0.07052662169300439,0.1363957332707059,99,9,45,"[64, 36, 102]",1480
TR1_1642514799,15,Caitlyn,6,11,7,6,2.43,25545,18,49141,28437,7218,26216,0.12642405544137608,0.0872751260355871,95,8,26,"[71, 223, 305, 170]",1480
TR1_1642514799,16,Pantheon,6,8,6,11,3.17,22785,18,50037,53697,24469,63001,0.12872864253494068,0.1647951011059953,267,0,40,"[150, 84, 242, 138]",1480
TR1_1642509197,1,Morgana,1,7,5,11,3.6,18264,18,42829,35531,20214,28038,0.13672135810533462,0.14057651892034642,275,32,77,"[308, 21, 76, 129]",1397
TR1_1642509197,2,Zoe,1,11,7,11,3.14,19756,18,49972,37402,5166,20445,0.15952239988751982,0.14797789082143062,427,149,290,"[112, 129, 322, 116]",1397
TR1_1642509197,3,Malzahar,7,4,6,4,1.33,10510,16,28178,20234,1022,12529,0.1559381241644161,0.08014447749082615,139,1,8,"[226, 50, 46]",1397
TR1_1642509197,4,XinZhao,5,7,5,7,2.8,12508,16,29741,30111,10585,36809,0.1645836917943201,0.11926352980740584,154,0,29,"[136, 154, 251]",1397
TR1_1642509197,5,Kindred,7,5,7,6,1.57,11179,16,28521,24371,7520,18709,0.15783529716204928,0.09653075755979819,125,19,33,"[308, 36, 138]",1397
TR1_1642509197,6,Lucian,3,12,8,11,2.88,22041,18,55079,27997,5266,35870,0.17582539290550972,0.11076812115826641,214,10,32,"[57, 2, 73, 36]",1397
TR1_1642509197,7,Pantheon,3,9,2,9,9.0,21426,18,36844,33039,11286,58014,0.11761366761186358,0.130715126981237,168,6,31,"[17, 63, 108, 67]",1397
TR1_1642509197,8,Ezreal,6,3,10,8,1.1,12266,16,30092,32538,5808,13906,0.09606053938827472,0.1287357039675021,617,64,126,"[206, 238, 9]",1397
TR1_1642509197,9,Alistar,4,9,7,3,1.71,12080,15,24679,48959,13028,79993,0.13657119664988268,0.19391642469808645,129,0,92,"[136, 65, 102]",1397
TR1_1642509197,10,Alistar,8,4,6,2,1.0,7250,13,7810,31228,8403,29367,0.04322395523967434,0.12369001073990214,107,0,28,"[42, 310]",1397
TR1_1642509197,11,Malzahar,8,2,9,2,0.44,7264,13,16259,20339,1085,14012,0.089978218605106,0.08055895144294305,146,0,26,"[205, 217]",1397
TR1_1642509197,12,Kayle,6,8,5,3,2.2,10764,16,25514,25292,11279,9213,0.08144840895198573,0.10006430317866925,168,7,55,"[87, 71, 51]",1397
TR1_1642509197,13,Kindred,5,7,7,6,1.86,14538,16,23437,28128,4734,8429,0.12970191030814937,0.1114123048681574,183,22,38,"[22, 89, 120]",1397
TR1_1642509197,14,Varus,2,7,8,7,1.75,12058,17,36924,28643,2122,16361,0.11786949257232565,0.11332302423932182,133,82,252,"[97, 52, 22, 84]",1397
TR1_1642509197,15,FiddleSticks,2,6,7,11,2.43,12058,17,36006,32312,7345,22938,0.11493874057718617,0.12783931073322638,221,0,78,"[40, 150, 187, 211]",1397
TR1_1642509197,16,Rammus,4,3,7,8,1.57,10272,15,22076,49102,12776,86505,0.12216760607640209,0.19448354339288076,166,0,85,"[39, 310, 187]",1397
TR1_1642369360,1,Varus,1,0,5,0,0.0,3520,11,7237,11744,1466,3976,0.04806424327935909,0.06743824862529159,70,1,9,[138],1316
TR1_1642369360,2,Lulu,1,0,6,0,0.0,3500,11,3145,8439,66,2594,0.0208877700452175,0.04845957209287616,21,0,1,[172],1316
TR1_1642369360,3,Shaco,6,5,8,5,1.25,9875,15,24754,23356,2261,14140,0.1643847886535652,0.1341142873532883,126,12,22,"[221, 211, 71]",1316
TR1_1642369360,4,Ambessa,8,6,3,13,6.33,16425,18,59680,41920,33231,70561,0.16069017847342645,0.11809470142312595,261,5,38,"[7, 116, 84, 221]",1316
TR1_1642369360,5,Azir,8,15,8,6,2.62,19913,18,66031,37400,6800,55493,0.17779021994247846,0.1053599431837283,230,6,52,"[97, 180, 104]",1316
TR1_1642369360,6,Veigar,7,13,7,0,1.86,11060,16,49270,16773,1934,21910,0.32719381040545714,0.09631759018620692,449,58,91,"[226, 103, 180]",1316
TR1_1642369360,7,LeeSin,4,10,4,5,3.75,14750,18,33451,41374,18257,55163,0.09006872368927063,0.11655599892541282,334,20,63,"[138, 223, 63, 187]",1316
TR1_1642369360,8,Twitch,5,8,10,11,1.9,17400,18,39926,34766,6509,20904,0.10750372125527245,0.09794115183724729,122,4,22,"[69, 52, 36, 22]",1316
TR1_1642369360,9,Kalista,3,1,8,3,0.5,7000,14,8893,17706,3304,11111,0.05905679718023172,0.10167384099456823,62,2,11,"[9, 21, 107]",1316
TR1_1642369360,10,Anivia,3,3,6,1,0.67,7010,15,15878,37445,4471,37561,0.10544598073603821,0.21501608900123648,317,19,25,"[218, 16, 84]",1316
TR1_1642369360,11,Yunara,2,7,5,3,2.0,14710,18,34386,27107,9061,15482,0.09258573780141158,0.07636479653188245,163,5,17,"[32, 319, 52, 46]",1316
TR1_1642369360,12,FiddleSticks,2,4,5,7,2.2,13175,18,24171,31798,10230,25079,0.0650816846086122,0.08957830574294176,142,0,9,"[171, 65, 311, 205]",1316
TR1_1642369360,13,Kaisa,7,1,6,11,2.0,11010,16,26684,27679,4659,38098,0.1772044121888291,0.15894106847274925,147,11,45,"[171, 107, 13]",1316
TR1_1642369360,14,Shen,6,5,5,5,2.0,10075,15,14721,31005,4573,45245,0.09776219751130204,0.1780393032737831,121,0,20,"[322, 71, 90]",1316
TR1_1642369360,15,Zoe,4,6,5,7,2.6,13278,18,51659,53331,4268,16279,0.13909436083578083,0.15023913284208226,348,29,98,"[120, 129, 301, 97]",1316
TR1_1642369360,16,Briar,5,11,6,8,3.17,16965,18,62092,87276,86124,93756,0.16718537339374737,0.24586596951357917,198,6,47,"[34, 77, 20, 136]",1316
TR1_1642355684,1,Darius,3,7,6,7,2.33,13260,18,55593,59695,22326,69102,0.10945975531571846,0.13516144044853667,201,0,1,"[84, 82, 62, 181]",1566
TR1_1642355684,2,Trundle,3,8,5,6,2.8,13260,18,52103,52901,31530,60905,0.10258882876098559,0.119779444950563,170,0,2,"[84, 20, 115, 226]",1566
TR1_1642355684,3,Tryndamere,7,11,8,7,2.25,21600,18,72377,53534,25428,100879,0.14250810062320615,0.12121258648814201,92,0,17,"[154, 52, 323, 206]",1566
TR1_1642355684,4,Milio,6,0,4,1,0.25,3850,9,3774,8153,2076,3604,0.0195362161090091,0.028600493359891007,45,2,5,[67],1566
TR1_1642355684,5,Kassadin,5,20,10,3,2.3,20260,18,82381,51565,12051,46650,0.16220467470739022,0.11675363303993336,778,0,2,"[151, 89, 195, 32]",1566
TR1_1642355684,6,Kaisa,6,1,6,0,0.17,3750,9,5750,7393,117,1922,0.029764104141017503,0.025934888005356215,67,2,4,[238],1566
TR1_1642355684,7,Vi,8,10,8,3,1.62,11250,17,48319,40793,10171,40075,0.25008452333495984,0.14310044124074264,97,0,2,"[238, 211, 58, 42]",1566
TR1_1642355684,8,Nilah,1,1,7,2,0.43,6905,13,17462,15760,2921,11869,0.09038115217745757,0.05528661067085921,121,0,6,"[71, 103]",1566
TR1_1642355684,9,Blitzcrank,1,2,6,1,0.5,6750,13,10585,21533,2294,20787,0.05478755004839737,0.0755357112701985,105,11,21,[129],1566
TR1_1642355684,10,Trundle,8,3,5,8,2.2,13630,17,30807,39188,14302,86294,0.15944784608712534,0.13746752748906324,146,0,3,"[152, 23, 6, 80]",1566
TR1_1642355684,11,Veigar,4,19,10,2,2.1,16750,18,94944,35083,11252,24349,0.18694002568681298,0.07943519769684124,527,68,104,"[103, 65, 48, 46]",1566
TR1_1642355684,12,Teemo,4,2,9,19,2.33,17750,18,30587,50020,14008,25733,0.060224961449725736,0.11325631024901171,176,0,31,"[2, 175, 234, 102]",1566
TR1_1642355684,13,Sylas,7,7,5,11,3.6,22250,18,55282,48659,24520,60227,0.10884845935940775,0.11017385795126891,671,22,41,"[116, 150, 48, 105]",1566
TR1_1642355684,14,Chogath,2,5,6,5,1.67,10500,15,43855,97424,16404,131587,0.22697837721315103,0.3417559808039499,256,0,3,"[13, 33, 125]",1566
TR1_1642355684,15,Shen,2,5,9,3,0.89,11500,15,32657,54824,5216,62653,0.16902023088888224,0.19231834715993926,182,0,6,"[64, 165, 233]",1566
TR1_1642355684,16,Rell,5,5,4,20,6.25,21000,18,64615,90198,17903,214774,0.1272251940967531,0.20422752917570308,284,0,2,"[310, 13, 41, 42]",1566
TR1_1642349828,1,Brand,1,3,6,1,0.67,9000,15,37484,32169,11232,22680,0.2511772384613496,0.20302457421248774,261,25,36,"[150, 36, 20]",1594
TR1_1642349828,2,Senna,1,1,6,3,0.67,10524,15,15262,19795,4788,14298,0.10227540099467558,0.12493278356239915,112,12,26,"[107, 82]",1594
TR1_1642349828,3,Yasuo,7,9,6,8,2.83,20650,18,106048,45752,18927,70167,0.18545139056734414,0.08029939485781652,297,3,13,"[92, 77, 89, 323]",1594
TR1_1642349828,4,Ryze,7,9,6,6,2.5,25150,18,111967,47234,9279,78395,0.19580112138034172,0.08290057611737409,668,18,38,"[133, 150, 238, 48]",1594
TR1_1642349828,5,Nilah,8,1,4,1,0.5,3850,9,4767,5663,286,2085,0.031944502362093966,0.03574049830903319,52,0,6,[52],1594
TR1_1642349828,6,Renekton,2,20,3,7,9.0,27360,18,104755,177938,65119,179805,0.18318971760090375,0.312298447821944,387,0,29,"[310, 64, 77, 1]",1594
TR1_1642349828,7,Neeko,2,8,5,17,5.0,25850,18,59071,129658,57969,117713,0.103300425293772,0.22756319880411424,252,30,56,"[2, 29, 70, 134]",1594
TR1_1642349828,8,Neeko,8,1,3,1,0.67,3750,9,6284,5869,393,1791,0.04210930260989662,0.037039811692776425,71,22,27,[217],1594
TR1_1642349828,9,XinZhao,6,3,5,8,2.2,11750,17,43831,38589,21804,40237,0.0766503640387345,0.06772720159188356,73,0,3,"[29, 68, 118, 11]",1594
TR1_1642349828,10,Rengar,6,9,6,3,2.0,11625,17,39072,30307,14042,21682,0.0683277572689972,0.053192995381650704,193,0,2,"[238, 217, 82, 310]",1594
TR1_1642349828,11,Vladimir,3,9,6,4,2.17,12750,16,74495,74959,66422,78882,0.13027254047274497,0.13156029610378886,329,0,18,"[310, 84, 238]",1594
TR1_1642349828,12,Caitlyn,3,4,8,6,1.25,11675,16,32598,25330,3578,19349,0.057006683377161714,0.04445788932142805,139,4,16,"[113, 71, 92]",1594
TR1_1642349828,13,Zed,4,3,6,3,1.0,9250,15,23904,21661,4448,18548,0.16018225679550985,0.13670822210508748,365,21,27,"[151, 63, 23]",1594
TR1_1642349828,14,Kayle,4,3,6,3,1.0,9550,15,19338,23082,4805,13496,0.12958370734865446,0.1456761536966178,114,4,19,"[52, 151, 211]",1594
TR1_1642349828,15,Senna,5,3,7,2,0.71,10766,15,25725,24290,4505,21124,0.172381308849592,0.15330018179084226,79,18,39,"[198, 98, 84]",1594
TR1_1642349828,16,Sona,5,2,7,3,0.71,9250,15,16467,25919,14846,31010,0.11034628257822797,0.16357777463075596,212,8,12,"[116, 198, 141]",1594
TR1_1642345366,1,Ryze,5,7,7,2,1.29,10250,15,21360,28524,1845,19420,0.11263218474461653,0.1303030040778716,563,12,81,"[242, 219, 56]",1452
TR1_1642345366,2,Zed,6,12,6,13,4.17,22800,18,52807,25358,2689,15353,0.1569830659518689,0.0816952621787426,407,39,67,"[93, 234, 112, 211]",1452
TR1_1642345366,3,TwistedFate,4,4,10,2,0.6,9535,13,17654,32454,3189,17101,0.09309257561692376,0.14825411494234003,202,19,160,"[120, 234]",1452
TR1_1642345366,4,Aurora,6,16,6,10,4.33,19910,18,59799,40969,11383,29723,0.17776722532299769,0.13199041997353944,446,36,110,"[97, 156, 32, 129]",1452
TR1_1642345366,5,Kaisa,2,12,11,2,1.27,12000,17,33376,40970,8232,19302,0.09922106823956692,0.13199301239425015,184,10,38,"[237, 225, 46, 151]",1452
TR1_1642345366,6,Poppy,2,4,6,10,2.33,12010,17,21959,39488,7024,98225,0.06527997726225077,0.12721759726117549,172,0,114,"[171, 58, 57, 64]",1452
TR1_1642345366,7,Varus,7,2,8,10,1.5,12910,16,24892,23509,3048,18597,0.13126026745557692,0.10739423594911555,136,8,72,"[205, 228, 105]",1452
TR1_1642345366,8,Syndra,8,10,11,8,1.64,22000,18,38266,43564,5858,14021,0.11375516835184186,0.14034791871593225,571,35,1049,"[237, 88, 93, 98]",1452
TR1_1642345366,9,Tristana,3,7,10,7,1.4,11300,17,34888,31589,6883,13201,0.10371462104174153,0.1017708989474281,115,0,13,"[51, 115, 28, 71]",1452
TR1_1642345366,10,Darius,3,8,6,7,2.5,11300,17,27685,55888,22694,49526,0.08230289407846167,0.1800523142948683,140,0,9,"[232, 41, 138, 238]",1452
TR1_1642345366,11,Leblanc,7,11,7,1,1.71,12100,16,39294,26555,3876,12832,0.20720051697517125,0.12130807014588656,412,9,67,"[17, 135, 136]",1452
TR1_1642345366,12,Draven,5,6,10,6,1.2,11366,15,25901,32309,6321,15793,0.13657823953443152,0.14759329204130725,194,5,118,"[49, 6, 251]",1452
TR1_1642345366,13,Garen,8,15,6,8,3.83,19900,18,67606,32571,6032,39955,0.20097597975127068,0.10493257623406367,127,0,240,"[7, 310, 60, 47]",1452
TR1_1642345366,14,Karthus,1,10,12,1,0.92,8200,14,29970,24086,1261,19354,0.15803521792940783,0.11002840038692761,290,27,130,"[97, 135, 205]",1452
TR1_1642345366,15,Irelia,4,3,6,4,1.17,7950,21,16880,26083,7540,41037,0.08901241661741865,0.11915227450233747,132,10,182,"[308, 96]",1452
TR1_1642345366,16,Rell,1,1,6,9,1.67,9700,14,13690,25386,2412,43795,0.07218858112645357,0.11596660795421393,140,0,193,"[324, 18, 94]",1452
TR1_1642121230,1,Rumble,6,9,7,6,2.14,13856,18,46925,53516,14469,53415,0.0937487217303129,0.12184805892544516,283,32,70,"[12, 41, 45, 180, 205]",1379
TR1_1642121230,2,Jinx,3,1,10,2,0.3,9026,15,21395,30030,3093,12459,0.11506679094321799,0.1190819020492706,82,17,75,"[22, 41, 225, 107]",1379
TR1_1642121230,3,Yorick,4,4,7,1,0.71,9082,15,26893,26825,4692,36869,0.14463558840413768,0.10637177893317976,214,5,55,"[251, 41, 224, 74]",1379
TR1_1642121230,4,Annie,5,5,6,9,2.33,13658,18,41252,36524,7818,25988,0.08241505274463375,0.08315957613370481,294,0,16,"[237, 41, 156, 133, 120]",1379
TR1_1642121230,5,Galio,4,1,6,3,0.67,10560,15,18444,29657,1350,41520,0.09919812716681134,0.11760462358372814,147,43,66,"[136, 41, 216, 310]",1379
TR1_1642121230,6,Zyra,6,6,5,9,3.0,15194,18,50967,40890,9028,25752,0.10182316224146244,0.09310056616090129,362,21,41,"[32, 41, 135, 113, 226]",1379
TR1_1642121230,7,Kassadin,7,7,4,13,5.0,22588,18,53765,43797,9592,74531,0.10741317032394106,0.09972038639237256,520,0,35,"[46, 41, 19, 180, 32]",1379
TR1_1642121230,8,Rumble,5,10,5,5,3.0,14176,18,57636,32915,6901,37151,0.11514802787806418,0.07494417208747031,406,37,74,"[324, 41, 45, 48, 77]",1379
TR1_1642121230,9,Janna,1,5,6,19,4.0,19461,18,31995,71647,54873,53262,0.06392201216816558,0.16313033262802318,486,37,52,"[76, 41, 219, 198, 136]",1379
TR1_1642121230,10,Kassadin,1,19,8,5,3.0,19529,18,120350,111992,21490,117255,0.24043896805816636,0.25498778031222363,602,8,95,"[120, 41, 58, 63, 221]",1379
TR1_1642121230,11,Warwick,8,7,6,3,1.67,10602,16,31159,52551,25704,44032,0.1675812529663362,0.20838616648631367,125,0,39,"[206, 41, 115, 151]",1379
TR1_1642121230,12,Aphelios,7,15,6,6,3.5,19624,18,97651,47921,15386,16527,0.1950908848552537,0.10910912735985905,91,28,61,"[305, 41, 225, 71, 34]",1379
TR1_1642121230,13,Darius,8,5,6,6,1.83,10292,16,23365,41324,9131,28878,0.1256616670155305,0.16386842771324897,168,0,65,"[214, 41, 48, 84]",1379
TR1_1642121230,14,Shaco,3,3,6,1,0.67,9396,15,29395,27323,5483,30136,0.15809391411882176,0.10834707795617561,248,113,174,"[218, 41, 30, 98]",1379
TR1_1642121230,15,Singed,2,3,7,1,0.57,6830,12,19148,21909,2045,20533,0.10298256895421593,0.08687966804722161,63,0,51,"[322, 41, 1]",1379
TR1_1642121230,16,MissFortune,2,2,7,3,0.71,6956,20,16135,22560,2498,11599,0.08678009043092859,0.08946035523086164,58,18,81,"[170, 41, 96]",1379
TR1_1642111102,1,Khazix,5,3,9,4,0.78,11550,15,15527,21869,9037,16197,0.10935539473335479,0.10313126081479534,185,10,27,"[84, 88, 154, 177]",1346
TR1_1642111102,2,Yunara,5,4,7,3,1.0,10750,15,16890,16247,5440,9571,0.11895961748094046,0.0766182222015189,138,4,20,"[319, 66, 243, 135]",1346
TR1_1642111102,3,Yasuo,4,12,5,6,3.6,15750,18,53170,31622,10424,29036,0.150415883274896,0.10926870744569134,316,2,12,"[47, 195, 227, 123]",1346
TR1_1642111102,4,Smolder,2,7,8,3,1.25,17875,18,47248,50180,9231,21760,0.1336615164748172,0.17339271177561932,170,9,49,"[29, 48, 225, 115, 71]",1346
TR1_1642111102,5,Zilean,2,6,6,7,2.17,17260,18,27111,37938,43690,40139,0.07669631463404099,0.13109104827134616,664,23,67,"[24, 30, 62, 243, 116]",1346
TR1_1642111102,6,Trundle,4,6,6,8,2.33,19750,18,17571,28547,11291,72211,0.049707813623126214,0.09864209879691552,241,0,11,"[116, 58, 125, 195, 84]",1346
TR1_1642111102,7,Cassiopeia,3,5,7,1,0.86,9750,16,17997,23173,4112,13265,0.1267510956798457,0.10928181411807167,337,1,10,"[65, 219, 53, 233]",1346
TR1_1642111102,8,Morgana,3,2,6,4,1.0,11750,16,17913,28786,18880,24203,0.12616275359146026,0.13575385647252153,174,4,9,"[180, 35, 53, 30]",1346
TR1_1642111102,9,Karthus,7,8,7,13,3.0,27335,18,65352,28201,7065,20055,0.18487782049906834,0.09744506323064979,372,10,24,"[38, 156, 135, 86, 133]",1346
TR1_1642111102,10,Darius,8,0,7,1,0.14,7200,12,2774,9333,2356,15016,0.019543635830649435,0.04401592664589422,82,0,4,"[238, 304, 234]",1346
TR1_1642111102,11,MissFortune,7,15,7,4,2.71,22969,18,40991,24100,6835,14427,0.1159619134490579,0.0832754800899122,147,16,130,"[38, 4, 323, 220, 311]",1346
TR1_1642111102,12,Nasus,6,6,5,10,3.2,16900,18,31800,69047,33947,90403,0.22396373476479198,0.32561735877941306,395,0,14,"[2, 41, 243, 1, 231]",1346
TR1_1642111102,13,Akali,8,1,6,0,0.17,6200,12,4667,9277,1157,5504,0.03287395292094752,0.04374890753973562,125,13,19,"[154, 304, 41]",1346
TR1_1642111102,14,Gangplank,1,19,7,0,2.71,21502,18,78316,49593,10109,35724,0.22155091519493478,0.17136446431158497,585,0,9,"[103, 48, 79, 166, 238]",1346
TR1_1642111102,15,Rakan,1,0,5,18,3.6,18850,18,23729,39220,44962,103216,0.06712782285005861,0.13552042607828071,376,38,59,"[98, 1, 195, 18, 118]",1346
TR1_1642111102,16,Lucian,6,12,8,3,1.88,16900,18,34416,34317,8119,25800,0.24238981499800988,0.16183265342804964,188,6,21,"[129, 243, 103, 6, 92]",1346
TR1_1642103048,1,Illaoi,4,11,6,12,3.83,18800,18,73153,90647,58338,156928,0.13465115111926695,0.19232087598317163,371,19,51,"[13, 109, 73, 138]",1672
TR1_1642103048,2,Twitch,6,13,11,9,2.0,23270,18,101991,46849,9787,41537,0.18773328217790958,0.0993972387870373,225,6,33,"[107, 36, 237, 120]",1672
TR1_1642103048,3,Lillia,3,1,2,4,2.5,4100,9,6176,7109,2206,2387,0.028727837325333606,0.024378906901058615,71,5,12,[70],1672
TR1_1642103048,4,Katarina,5,8,6,7,2.5,15500,18,47763,35687,5673,74838,0.08791621362815577,0.07571508568179071,156,1,72,"[180, 21, 46, 205]",1672
TR1_1642103048,5,DrMundo,7,4,7,4,1.14,10250,16,52926,111153,75662,147847,0.24618183384389994,0.38112903826644073,274,27,70,"[154, 2, 181]",1672
TR1_1642103048,6,KogMaw,7,4,12,2,0.5,10255,16,23222,29976,983,36291,0.10801449164094075,0.10278634911724222,63,4,43,"[74, 82, 206]",1672
TR1_1642103048,7,Veigar,5,8,8,7,1.88,20010,18,45045,37477,6866,39932,0.0829132592011097,0.07951348810235637,510,34,63,"[65, 68, 32, 26]",1672
TR1_1642103048,8,Vayne,1,17,8,7,3.0,23030,18,110565,55040,11368,47999,0.2035154446286877,0.1167755288481604,318,124,331,"[36, 52, 221, 69]",1672
TR1_1642103048,9,Lulu,1,6,6,17,3.83,28815,18,52487,46444,29753,94016,0.0966121443417006,0.09853702627480768,298,70,212,"[192, 129, 12, 37]",1672
TR1_1642103048,10,AurelionSol,8,1,9,3,0.44,9575,15,29219,27373,7279,29834,0.13591297449668915,0.09386069903544282,127,0,18,"[154, 24, 207]",1672
TR1_1642103048,11,Ekko,8,3,7,0,0.43,9555,15,21988,23647,6947,31897,0.10227789989326073,0.08108475618275346,180,46,66,"[65, 129, 73]",1672
TR1_1642103048,12,Sona,2,2,8,7,1.12,12255,18,27971,49027,36189,69618,0.13010718432863,0.1681085385698556,277,5,32,"[312, 198, 37, 56]",1672
TR1_1642103048,13,Kaisa,2,7,10,2,0.9,15260,18,46975,37208,6565,35516,0.21850068508434817,0.12758371325421247,409,6,22,"[103, 301, 22, 305]",1672
TR1_1642103048,14,Yone,3,4,3,1,1.67,4100,9,6509,6144,378,3515,0.030277093386897654,0.02106799867299408,43,0,7,[71],1672
TR1_1642103048,15,Rammus,6,12,6,13,4.17,26755,18,63915,78954,13982,231132,0.11764831921214512,0.1675123786233888,245,0,32,"[152, 151, 51, 110]",1672
TR1_1642103048,16,Riven,4,12,6,9,3.5,22600,18,48357,80234,23185,147667,0.08901018569102459,0.17022837769928711,602,7,39,"[175, 310, 172, 136]",1672
TR1_1642097734,1,Jhin,4,9,7,8,2.43,19500,18,63848,32398,6521,21892,0.18603387996652324,0.10279222934830759,165,5,106,"[24, 207, 53, 84, 323]",1367
TR1_1642097734,2,Soraka,1,2,8,4,0.75,6700,12,14519,23331,18648,20255,0.0808535022869973,0.10508664340383574,164,22,68,"[198, 207, 15]",1367
TR1_1642097734,3,Sion,1,5,6,2,1.17,6700,12,16943,31487,1651,28978,0.09434835818330908,0.1418192195090385,113,12,86,"[301, 207, 53]",1367
TR1_1642097734,4,Varus,8,8,5,2,2.0,10000,15,26370,20279,5366,12026,0.14684611859427465,0.09134052962031194,110,22,253,"[129, 207, 228, 223]",1367
TR1_1642097734,5,Blitzcrank,3,6,6,10,2.67,16761,18,37263,33523,4645,48288,0.10857291038346141,0.10635981766379916,221,4,201,"[129, 207, 58, 241, 54]",1367
TR1_1642097734,6,Chogath,5,2,7,6,1.14,12251,15,21511,54792,7816,67037,0.11978849737544588,0.24678864325650404,251,0,14,"[310, 207, 234, 77]",1367
TR1_1642097734,7,Azir,7,6,4,1,1.75,6750,12,21762,16297,961,9906,0.1211818587189523,0.07340618610484087,138,6,17,"[217, 207, 216]",1367
TR1_1642097734,8,JarvanIV,8,2,6,8,1.67,11800,15,27229,30145,4353,45696,0.15162602209382717,0.13577493417797404,207,0,114,"[13, 207, 58, 16]",1367
TR1_1642097734,9,Vladimir,2,6,7,2,1.14,10250,16,51268,44242,37007,24132,0.14937937747710064,0.14036745980564652,290,0,41,"[50, 207, 193, 68]",1367
TR1_1642097734,10,MissFortune,3,13,8,6,2.38,14500,18,42505,27020,3281,15513,0.12384684042468229,0.08572903760146733,266,22,314,"[103, 207, 220, 309, 48]",1367
TR1_1642097734,11,Udyr,7,2,3,5,2.33,6750,12,13947,20624,3730,25260,0.07766721354382812,0.09289324801935728,131,0,10,"[310, 207, 41]",1367
TR1_1642097734,12,Kaisa,5,8,7,2,1.43,9750,15,37297,25064,6619,20996,0.2076884292033655,0.11289059590813758,267,0,29,"[71, 207, 81, 84]",1367
TR1_1642097734,13,Nami,6,4,6,12,2.67,19250,18,27786,45578,23209,60121,0.08096170498447564,0.14460672807882793,263,39,56,"[231, 207, 194, 13, 88]",1367
TR1_1642097734,14,Warwick,6,12,7,4,2.29,15250,18,54314,57304,23312,64195,0.15825571869393273,0.18180966641233923,233,0,40,"[311, 207, 233, 63, 27]",1367
TR1_1642097734,15,Belveth,4,9,6,8,2.83,17751,18,47992,37578,21798,52236,0.13983597532931902,0.11922511656832065,326,88,138,"[107, 207, 81, 82, 41]",1367
TR1_1642097734,16,Yone,2,3,8,4,0.88,12801,16,18229,37541,16361,46726,0.05311359274050503,0.11910994452129156,266,1,59,"[74, 207, 79]",1367
TR1_1642013967,1,Viktor,4,13,13,3,1.23,21110,18,61786,35611,2946,53723,0.15019356067864592,0.09848198311172306,432,27,14,"[45, 180, 135, 151]",1475
TR1_1642013967,2,Rammus,4,3,6,13,2.67,22600,18,46148,45282,14146,146264,0.1121795388724897,0.12522662508813115,199,0,50,"[18, 149, 193, 238]",1475
TR1_1642013967,3,Renekton,3,5,6,2,1.17,11300,15,26119,33804,8789,33948,0.12999835555175726,0.12898321592482875,206,0,16,"[220, 238, 48]",1475
TR1_1642013967,4,Nocturne,3,2,8,4,0.75,9800,15,19366,33020,10365,23339,0.09638878475702584,0.1259912809677795,158,23,38,"[48, 52, 58]",1475
TR1_1642013967,5,Vayne,8,9,8,11,2.5,19100,18,48233,35967,6209,19292,0.11724986660986673,0.09946600787606542,242,107,55,"[195, 71, 310, 211]",1475
TR1_1642013967,6,Camille,1,3,6,1,0.67,6500,12,11840,17032,1471,32351,0.058930729718719155,0.06498936952581702,203,1,13,"[125, 2]",1475
TR1_1642013967,7,Darius,1,1,9,2,0.33,6500,12,14787,22998,5072,16637,0.07360132916017835,0.08775081630168896,120,0,4,"[219, 77]",1475
TR1_1642013967,8,Gnar,6,1,5,10,2.2,10550,15,27414,37119,15188,51593,0.1364478705751332,0.14162837470736928,170,25,99,"[193, 67, 135]",1475
TR1_1642013967,9,Seraphine,6,12,6,0,2.0,12560,15,39172,18610,3017,32541,0.1949671018245239,0.07100729594715789,225,76,141,"[48, 215, 216]",1475
TR1_1642013967,10,Vladimir,8,15,3,7,7.33,19643,18,75981,76586,115896,56210,0.18470028168450503,0.2117970603723909,506,0,57,"[219, 133, 45, 13]",1475
TR1_1642013967,11,Yone,5,11,6,1,2.0,16227,17,56981,59299,10290,83976,0.2836054721898761,0.2262603601646296,438,14,68,"[58, 89, 175]",1475
TR1_1642013967,12,Kayn,7,6,7,12,2.57,15750,18,40461,45046,20900,67416,0.09835538289727903,0.12457443267691605,454,0,36,"[19, 74, 82, 84]",1475
TR1_1642013967,13,Soraka,5,1,8,11,1.5,11250,17,5236,40201,60749,35505,0.02606035622278623,0.15338928646072897,173,9,64,"[234, 211, 141, 20]",1475
TR1_1642013967,14,Trundle,2,7,9,5,1.33,11000,17,32679,41100,16134,43543,0.07943962437178946,0.11366154705238121,168,0,32,"[81, 107, 24, 166]",1475
TR1_1642013967,15,Vayne,2,8,6,7,2.5,11000,17,55127,33686,15015,92474,0.13400748741425797,0.09315769314443195,218,74,101,"[81, 321, 107, 115]",1475
TR1_1642013967,16,Katarina,7,14,5,3,3.4,19260,18,50958,48322,18645,59887,0.12387425747116616,0.13363465067796024,201,1,60,"[62, 217, 133, 63]",1475
TR1_1642006756,1,Jinx,7,5,8,4,1.12,9800,15,21791,26378,11357,15411,0.11435502975099854,0.10862446682273727,147,20,78,"[217, 105, 219, 79]",1459
TR1_1642006756,2,Poppy,7,5,6,5,1.67,11302,15,19298,24724,13099,57525,0.10126784758074264,0.10181281254558447,110,1,24,"[149, 251, 41, 216]",1459
TR1_1642006756,3,Nocturne,6,9,5,1,2.0,10800,16,30827,21420,9037,14798,0.1617695697189182,0.08820555720649702,187,24,33,"[74, 32, 225, 220]",1459
TR1_1642006756,4,Gragas,6,3,5,5,1.6,12800,16,12194,24188,8573,38266,0.06398998794963465,0.09960373410332575,323,7,37,"[116, 136, 1, 18]",1459
TR1_1642006756,5,Malphite,3,8,5,3,2.2,12282,17,30604,19108,5121,26195,0.08943812922396686,0.059081769830813445,234,0,18,"[38, 12, 166, 1]",1459
TR1_1642006756,6,Camille,3,3,7,3,0.86,13750,17,27663,39243,9106,51981,0.08084402870598556,0.12133448087939282,306,0,23,"[2, 120, 234, 228]",1459
TR1_1642006756,7,Rell,4,10,5,10,4.0,18250,18,54109,50223,5642,126294,0.15812851346674547,0.15528393159705337,242,0,26,"[152, 97, 123, 193, 149]",1459
TR1_1642006756,8,Sett,5,4,9,0,0.44,7500,13,16563,27789,4521,29341,0.08691812075303643,0.11443366375960043,88,0,23,"[13, 304, 25]",1459
TR1_1642006756,9,DrMundo,4,10,6,10,3.33,20750,18,63442,60248,18664,215634,0.18540138696152605,0.18627914889236205,367,56,83,"[310, 44, 125, 41, 309]",1459
TR1_1642006756,10,Karma,5,2,7,3,0.71,7500,13,11810,32827,31610,63942,0.061975953261956845,0.13517704778203318,182,7,19,"[90, 304, 97]",1459
TR1_1642006756,11,Blitzcrank,8,10,5,10,4.0,18250,18,63112,78494,19874,66223,0.18443793099397746,0.2426944212712826,292,22,54,"[129, 120, 2, 194, 311]",1459
TR1_1642006756,12,Yunara,8,11,6,8,3.17,18250,18,48889,31249,14453,24270,0.14287431338536902,0.09661866272364682,201,14,38,"[319, 138, 77, 220, 223]",1459
TR1_1642006756,13,Qiyana,2,6,6,6,2.0,10750,17,34564,18350,4664,21426,0.10101125605016706,0.05673862509622651,297,8,48,"[82, 25, 54, 195, 321]",1459
TR1_1642006756,14,LeeSin,2,6,9,5,1.22,12250,17,19800,26511,8391,22992,0.057864441212262516,0.08196895970922241,190,9,31,"[92, 46, 195, 234, 310]",1459
TR1_1642006756,15,Sett,1,7,6,6,2.17,11750,16,33982,53239,36432,48355,0.17832568775604618,0.21923425632591784,93,0,36,"[70, 222, 123, 195]",1459
TR1_1642006756,16,Ashe,1,7,12,5,1.0,11250,16,44096,32276,11809,19620,0.2313978032286665,0.13290846145430404,96,23,140,"[107, 93, 220, 225]",1459
TR1_1642001306,1,TwistedFate,2,6,8,2,1.0,12621,15,23568,28715,6496,16321,0.11970427078874703,0.10493249128134952,268,30,171,"[50, 135]",1471
TR1_1642001306,2,Ornn,2,2,6,4,1.0,9540,15,22690,58590,8244,69102,0.11524354507902686,0.21410497144631216,137,15,151,"[310, 67, 41]",1471
TR1_1642001306,3,Singed,8,4,7,5,1.29,10160,15,32290,29962,4222,54570,0.16400263592305303,0.10949263513318541,106,0,43,"[151, 311, 18]",1471
TR1_1642001306,4,Xayah,6,3,6,5,1.33,11610,15,25409,20457,3153,9769,0.12905222305743444,0.07475541782721386,86,17,56,"[217, 103, 58]",1471
TR1_1642001306,5,Mordekaiser,4,4,10,3,0.7,11525,15,26809,33043,6077,35761,0.13616416811765739,0.12075058907350783,148,0,56,"[129, 23, 48]",1471
TR1_1642001306,6,Ornn,4,7,6,2,1.5,11980,15,25528,55015,7330,75203,0.1296552562735428,0.2010409044024916,182,22,59,"[154, 321, 174]",1471
TR1_1642001306,7,Jinx,7,12,4,9,5.25,19500,18,82978,33978,11564,15092,0.21862333569588888,0.10915367857932287,350,13,131,"[312, 223, 11, 2]",1471
TR1_1642001306,8,Teemo,1,2,9,8,1.11,10500,16,34390,26837,3188,21619,0.09060767722930745,0.08621347538648982,172,0,28,"[180, 211, 30]",1471
TR1_1642001306,9,Shaco,1,9,9,1,1.11,10500,16,37705,26925,4383,12727,0.0993433624290931,0.08649471689473738,387,31,65,"[50, 89, 30]",1471
TR1_1642001306,10,Vex,6,5,7,1,0.86,11950,15,19791,24158,2596,17893,0.10051985687069953,0.0882815709023706,207,25,54,"[238, 65, 219]",1471
TR1_1642001306,11,Zoe,5,6,5,13,3.8,22823,18,40691,28668,5564,22840,0.10720985210255521,0.09209305106661901,383,149,330,"[38, 180, 30, 133]",1471
TR1_1642001306,12,Ekko,5,16,8,4,2.5,23150,18,53740,69749,27165,38419,0.1415909477858074,0.2240639959483655,276,59,191,"[154, 129, 19, 63]",1471
TR1_1642001306,13,Talon,8,5,8,1,0.75,9780,15,20803,23709,1969,13844,0.10565804388983892,0.08664141993356904,167,23,99,"[92, 16, 41]",1471
TR1_1642001306,14,Lux,7,12,5,11,4.6,19350,18,59196,34018,5929,38829,0.15596626131962374,0.10928071880372882,257,7,111,"[311, 238, 45, 103]",1471
TR1_1642001306,15,Blitzcrank,3,10,5,6,3.2,14430,17,31780,53740,4662,50868,0.0837325366752295,0.17263490322249123,216,11,196,"[227, 152, 45, 72]",1471
TR1_1642001306,16,MissFortune,3,6,6,8,2.33,10910,17,39065,37375,7416,20088,0.10292602676249475,0.12006546009824536,303,62,417,"[65, 301, 75, 98]",1471
TR1_1641993726,1,Annie,7,1,7,4,0.71,13759,14,10479,13402,1465,13058,0.08320358690278976,0.08823750923260823,174,0,28,"[205, 229, 234]",1486
TR1_1641993726,2,Karma,4,2,6,1,0.5,7256,13,9323,22257,11889,25370,0.07402817530874181,0.14653594596429578,178,18,25,"[37, 60]",1486
TR1_1641993726,3,Morgana,1,7,7,7,2.0,10000,15,29229,41424,10187,76188,0.07620488312876758,0.10762006762778242,292,16,49,"[218, 136, 216]",1486
TR1_1641993726,4,Zyra,1,7,7,5,1.71,10000,15,24578,28134,6271,14108,0.06407922921991697,0.07309225317911924,309,17,29,"[32, 171, 216]",1486
TR1_1641993726,5,Mel,2,10,5,13,4.6,27556,18,35380,40634,6632,36436,0.09224165080927356,0.10556692878745494,183,134,260,"[97, 49, 194, 242]",1486
TR1_1641993726,6,Khazix,2,16,6,8,4.0,29350,18,120580,35907,9803,33672,0.3143697910177739,0.09328806006175999,319,40,127,"[17, 108, 195, 206]",1486
TR1_1641993726,7,Lux,7,4,6,1,0.83,7206,14,14534,15249,1434,9580,0.11540063115526318,0.10040010755088478,173,47,117,"[322, 207, 45]",1486
TR1_1641993726,8,Veigar,6,4,7,5,1.29,10303,15,22931,21423,2351,8495,0.18206875033994932,0.1410487291404776,187,7,27,"[102, 46, 48]",1486
TR1_1641993726,9,Senna,6,6,7,3,1.29,10737,15,23872,20447,7296,8302,0.1895409475749417,0.13461787031760172,115,5,25,"[51, 170, 220]",1486
TR1_1641993726,10,Amumu,4,1,7,0,0.14,6774,13,11986,19915,2713,30061,0.09516608076819491,0.13111929044191017,135,17,30,"[97, 205]",1486
TR1_1641993726,11,Akali,5,4,6,2,1.0,11356,15,24044,21218,5197,11880,0.1909069244674218,0.13969675639698878,192,0,31,"[171, 176, 45]",1486
TR1_1641993726,12,Karthus,3,11,6,6,2.83,13971,18,33901,24918,2509,7545,0.08838487439924715,0.0647391021759596,537,0,14,"[32, 28, 1, 44]",1486
TR1_1641993726,13,Lucian,3,8,6,10,3.0,14162,18,41841,26166,5095,9387,0.10908740408782247,0.06798023562607709,155,8,23,"[80, 206, 48, 138]",1486
TR1_1641993726,14,Leona,8,12,11,9,1.91,23500,18,44479,73597,12148,106623,0.11596336412234928,0.19120601356401884,294,22,115,"[85, 251, 45, 42]",1486
TR1_1641993726,15,Malphite,8,10,6,12,3.67,25068,18,53571,114129,26798,157297,0.13966880321484904,0.2965073389778279,282,0,70,"[12, 110, 41, 237]",1486
TR1_1641993726,16,Brand,5,2,7,3,0.71,10865,15,8776,17975,3698,15709,0.06968490348269754,0.11834379095523291,148,66,93,"[226, 138, 208]",1486
TR1_1641828457,1,Darius,8,4,8,12,2.0,18050,18,44461,63958,14443,51192,0.08631118576399836,0.14056316505629504,161,0,19,"[75, 174, 34, 322, 24]",1303
TR1_1641828457,2,DrMundo,7,5,6,2,1.17,9935,15,44584,76459,32250,83458,0.18535389632122157,0.25182689303757044,171,22,48,"[41, 174, 7, 181]",1303
TR1_1641828457,3,Leona,4,5,5,8,2.6,12060,17,44321,53470,4899,105243,0.18425992094312973,0.1761117522654014,164,16,23,"[193, 174, 136, 39, 13]",1303
TR1_1641828457,4,Pantheon,4,9,6,5,2.33,11080,17,42450,45690,19446,45957,0.17648320199337242,0.15048537940389559,268,1,23,"[19, 174, 42, 172, 89]",1303
TR1_1641828457,5,Smolder,6,13,8,3,2.0,18890,18,87538,43237,5584,20465,0.16993427004571643,0.0950227025913319,184,16,35,"[48, 174, 305, 120, 71]",1303
TR1_1641828457,6,Sion,7,2,8,3,0.62,9900,15,32890,46252,9429,96008,0.13673907845606806,0.15233707573668423,108,8,28,"[62, 174, 218, 305]",1303
TR1_1641828457,7,XinZhao,5,7,5,9,3.2,21825,28,59610,83305,49373,115620,0.11571876877399433,0.18308195510990732,116,0,0,"[96, 174, 138, 170, 74]",1303
TR1_1641828457,8,Malphite,3,3,6,2,0.83,7285,13,24443,20345,1592,36088,0.1016190487252848,0.06701069746840423,175,0,16,"[75, 174, 46]",1303
TR1_1641828457,9,Amumu,3,2,7,3,0.71,7280,13,19341,26796,2234,41905,0.08040973181261976,0.08825823937227126,73,7,21,"[216, 174, 218]",1303
TR1_1641828457,10,Trundle,1,9,8,11,2.5,19675,18,56485,76600,40690,94666,0.10965296681144063,0.16834600311629444,206,0,53,"[79, 174, 7, 51, 82]",1303
TR1_1641828457,11,Gwen,1,13,5,7,4.0,31091,29,126236,72517,30425,122039,0.24505694334910488,0.15937399396486226,265,72,106,"[96, 174, 251, 110, 84]",1303
TR1_1641828457,12,Shaco,8,12,6,4,2.67,17175,18,57127,31152,3771,24432,0.11089811234331287,0.06846363250046143,291,0,25,"[310, 174, 22, 241]",1303
TR1_1641828457,13,Lucian,2,1,7,4,0.71,7390,13,10375,17398,1100,6953,0.04313365839952177,0.057304775487480517,79,2,20,"[219, 174, 46]",1303
TR1_1641828457,14,Zoe,2,4,6,1,0.83,7210,13,22129,17204,939,6861,0.09200146334878191,0.05666518722829231,136,15,57,"[156, 174, 205]",1303
TR1_1641828457,15,Darius,5,9,6,7,2.67,17770,18,57357,44289,10879,82497,0.11134503224813713,0.09733673578888179,163,0,1,"[6, 174, 57, 108, 67]",1303
TR1_1641828457,16,Nidalee,6,3,6,12,2.5,14230,18,26314,39955,16456,22506,0.0510827206642954,0.0878118118719658,329,8,41,"[86, 174, 97, 221, 312]",1303
TR1_1641817763,1,Udyr,5,9,7,5,2.0,14375,18,57162,26449,7023,29349,0.10473098644365239,0.05161174100681565,375,0,7,"[238, 92, 7, 206]",1617
TR1_1641817763,2,Camille,5,7,5,9,3.2,13500,18,43361,52343,26741,60272,0.07944498073206016,0.1021398819112945,317,3,36,"[151, 71, 138, 42]",1617
TR1_1641817763,3,Elise,3,10,5,8,3.6,14750,18,62141,40341,22036,20956,0.11385206703380929,0.07872016309004759,631,0,56,"[312, 72, 207, 73]",1617
TR1_1641817763,4,Chogath,3,9,7,8,2.43,13250,18,43498,68555,6391,94160,0.0796960711897414,0.13377470117636736,243,0,42,"[64, 175, 251, 136]",1617
TR1_1641817763,5,Cassiopeia,4,16,10,8,2.4,21970,18,85645,70015,27389,54717,0.1569155333639863,0.13662273397207023,645,8,139,"[311, 133, 56, 102]",1617
TR1_1641817763,6,Karthus,4,8,7,16,3.43,21960,18,91655,140827,16023,119774,0.16792692775291113,0.2748015652548597,596,0,29,"[310, 238, 97, 56]",1617
TR1_1641817763,7,Karma,6,0,5,4,0.8,6250,12,7876,34942,17499,65716,0.03445295644927823,0.11374169035872764,206,3,27,"[13, 227]",1617
TR1_1641817763,8,Nami,1,4,7,15,2.71,23770,18,32353,38428,31809,66418,0.059277369263353925,0.07498694883483242,306,19,103,"[2, 5, 80, 44]",1617
TR1_1641817763,9,Gwen,1,15,9,4,2.11,20763,18,129987,75508,28073,88362,0.2381560642204854,0.14734226475371257,342,66,214,"[312, 129, 138, 87]",1617
TR1_1641817763,10,TahmKench,2,6,7,4,1.43,9755,15,31842,69136,30516,91468,0.1392908563281078,0.22504558204906794,245,44,85,"[67, 154, 205]",1617
TR1_1641817763,11,Kayle,2,5,12,6,0.92,9785,15,31647,35314,16692,20576,0.13843746104304136,0.11495205774089448,195,12,66,"[150, 151, 222]",1617
TR1_1641817763,12,Sett,6,4,7,0,0.57,6250,12,19902,31587,3186,38841,0.08706187729687195,0.10282241296242306,90,0,39,"[64, 23]",1617
TR1_1641817763,13,Senna,7,8,6,8,2.67,13896,17,56403,33915,21820,22323,0.246732985238735,0.11039710158781661,134,18,58,"[77, 61, 237, 37]",1617
TR1_1641817763,14,DrMundo,8,4,7,1,0.71,6250,12,26060,50220,24351,32990,0.1139986499292571,0.16347443872312,182,52,74,"[67, 13]",1617
TR1_1641817763,15,Chogath,8,1,7,3,0.57,6250,12,8900,23419,6695,22224,0.03893271567057163,0.07623376063408958,108,0,24,"[24, 152]",1617
TR1_1641817763,16,Smolder,7,9,7,7,2.29,11925,17,45970,28672,5828,15389,0.20109249804413692,0.09333295594386067,481,21,55,"[103, 72, 40, 206]",1617
TR1_1641761652,1,Darius,7,10,6,4,2.33,18612,18,36820,99720,52365,140299,0.06160386515510218,0.17298480513481615,225,0,10,"[219, 222, 20, 237]",1598
TR1_1641761652,2,Mel,4,14,8,8,2.75,22512,18,70291,39599,8876,48584,0.11760509504586311,0.06869302047526528,344,371,714,"[48, 322, 103, 97]",1598
TR1_1641761652,3,Malphite,4,10,7,13,3.29,21625,18,104128,65675,9875,191149,0.1742173228294172,0.11392641559071089,289,3,258,"[75, 181, 149, 46]",1598
TR1_1641761652,4,Zyra,2,12,6,4,2.67,13750,17,75991,39311,23240,31642,0.1271420161169778,0.06819348361071859,391,32,63,"[219, 171, 2]",1598
TR1_1641761652,5,Irelia,2,4,6,9,2.17,11750,17,39837,40669,6882,53935,0.06665213328932626,0.07054903167096246,282,15,127,"[243, 112, 175, 242]",1598
TR1_1641761652,6,Draven,6,8,9,1,1.0,10960,15,36431,43053,4664,34877,0.15858057152423632,0.15375958558220626,246,16,53,"[225, 34, 200]",1598
TR1_1641761652,7,Diana,8,6,8,2,1.0,8203,14,29021,20948,2787,21127,0.12632704192820185,0.07481582451338771,169,11,38,"[156, 221, 84]",1598
TR1_1641761652,8,Vladimir,3,8,7,10,2.57,15780,18,108821,160875,198603,449909,0.18207007834998362,0.2790699420455923,509,0,87,"[216, 218, 67, 97]",1598
TR1_1641761652,9,XinZhao,7,7,7,10,2.43,22033,18,100753,76106,55292,94870,0.1685711214180479,0.13202171161224532,309,0,6,"[79, 22, 227, 9]",1598
TR1_1641761652,10,Quinn,1,6,6,5,1.83,11059,15,26061,21293,4572,11282,0.11343944349588743,0.0760459327265829,208,6,53,"[58, 73, 107]",1598
TR1_1641761652,11,Neeko,1,6,5,5,2.2,12062,15,32223,20836,3283,14089,0.14026295614048875,0.07441405887064333,298,12,33,"[243, 112, 236]",1598
TR1_1641761652,12,Tristana,3,12,16,2,0.88,19262,18,61047,54512,13573,34498,0.10213836779528193,0.09456158985968896,231,0,48,"[220, 49, 71, 28]",1598
TR1_1641761652,13,Sett,5,3,6,6,1.5,10503,15,27282,42224,9346,52484,0.11875463778436027,0.15079803750757592,77,0,13,"[79, 42, 150]",1598
TR1_1641761652,14,Soraka,6,2,6,7,1.5,10503,15,26534,42803,52043,23848,0.1154992206027054,0.15286798365181156,219,14,58,"[193, 49, 192]",1598
TR1_1641761652,15,XinZhao,8,3,7,3,0.86,7715,14,30007,61652,36604,40723,0.13061560802838088,0.2201856802069924,108,0,19,"[41, 37, 52]",1598
TR1_1641761652,16,Katarina,5,7,8,2,1.12,17750,15,22174,27192,5198,14592,0.09652052049573907,0.09711289694079996,106,2,31,"[194, 229, 29]",1598
TR1_1641758731,1,Akali,7,20,5,4,4.8,18850,18,94048,86423,10058,72015,0.20495301380112957,0.2248748763142737,312,0,52,"[57, 205, 195, 54, 138]",1480
TR1_1641758731,2,Kaisa,1,3,10,1,0.4,9000,15,13783,22183,3495,12725,0.06883392628845157,0.07815627182099011,162,6,64,"[51, 308, 82, 48]",1480
TR1_1641758731,3,Ornn,1,3,6,2,0.83,9000,15,43672,58186,4901,61820,0.21809677159400837,0.20500047190933857,189,12,57,"[232, 120, 152, 58]",1480
TR1_1641758731,4,Ornn,2,3,6,0,0.5,7250,13,21829,48097,2049,35659,0.10901327218466811,0.16945380808541302,130,21,44,"[110, 304, 237]",1480
TR1_1641758731,5,Tristana,2,0,10,2,0.2,6750,13,8834,14679,2443,12346,0.04411763988692558,0.05171837686528394,64,0,22,"[51, 304, 170]",1480
TR1_1641758731,6,Vladimir,3,7,10,2,0.9,10010,16,28104,37334,35893,19241,0.1403527369139321,0.13153676663685476,208,0,25,"[97, 181, 48, 78]",1480
TR1_1641758731,7,DrMundo,3,4,10,6,1.0,10300,15,44899,69215,26541,50714,0.2242243700525286,0.24385813918096852,283,41,86,"[7, 49, 41, 243]",1480
TR1_1641758731,8,Ahri,4,11,7,9,2.86,16760,18,60450,28713,8715,14524,0.13173612930002368,0.07471157835104877,436,84,156,"[34, 9, 30, 135, 97]",1480
TR1_1641758731,9,Viktor,4,10,8,10,2.5,16750,18,59328,35970,10660,34397,0.1292909747797275,0.0935952352992765,441,60,108,"[44, 56, 135, 30, 170]",1480
TR1_1641758731,10,Soraka,7,4,6,20,4.0,18850,18,40727,112165,116061,66641,0.08875509368707622,0.2918556200126485,435,3,59,"[120, 105, 30, 208, 237]",1480
TR1_1641758731,11,Galio,5,6,4,11,4.25,14000,16,14326,36969,22005,106676,0.03122038794370672,0.09619556597556204,143,22,154,"[60, 39, 234, 194]",1480
TR1_1641758731,12,Talon,5,11,6,6,2.83,11000,16,56674,27337,5642,25834,0.12350728400268558,0.07113291183039212,309,55,276,"[28, 73, 171, 310]",1480
TR1_1641758731,13,Amumu,6,8,4,14,5.5,22500,18,68058,33742,18976,28145,0.14831434147324027,0.08779866568039439,206,29,120,"[49, 85, 45, 53, 136]",1480
TR1_1641758731,14,TwistedFate,6,15,5,8,4.6,27085,18,65262,22996,14410,15052,0.14222277501241043,0.05983554653640403,412,47,183,"[205, 138, 115, 234, 46]",1480
TR1_1641758731,15,Twitch,8,3,8,4,0.88,8250,14,15454,14188,4969,8113,0.07718098790626718,0.04998658381981007,67,5,31,"[305, 304, 207, 81]",1480
TR1_1641758731,16,Tryndamere,8,5,8,2,0.88,8250,14,23664,19950,10677,14169,0.11818029517321847,0.070289581681341,59,0,12,"[206, 304, 7, 225]",1480
TR1_1641756167,1,Zyra,2,21,5,5,5.2,17010,18,61145,43683,18732,31023,0.14623192851119368,0.10765550849537558,541,106,164,"[138, 68, 86, 30, 104]",1576
TR1_1641756167,2,Alistar,2,5,7,19,3.43,17000,18,40004,55700,35259,96812,0.09567222662389142,0.13726909317933925,204,0,38,"[171, 150, 208, 45, 223]",1576
TR1_1641756167,3,Blitzcrank,8,11,7,12,3.29,20309,18,74817,33576,6177,79786,0.17892688365272655,0.08274680372243609,240,9,35,"[237, 311, 208, 48, 227]",1576
TR1_1641756167,4,Neeko,5,2,6,1,0.5,6706,12,8416,11595,2429,6696,0.04787063087198644,0.058132626211312516,140,13,18,"[205, 304, 52]",1576
TR1_1641756167,5,Xerath,3,12,7,1,1.86,11571,16,46277,15894,4817,20698,0.2632222648113122,0.07968617502748598,378,11,15,"[69, 180, 30, 135]",1576
TR1_1641756167,6,Sylas,3,2,8,9,1.38,10768,16,33408,53125,9318,39339,0.19002298102826706,0.26634250107417634,158,5,24,"[120, 65, 18, 123]",1576
TR1_1641756167,7,Neeko,4,5,7,6,1.57,13062,17,22260,36887,11844,27986,0.12661538058660832,0.1849337418271534,331,44,77,"[222, 171, 50, 48]",1576
TR1_1641756167,8,Trundle,4,8,7,5,1.86,13070,16,28084,37732,10908,38323,0.15974291291928508,0.18916848372520043,218,0,24,"[51, 237, 84, 79]",1576
TR1_1641756167,9,MonkeyKing,5,1,7,2,0.43,6500,12,5976,12023,1058,12170,0.03399097719765409,0.06027849171934407,97,0,5,"[39, 304, 310]",1576
TR1_1641756167,10,Shyvana,6,14,8,6,2.5,27826,18,85169,89822,43595,212172,0.20368392456833315,0.22136074240785855,488,18,49,"[204, 238, 58, 193, 116]",1576
TR1_1641756167,11,Azir,7,10,12,3,1.08,11330,17,26532,34395,31693,34011,0.06345322721664892,0.08476454368828819,196,9,37,"[46, 238, 135, 115, 16]",1576
TR1_1641756167,12,Kindred,8,14,7,9,3.29,20333,18,65608,41089,21539,57308,0.15690485178383815,0.10126188962076059,309,15,38,"[32, 63, 54, 19, 90]",1576
TR1_1641756167,13,Mel,1,4,7,3,1.0,7503,14,16596,14737,4551,9162,0.09440087603653204,0.07388656286683072,110,103,213,"[97, 304, 16, 11]",1576
TR1_1641756167,14,Teemo,1,4,6,3,1.17,8212,14,14791,17467,829,8908,0.08413397654835478,0.08757141754849657,112,0,28,"[324, 81, 58, 195]",1576
TR1_1641756167,15,Mordekaiser,7,3,12,6,0.75,13339,17,28236,63110,25604,81708,0.06752815883032924,0.1555320758986136,196,0,22,"[205, 64, 41, 15, 231]",1576
TR1_1641756167,16,Yasuo,6,8,11,8,1.45,19439,18,36628,44395,16997,38680,0.08759879881303888,0.10940934298732814,309,1,34,"[237, 107, 79, 225, 227]",1576
TR1_1641753204,1,Zilean,2,6,3,13,6.33,21250,18,50099,30695,18731,40845,0.13759732826971396,0.09121217862479049,1202,68,174,"[56, 1, 312, 103]",1435
TR1_1641753204,2,Pyke,2,13,3,6,6.33,18450,18,66717,48509,25733,40437,0.1832378996429112,0.14414637443834324,334,38,151,"[73, 19, 150, 2]",1435
TR1_1641753204,3,Ornn,4,2,6,1,0.5,7500,13,20292,27447,2775,41402,0.09811592053412056,0.10925315343335172,131,17,34,"[136, 18]",1435
TR1_1641753204,4,Quinn,4,2,10,2,0.4,7500,13,9719,22496,3484,14138,0.04699236437544984,0.08954715020765196,70,10,21,"[138, 195]",1435
TR1_1641753204,5,Pyke,6,9,5,3,2.4,10000,15,27895,26387,9963,23620,0.13487423029916523,0.10503533851445687,200,14,57,"[25, 19, 84]",1435
TR1_1641753204,6,Aurora,6,3,6,9,2.0,12100,15,32835,24206,6089,15094,0.15876311722328573,0.09635323864482795,427,28,58,"[237, 6, 133]",1435
TR1_1641753204,7,Sett,7,6,8,4,1.25,12500,16,41576,40031,6556,39892,0.20102465247251566,0.15934401452546018,82,0,27,"[9, 79, 116]",1435
TR1_1641753204,8,Kaisa,8,6,8,1,0.88,7250,14,23796,20507,3216,13316,0.11505600245432256,0.08162864641811787,181,8,24,"[32, 225, 52]",1435
TR1_1641753204,9,Garen,3,8,7,6,2.0,13250,18,39365,27035,3752,39252,0.1081167706160736,0.0803366239252163,161,0,21,"[22, 225, 116, 241]",1435
TR1_1641753204,10,DrMundo,3,9,6,7,2.67,16250,18,43157,117916,23521,119710,0.11853125320261347,0.3503894674904401,202,37,77,"[102, 41, 64, 33]",1435
TR1_1641753204,11,Amumu,7,5,6,6,1.83,12800,23,32107,49224,10781,62688,0.15523976444505677,0.19593581545025573,217,23,56,"[205, 96, 149]",1435
TR1_1641753204,12,Ornn,8,2,6,5,1.17,7250,14,18600,40925,8928,41547,0.08993394819608364,0.1629026428058777,164,16,29,"[42, 18, 310]",1435
TR1_1641753204,13,Kalista,1,9,7,3,1.71,10800,17,58460,25346,6957,25579,0.16056199759451795,0.07531580764690378,114,11,35,"[73, 220, 321, 36]",1435
TR1_1641753204,14,Hwei,1,4,9,7,1.22,13300,17,22415,29743,3441,17991,0.061562622446951314,0.08838350714788128,193,6,27,"[237, 30, 98, 180]",1435
TR1_1641753204,15,Xerath,5,7,6,8,2.5,17510,18,38460,24788,1933,14953,0.10563026722211132,0.07365935602543541,366,20,46,"[26, 45, 301, 92]",1435
TR1_1641753204,16,Lillia,5,9,4,7,4.0,19000,18,45425,32494,9676,20962,0.12476186100510721,0.09655668470098942,308,4,38,"[28, 48, 72, 92]",1435
TR1_1641587942,1,Yorick,5,7,6,4,1.83,14182,15,48099,47860,20227,56124,0.19510827645274406,0.19997449318049196,332,13,46,"[206, 103, 216]",1457
TR1_1641587942,2,Taliyah,7,8,9,7,1.67,17762,18,39965,47615,8451,48170,0.1189023019387885,0.11356861128113387,361,146,279,"[218, 151, 217, 133]",1457
TR1_1641587942,3,Velkoz,1,13,5,3,3.2,12810,17,58365,30414,3838,18765,0.23674983843077946,0.1270779272996561,434,69,78,"[324, 233, 75, 30]",1457
TR1_1641587942,4,Milio,1,3,5,13,3.2,13810,17,20618,27947,19382,60535,0.08363423704191242,0.1167719105872707,275,32,90,"[102, 5, 30, 180]",1457
TR1_1641587942,5,Gnar,6,3,8,4,0.88,7450,14,15649,26576,17838,17666,0.06348110806720145,0.11104464380537722,132,4,33,"[43, 238, 13]",1457
TR1_1641587942,6,Yone,5,4,7,6,1.43,10250,15,28649,22647,5448,26525,0.11621278261105589,0.09462697900431973,296,5,27,"[32, 217, 81]",1457
TR1_1641587942,7,Gragas,8,4,8,5,1.12,15776,18,23042,54624,11079,89311,0.06855465082604728,0.13028631878029417,267,11,55,"[97, 310, 66, 301]",1457
TR1_1641587942,8,KSante,6,4,7,3,1.0,7454,14,20380,29366,3100,40789,0.08267150045710935,0.12270065480288368,215,0,48,"[39, 63, 198]",1457
TR1_1641587942,9,Singed,2,8,7,3,1.57,10274,16,25828,26702,2847,30370,0.10476812648044379,0.11157073419865343,90,0,30,"[26, 129, 62]",1457
TR1_1641587942,10,Lillia,2,6,5,7,2.6,10310,15,28935,27818,9483,16394,0.1173741304587536,0.11623265712134716,209,5,30,"[102, 238, 48]",1457
TR1_1641587942,11,Maokai,3,7,7,8,2.14,16268,18,29875,56525,20013,227397,0.08888299272066569,0.13482141103143205,378,27,215,"[251, 165, 18, 67]",1457
TR1_1641587942,12,Udyr,3,10,8,6,2.0,13266,18,42470,61097,28497,146943,0.12635576310181335,0.14572562847939585,373,0,91,"[305, 310, 18, 47]",1457
TR1_1641587942,13,Kaisa,7,9,9,6,1.67,15758,18,50300,58061,26722,46431,0.14965194329245382,0.13848404513901771,214,18,82,"[112, 71, 227, 84]",1457
TR1_1641587942,14,Nasus,8,7,7,4,1.57,13230,18,58638,73312,48918,89300,0.17445649453567919,0.17486095274037383,293,0,12,"[138, 92, 48, 82]",1457
TR1_1641587942,15,Nasus,4,8,4,9,4.25,19256,18,38969,36262,22478,55741,0.11593896121266664,0.08649204488011823,278,0,36,"[138, 118, 53, 47]",1457
TR1_1641587942,16,MasterYi,4,10,9,5,1.67,15750,18,52857,31763,8308,26479,0.15725689237188553,0.0757609876682343,76,0,36,"[34, 107, 11, 52]",1457
TR1_1641582365,1,Kassadin,1,18,8,8,3.25,22419,18,71824,65719,16230,52436,0.1942240846918898,0.19541684214486468,620,16,75,"[238, 221, 219, 36]",1295
TR1_1641582365,2,Camille,1,8,6,13,3.5,19254,18,48840,64156,14564,120873,0.1320727561734829,0.1907682527026827,269,0,126,"[217, 218, 216, 215]",1295
TR1_1641582365,3,Gangplank,8,8,7,2,1.43,12616,15,34861,30902,12116,21922,0.16107667069317252,0.1228960227408743,359,11,18,"[38, 322, 41]",1295
TR1_1641582365,4,Smolder,2,6,9,4,1.11,13076,16,37019,36694,7888,23886,0.1001065979442753,0.10910952056306358,221,14,54,"[152, 171, 134]",1295
TR1_1641582365,5,Trundle,2,6,6,3,1.5,10785,16,23859,39828,17733,49104,0.06451978558301227,0.11842776931746868,236,0,99,"[103, 138, 58]",1295
TR1_1641582365,6,Syndra,3,13,8,7,2.5,22534,18,48660,28800,3518,31666,0.13158608054680737,0.08563720911637523,413,14,520,"[311, 171, 14, 180]",1295
TR1_1641582365,7,Smolder,6,12,8,5,2.12,11520,17,53514,29923,3184,18406,0.14471312910308734,0.0889775675400695,228,11,46,"[154, 46, 48, 84]",1295
TR1_1641582365,8,Jhin,3,9,7,12,3.0,18549,18,60406,38179,7891,24974,0.16334852858869403,0.1135257606776256,98,1,73,"[227, 305, 220, 175]",1295
TR1_1641582365,9,Neeko,7,6,6,4,1.67,13056,16,21653,25628,5282,15980,0.1000515576727994,0.1019212506847057,1305,17,39,"[150, 206, 79]",1295
TR1_1641582365,10,Singed,8,2,9,7,1.0,10264,15,29705,30166,6080,61228,0.1372560349735573,0.11996876556709804,84,0,38,"[154, 322, 18]",1295
TR1_1641582365,11,Malzahar,5,4,7,8,1.71,14100,16,29325,28149,6365,17177,0.13549889938072224,0.11194595112105786,239,0,74,"[133, 108, 30]",1295
TR1_1641582365,12,Zac,7,4,8,6,1.25,12508,16,27411,45995,46298,37156,0.12665615069788583,0.18291640689625036,247,11,38,"[68, 28, 41]",1295
TR1_1641582365,13,Neeko,4,6,6,2,1.33,11336,15,18527,19533,1201,11407,0.08560467017524041,0.07768320088375562,186,12,29,"[129, 226, 30]",1295
TR1_1641582365,14,Warwick,4,2,6,6,1.33,9825,15,22971,27684,12071,28865,0.10614177223839652,0.11009896812068039,123,0,33,"[103, 206, 48]",1295
TR1_1641582365,15,Varus,5,8,9,4,1.33,11610,16,31969,43393,8259,37346,0.14771424416822582,0.17256943398557772,143,30,313,"[310, 17, 228]",1295
TR1_1641582365,16,Kassadin,6,5,7,11,2.29,11525,17,25674,33004,5750,45385,0.06942903736875099,0.09813707793785001,302,0,86,"[118, 251, 30, 227]",1295
TR1_1641569052,1,Hecarim,5,0,6,1,0.17,3850,11,5973,11730,2005,8885,0.03968300951421563,0.06581023310317789,84,5,37,"[154, 242]",1515
TR1_1641569052,2,Draven,8,15,8,5,2.5,24867,18,60329,33890,10240,24189,0.16348247455245868,0.09171586588086054,243,8,100,"[82, 242, 206, 80, 323]",1515
TR1_1641569052,3,Rammus,6,1,6,2,0.5,6900,13,19498,28715,5723,45686,0.12953070487543272,0.1610955490675697,83,0,41,"[310, 242, 138]",1515
TR1_1641569052,4,LeeSin,5,3,4,0,0.75,3750,11,12052,10294,1898,10596,0.08006805506007879,0.05775389862669631,171,4,28,"[227, 242, 110]",1515
TR1_1641569052,5,Pyke,8,7,4,13,5.0,16520,18,40074,31785,17301,22279,0.10859422411153818,0.08601787700344536,308,21,138,"[2, 242, 237, 49, 27]",1515
TR1_1641569052,6,Rakan,2,7,9,10,1.89,11320,17,42594,50822,20200,77263,0.1154241533160333,0.13753754481676012,311,47,324,"[118, 242, 76, 322, 48]",1515
TR1_1641569052,7,Yuumi,2,10,6,6,2.67,12300,17,32399,33424,22036,47224,0.08779750668963764,0.09045526884564316,247,117,263,"[192, 242, 37, 76, 78]",1515
TR1_1641569052,8,Maokai,7,13,7,7,2.86,18315,18,38076,87714,40178,132934,0.10318060089290153,0.23737680252080082,273,17,197,"[64, 242, 85, 218, 216]",1515
TR1_1641569052,9,Elise,3,10,6,5,2.5,18600,18,46102,45862,9197,29003,0.12492985289439434,0.12411496873722418,791,2,151,"[116, 242, 97, 221, 30]",1515
TR1_1641569052,10,Sivir,3,6,8,10,2.0,21100,18,51837,39537,17005,25354,0.14047133414150278,0.10699832154900238,244,34,99,"[24, 242, 49, 112, 195]",1515
TR1_1641569052,11,Jinx,1,9,5,3,2.4,11550,16,26960,29240,6296,20990,0.17910459651787455,0.16404314391584812,127,11,154,"[71, 242, 87, 32]",1515
TR1_1641569052,12,Syndra,1,3,7,7,1.43,11570,16,28645,26863,1924,21286,0.1902957436017249,0.15070704928622955,295,13,750,"[133, 242, 57, 226]",1515
TR1_1641569052,13,Nautilus,7,7,8,13,2.5,22300,18,57612,46479,6256,278116,0.1561198534015335,0.12578335064626345,314,20,277,"[154, 242, 218, 102, 4]",1515
TR1_1641569052,14,Rumble,4,3,6,4,1.17,10575,16,23266,23164,3854,20976,0.15456793345440853,0.12995493360438756,224,87,181,"[103, 242, 187, 237]",1515
TR1_1641569052,15,Kaisa,6,2,7,0,0.29,6900,13,8778,16886,2663,13323,0.058317530391734915,0.09473389858823641,184,3,24,"[217, 242, 17]",1515
TR1_1641569052,16,Garen,4,5,6,3,1.33,11320,16,25353,31354,4096,44296,0.16843242658452992,0.17590129380785444,132,0,95,"[13, 242, 322, 214]",1515
TR1_1641561138,1,Annie,8,14,12,10,2.0,17061,18,74904,48584,5647,30839,0.14868844488374341,0.0961625626441538,358,0,47,"[133, 310, 48, 308, 97]",1404
TR1_1641561138,2,Sylas,6,14,8,5,2.38,12030,16,50403,39693,18300,54369,0.19834774023009388,0.1537158938441038,415,4,28,"[63, 310, 19, 60]",1404
TR1_1641561138,3,Gnar,5,7,6,0,1.17,11100,15,25387,22969,2913,28411,0.09990626818805681,0.0889520306764347,134,18,82,"[71, 310, 18, 22]",1404
TR1_1641561138,4,Renata,5,0,6,7,1.17,9570,15,33567,27003,2285,16228,0.132094375682773,0.10457312597744164,135,14,77,"[129, 310, 156, 172]",1404
TR1_1641561138,5,Urgot,4,6,7,14,2.86,16911,18,54039,76768,34704,109008,0.10727014520644784,0.1519461635491967,99,10,39,"[2, 310, 125, 222, 60]",1404
TR1_1641561138,6,Viego,4,17,9,5,2.44,18428,18,65815,46169,23706,33545,0.13064647457413897,0.09138379798051148,251,14,67,"[68, 310, 195, 251, 73]",1404
TR1_1641561138,7,TwistedFate,6,5,11,11,1.45,12449,15,32566,26928,3630,15829,0.12815721147146594,0.10428133056348925,250,5,35,"[65, 310, 1, 205]",1404
TR1_1641561138,8,Swain,8,12,3,14,8.67,19082,18,81116,76490,40256,58604,0.16101941151942287,0.15139689500677922,628,94,192,"[301, 310, 45, 49, 112]",1404
TR1_1641561138,9,Sett,1,8,8,9,2.12,12040,17,50867,78281,28633,88973,0.10097330849394633,0.1549427937145531,158,0,50,"[13, 310, 216, 222, 108]",1404
TR1_1641561138,10,Volibear,1,9,7,7,2.29,11011,17,43664,69400,16639,77002,0.08667619710242165,0.1373639272659032,191,0,17,"[238, 310, 75, 237, 56]",1404
TR1_1641561138,11,Camille,2,9,8,7,2.0,16691,18,59454,58212,24648,73574,0.11801905557808706,0.1152190466741721,294,7,47,"[217, 310, 79, 322, 7]",1404
TR1_1641561138,12,Samira,2,9,9,6,1.67,14247,18,73906,51323,29917,36749,0.1467069626417919,0.10158481316473036,255,32,66,"[84, 310, 79, 87, 49]",1404
TR1_1641561138,13,Teemo,7,3,7,1,0.57,6760,12,15601,15338,729,7282,0.061397378553686585,0.05939961983623696,69,0,7,"[36, 310, 115]",1404
TR1_1641561138,14,TahmKench,3,11,7,2,1.86,10771,16,42370,65078,22578,80822,0.16673721189365742,0.2520183871273408,230,59,71,"[310, 310, 41, 242]",1404
TR1_1641561138,15,FiddleSticks,3,2,12,7,0.75,11374,16,40781,39942,11497,28432,0.16048631846927128,0.15467761836974925,207,1,18,"[38, 310, 219, 34]",1404
TR1_1641561138,16,Urgot,7,2,8,3,0.62,6760,12,13435,21273,1581,20899,0.05287349551099509,0.08238199360520355,70,7,34,"[310, 310, 224]",1404
TR1_1641556277,1,Corki,8,9,6,8,2.83,14000,17,48473,37852,14426,17212,0.13298167505071426,0.1141523568963082,285,21,56,"[77, 115, 24, 120, 48]",1430
TR1_1641556277,2,Trundle,7,14,4,9,5.75,20504,18,57250,86187,34646,129433,0.15706098632226737,0.2599161233785732,250,0,35,"[64, 115, 52, 226, 79]",1430
TR1_1641556277,3,LeeSin,6,16,2,10,13.0,21601,18,56775,37186,9164,109966,0.1557567080663661,0.1121422135290368,454,14,38,"[63, 115, 46, 88]",1430
TR1_1641556277,4,Nilah,6,10,8,15,3.12,19625,18,57237,40459,18357,31042,0.1570234576066246,0.12201432058841095,149,0,30,"[74, 115, 310, 87, 225]",1430
TR1_1641556277,5,Kaisa,5,6,6,4,1.67,11001,16,26396,19247,2646,14631,0.07241553079923664,0.05804496155389799,138,6,12,"[217, 115, 2, 87]",1430
TR1_1641556277,6,Rengar,5,6,9,5,1.22,11300,16,26401,24590,4465,13865,0.07243090342704633,0.07415869223056894,212,0,3,"[84, 115, 151, 237]",1430
TR1_1641556277,7,Kaisa,3,2,6,0,0.33,6700,12,8288,12697,1551,8572,0.05594784865476447,0.06704489022369459,105,4,17,"[107, 115, 71]",1430
TR1_1641556277,8,Briar,3,1,6,2,0.5,6700,12,10494,12087,6347,7752,0.07083991745574342,0.06382533611234188,78,3,20,"[223, 115, 36]",1430
TR1_1641556277,9,Viktor,2,4,5,5,1.8,10751,16,26355,21563,1966,14604,0.1779098362360516,0.1138605668486689,207,35,17,"[129, 115, 154, 56]",1430
TR1_1641556277,10,Warwick,2,5,8,3,1.0,10250,16,20076,29188,14849,43273,0.1355221545079611,0.1541190059193732,130,0,20,"[68, 115, 301, 251]",1430
TR1_1641556277,11,Gragas,4,2,6,2,0.67,9300,15,15589,21919,3679,15832,0.10523473766052668,0.11573938475898964,206,58,94,"[133, 115, 116, 73]",1430
TR1_1641556277,12,Lillia,4,2,7,2,0.57,9300,15,14440,24599,5566,11720,0.09748162018855862,0.1298909476357254,151,8,47,"[150, 115, 65, 44]",1430
TR1_1641556277,13,Pyke,7,11,9,8,2.11,21350,18,44943,55760,28482,34900,0.12329789471996101,0.16815737073968504,241,22,69,"[90, 115, 84, 73, 19]",1430
TR1_1641556277,14,Azir,8,8,7,9,2.43,12801,17,47034,30312,6648,24218,0.1290328440077837,0.09141396108351886,149,4,29,"[65, 115, 36, 205, 48]",1430
TR1_1641556277,15,Twitch,1,6,7,1,1.0,7250,14,42419,32176,8698,30390,0.2863472150575402,0.169899349983414,128,3,56,"[24, 115, 223, 22]",1430
TR1_1641556277,16,Nami,1,1,7,6,1.0,7251,14,10475,35153,34490,38437,0.0707166702388539,0.1856205185177924,220,12,53,"[21, 115, 149, 222]",1430
TR1_1640924220,1,Nocturne,6,6,8,3,1.12,10262,15,12370,13881,2280,9342,0.0668188208070473,0.061755819699248336,69,4,17,"[136, 92, 2, 6]",1536
TR1_1640924220,2,Leona,2,3,5,7,2.0,9778,15,22871,45733,17394,56095,0.1235456889065905,0.20345202775288962,147,9,30,"[85, 67, 238, 13]",1536
TR1_1640924220,3,Skarner,2,7,5,3,2.0,9758,15,21219,36790,4825,52054,0.11461791513854203,0.16366830351872763,245,4,26,"[251, 152, 149, 23]",1536
TR1_1640924220,4,Belveth,3,5,8,3,1.0,11000,15,27956,32318,12238,29925,0.15101081892626553,0.1437717494595545,248,4,40,"[138, 221, 71, 90]",1536
TR1_1640924220,5,TahmKench,3,3,6,4,1.17,9502,15,19325,34778,10570,35288,0.104391923812977,0.15471785051845244,119,20,38,"[205, 34, 65, 198]",1536
TR1_1640924220,6,KogMaw,4,1,6,5,1.0,7764,13,11733,10120,2071,7332,0.06337775777203489,0.04502460182908672,60,12,27,"[242, 304, 61]",1536
TR1_1640924220,7,Olaf,4,5,6,1,1.0,7456,13,31734,25870,7293,18539,0.17141884999275633,0.11508978580758679,84,18,27,"[120, 304, 211]",1536
TR1_1640924220,8,Twitch,8,5,7,4,1.29,12316,16,24270,17717,6037,15444,0.06491262772629589,0.039138491180760314,154,7,37,"[170, 154, 309, 225]",1536
TR1_1640924220,9,Galio,7,5,5,13,3.6,21434,18,39149,80974,29378,159106,0.10470439440520035,0.1788748607626534,194,41,47,"[80, 13, 2, 74, 251]",1536
TR1_1640924220,10,Kennen,6,5,6,6,1.83,10266,15,37917,25293,6715,18310,0.20481822464378643,0.11251986141445397,224,23,47,"[32, 16, 92, 84]",1536
TR1_1640924220,11,Smolder,5,11,10,4,1.5,14922,18,46223,30763,13003,16351,0.12362528330405363,0.06795828346928937,153,28,67,"[305, 77, 118, 48, 170]",1536
TR1_1640924220,12,Yorick,1,13,10,9,2.2,19600,18,63137,76765,48136,89954,0.16886076284870946,0.1695755732271089,297,10,66,"[60, 52, 107, 54, 57]",1536
TR1_1640924220,13,Sion,1,15,4,13,7.0,19600,18,54668,116122,23746,492977,0.1462127154538562,0.25651747445957684,273,28,61,"[120, 152, 64, 243, 9]",1536
TR1_1640924220,14,Zoe,8,5,7,4,1.29,10558,16,17081,17250,3444,19394,0.04568344417493946,0.03810675762954389,182,82,191,"[237, 98, 180, 30]",1536
TR1_1640924220,15,Mordekaiser,7,16,8,2,2.25,18938,18,90377,74608,44317,117410,0.24171635921415374,0.16481194053094922,328,0,41,"[57, 150, 118, 48, 97]",1536
TR1_1640924220,16,Yasuo,5,4,8,9,1.62,13020,18,38991,38486,22972,39525,0.10428441287279126,0.08501661874011808,296,9,42,"[138, 52, 243, 80]",1536
TR1_1640917374,1,Darius,1,6,5,7,2.6,11500,17,37840,70386,11856,50206,0.10424048907061433,0.1915472744485894,172,1,36,"[120, 75, 149, 310]",1508
TR1_1640917374,2,Kennen,1,7,5,6,2.6,11500,17,32411,23353,4571,16459,0.08928480932084965,0.06355277897801956,343,49,103,"[205, 30, 133, 211, 135]",1508
TR1_1640917374,3,Volibear,5,5,11,1,0.55,9751,15,17098,36568,9168,49953,0.08239303743801434,0.15957849415875325,205,0,67,"[73, 88, 67, 18]",1508
TR1_1640917374,4,Leona,5,3,8,5,1.0,9751,15,25230,38771,14682,146513,0.12157914256699909,0.16919307211250526,286,11,102,"[42, 136, 18, 227]",1508
TR1_1640917374,5,Jhin,4,5,8,3,1.0,11750,15,26599,18733,5549,9154,0.12817963095497073,0.08174980576509036,146,5,28,"[7, 195, 84, 53]",1508
TR1_1640917374,6,Ryze,4,5,8,5,1.25,10250,16,25717,34271,9449,30932,0.12392816074921016,0.14955272807987974,606,35,67,"[49, 125, 50, 48]",1508
TR1_1640917374,7,Zac,3,8,7,5,1.86,12501,16,30622,63816,62006,102081,0.08435702035185985,0.1736675250808661,203,14,144,"[218, 41, 180, 219]",1508
TR1_1640917374,8,Leona,3,5,8,8,1.62,12500,16,31059,45420,6406,87741,0.08556203732318989,0.12360594684394441,255,27,121,"[181, 216, 150, 215]",1508
TR1_1640917374,9,Evelynn,8,13,6,8,3.5,42101,18,64706,24654,11164,40857,0.17825153987318698,0.06709340734503749,183,42,92,"[17, 234, 16, 177, 48]",1508
TR1_1640917374,10,Ryze,8,9,5,10,3.8,20163,18,51897,40166,16562,32924,0.14296671633730798,0.10930693951732295,829,47,99,"[97, 34, 219, 50, 53]",1508
TR1_1640917374,11,Diana,7,3,9,7,1.11,11550,15,25864,17572,2432,29256,0.12463437678110467,0.07668262209666038,162,103,263,"[171, 48, 216]",1508
TR1_1640917374,12,Karma,2,9,6,16,4.17,21861,18,39501,44030,28856,58580,0.10881829885127874,0.11982306845390775,570,26,61,"[32, 135, 180, 45, 243]",1508
TR1_1640917374,13,Aphelios,2,16,8,5,2.62,19360,18,74967,55634,25199,40458,0.2065190888717126,0.15140305933231232,161,32,103,"[12, 134, 238, 79, 225]",1508
TR1_1640917374,14,Senna,7,8,6,3,1.83,12489,15,23995,16601,14714,13100,0.11562798591942493,0.07244796568288887,126,24,79,"[305, 219, 215, 216]",1508
TR1_1640917374,15,Blitzcrank,6,7,8,4,1.38,10501,15,31446,35847,10488,70217,0.15153545140292343,0.1564331658082363,232,20,69,"[136, 18, 98, 195]",1508
TR1_1640917374,16,Bard,6,5,8,7,1.5,10501,15,31568,30790,19611,25788,0.15212221418735264,0.13436214629598586,184,42,45,"[308, 156, 29, 311]",1508
TR1_1640727751,1,Ryze,1,10,5,6,3.2,19522,18,55795,35101,10996,27548,0.14411041966934732,0.09851487237189842,713,167,292,"[238, 105, 309, 150, 89]",1584
TR1_1640727751,2,Evelynn,1,8,8,8,2.0,16041,18,38023,36212,13402,23587,0.09820916993471926,0.1016325946819519,319,28,118,"[65, 322, 2, 98, 84]",1584
TR1_1640727751,3,Fizz,6,11,7,2,1.86,10762,16,32241,20237,6752,11437,0.08327539593615141,0.0567969500972084,219,2,31,"[16, 46, 68, 30]",1584
TR1_1640727751,4,Vladimir,2,4,6,4,1.33,10033,16,35418,32588,33930,31278,0.20359809557627886,0.14447737271814096,253,0,21,"[16, 80, 198, 219]",1584
TR1_1640727751,5,Sylas,2,4,8,2,0.75,12002,16,15802,25244,10713,21105,0.09083627610447974,0.11191777954295246,265,8,41,"[217, 218, 215, 219]",1584
TR1_1640727751,6,Galio,8,3,11,7,0.91,12418,15,19367,42316,24361,75040,0.11133196692737418,0.18760173720157347,176,37,79,"[312, 60, 68, 234]",1584
TR1_1640727751,7,Leblanc,3,4,8,5,1.12,8720,14,19427,20084,3312,10738,0.11167522629531573,0.08904217907742477,316,17,47,"[151, 304, 32, 180]",1584
TR1_1640727751,8,Ekko,3,7,7,3,1.43,8732,14,16323,31793,25063,26224,0.09383480509875898,0.14095334048531558,231,44,112,"[312, 304, 9, 63]",1584
TR1_1640727751,9,MonkeyKing,5,11,5,9,4.0,24554,18,41915,59851,30981,69522,0.10826095774507832,0.16797465798308894,281,0,45,"[52, 138, 107, 88, 64]",1584
TR1_1640727751,10,Trundle,4,2,11,15,1.55,18280,18,59163,99030,42807,68414,0.1528092217005351,0.2779324378606896,244,0,27,"[67, 120, 36, 79, 74]",1584
TR1_1640727751,11,Samira,4,21,6,2,3.83,20575,18,75839,46047,30963,28815,0.19588116914227086,0.1292344326718091,355,27,53,"[84, 28, 238, 134, 47]",1584
TR1_1640727751,12,Sett,7,4,6,2,1.0,7778,14,24971,29366,12197,37320,0.1435465341435964,0.13019075766424582,75,0,34,"[152, 304, 251, 82]",1584
TR1_1640727751,13,Pyke,8,8,6,3,1.83,10000,15,25584,31623,14710,36402,0.1470702362736839,0.14019906773932084,177,19,74,"[92, 73, 301, 227]",1584
TR1_1640727751,14,Malzahar,5,11,8,8,2.38,22500,18,70092,32175,10322,14645,0.1810390860563002,0.09030208019670664,463,0,21,"[103, 237, 116, 135, 129]",1584
TR1_1640727751,15,Graves,7,5,8,3,1.0,8758,14,17067,12545,3402,8473,0.09810685958051221,0.055617765571026115,126,10,33,"[71, 304, 46, 321]",1584
TR1_1640727751,16,Galio,6,2,5,11,2.6,11066,16,14098,27654,3713,72726,0.03641457981559755,0.07761197413664699,121,15,31,"[150, 136, 310, 18]",1584
TR1_1640721425,1,Yone,6,4,6,4,1.33,12006,16,19389,26228,6559,48421,0.0643871622817786,0.10522652145083793,261,0,36,"[321, 206, 2]",1263
TR1_1640721425,2,Lucian,6,4,7,4,1.14,14270,16,27110,23325,2768,17266,0.09002481072795154,0.0935793222465566,106,9,29,"[82, 9, 310]",1263
TR1_1640721425,3,Malzahar,3,8,6,4,2.0,14270,15,27943,21800,1568,15583,0.1799376517349867,0.10499478685095029,192,13,43,"[133, 97, 311]",1263
TR1_1640721425,4,Zyra,3,5,5,7,2.4,12820,15,22934,21889,2618,23140,0.14768299589811135,0.10542242846160119,195,11,48,"[92, 28, 311]",1263
TR1_1640721425,5,Vladimir,5,0,6,0,0.0,7776,12,13430,20582,11853,11925,0.0864822626338381,0.09912649382613647,143,0,32,"[310, 46]",1263
TR1_1640721425,6,Renata,4,4,5,4,1.6,12082,15,22824,45310,34397,51654,0.14697392407878232,0.21821577926713367,198,60,120,"[2, 136, 50]",1263
TR1_1640721425,7,XinZhao,5,0,6,0,0.0,7763,12,5860,17144,3879,12119,0.037737715918688755,0.08257038691853691,57,0,28,"[23, 176]",1263
TR1_1640721425,8,Ziggs,8,13,3,9,7.33,23061,18,65677,38229,2677,25014,0.21809293221778753,0.1533704073833251,557,41,122,"[29, 226, 151, 98]",1263
TR1_1640721425,9,Sona,8,9,3,13,7.33,23027,18,25852,45327,53423,78887,0.08584810989452983,0.18184748022076808,388,9,78,"[98, 9, 20, 198]",1263
TR1_1640721425,10,Malzahar,2,11,5,6,3.4,22926,18,50360,37865,7301,25607,0.1672309139745335,0.15191334290156144,431,73,115,"[84, 237, 68, 180]",1263
TR1_1640721425,11,Kayle,2,6,8,10,2.0,24411,18,49191,32345,8051,31182,0.16334740996308056,0.12976448496533274,174,8,62,"[129, 87, 71, 238]",1263
TR1_1640721425,12,Sylas,4,5,8,2,0.88,13277,15,26352,37362,4124,24673,0.16969055781326778,0.17994020429667176,150,11,109,"[65, 221, 129]",1263
TR1_1640721425,13,Nocturne,7,5,8,2,0.88,9532,14,28979,28108,6306,14718,0.18660490137154337,0.1353715824450612,97,8,44,"[52, 34, 301]",1263
TR1_1640721425,14,Evelynn,1,14,4,2,4.0,18694,18,29676,23995,5899,18937,0.09854688471874794,0.09626808858123345,304,7,20,"[16, 26, 223, 70]",1263
TR1_1640721425,15,Annie,1,2,6,12,2.33,17211,18,33885,21942,2849,17323,0.11252177622159051,0.08803035225038466,264,0,25,"[133, 32, 211, 84]",1263
TR1_1640721425,16,Renata,7,2,6,4,1.0,9756,14,6971,15439,1655,16646,0.04488999055078166,0.07435833793390849,113,16,42,"[215, 85, 217]",1263
TR1_1640712954,1,MissFortune,1,2,7,1,0.43,6500,12,11047,14819,1793,6470,0.06013391780341313,0.0834681002094506,123,19,159,"[115, 138]",1294
TR1_1640712954,2,Mordekaiser,5,5,7,2,1.0,7750,14,24591,20619,4486,34445,0.13385793709172314,0.11613610251823593,138,0,15,"[156, 226, 180]",1294
TR1_1640712954,3,Malphite,1,1,6,2,0.5,6500,12,12699,14355,1128,14310,0.06912629962530391,0.08085667691442215,129,0,108,"[30, 108]",1294
TR1_1640712954,4,Yunara,6,19,4,4,5.75,22485,18,94258,28809,10031,28460,0.26229021156985965,0.0750444513733165,171,4,27,"[225, 17, 107, 305]",1294
TR1_1640712954,5,Kalista,2,2,9,3,0.56,10050,15,25181,21433,1776,13836,0.13706960416704042,0.12072365196257397,68,7,48,"[19, 322, 52]",1294
TR1_1640712954,6,Samira,2,7,6,1,1.33,10575,15,30135,31232,9625,28172,0.16404013148583377,0.17591480272546767,122,6,21,"[134, 9, 250]",1294
TR1_1640712954,7,Milio,8,2,5,8,2.0,11000,16,10312,26952,18001,30620,0.05613394172442594,0.15180863679484086,124,19,46,"[15, 305, 215]",1294
TR1_1640712954,8,Warwick,6,5,5,17,4.4,19866,18,50624,37751,18454,82221,0.14087257247446663,0.09833636404923954,203,0,20,"[48, 251, 118, 97]",1294
TR1_1640712954,9,Kaisa,7,7,9,7,1.56,13500,18,30548,29514,4841,20942,0.08500765969861544,0.07687994448124677,153,9,68,"[225, 87, 72, 138]",1294
TR1_1640712954,10,Zed,5,4,7,2,0.86,8750,14,19210,17421,1358,12923,0.10456931478923262,0.09812727107385003,218,18,34,"[27, 322, 150]",1294
TR1_1640712954,11,Kayle,3,8,7,3,1.57,18525,18,44100,30778,8306,21838,0.12271791009660074,0.08017325307271725,104,0,23,"[81, 26, 71, 22]",1294
TR1_1640712954,12,Singed,3,4,6,7,1.83,22075,18,27780,34934,2397,58775,0.07730481872137192,0.09099853286416773,146,9,55,"[14, 136, 133, 93]",1294
TR1_1640712954,13,Swain,7,10,5,7,3.4,13250,18,46295,62238,25166,54177,0.12882679896121366,0.16212053684455696,459,58,278,"[45, 56, 109, 172]",1294
TR1_1640712954,14,Zilean,4,7,7,9,2.29,13000,18,34127,40108,13438,41755,0.09496455592471316,0.10447530941688098,515,10,57,"[135, 44, 238, 136]",1294
TR1_1640712954,15,Volibear,4,10,6,6,2.67,11500,18,31629,119767,21180,201080,0.08801547255315878,0.31197160789787426,195,0,100,"[41, 9, 13, 308]",1294
TR1_1640712954,16,Jhin,8,9,6,1,1.67,10750,16,50532,30708,6629,25967,0.27506885331302705,0.1729647578011588,196,9,30,"[219, 34, 84]",1294
TR1_1640709265,1,Vex,6,7,7,3,1.43,12793,16,33092,21919,3719,21875,0.17254236118080024,0.11347421602154537,248,56,91,"[38, 32, 195]",1460
TR1_1640709265,2,XinZhao,4,6,7,13,2.71,25584,18,73064,72502,47445,201580,0.15331888952880565,0.1498225007007276,249,0,94,"[2, 305, 58, 36]",1460
TR1_1640709265,3,Teemo,3,8,6,1,1.5,10570,15,34011,24410,5642,14508,0.177331064994231,0.12637267011291906,145,0,20,"[65, 97, 86]",1460
TR1_1640709265,4,Sylas,5,14,7,8,3.14,27209,18,90634,82288,47291,105156,0.19018801393081097,0.1700448013235249,544,12,46,"[129, 171, 19, 227]",1460
TR1_1640709265,5,JarvanIV,7,6,7,14,2.86,16298,18,53396,57418,16545,109937,0.11204628633970533,0.11865341137193816,185,0,39,"[33, 232, 66, 2]",1460
TR1_1640709265,6,Ashe,4,14,10,6,2.0,22214,18,75505,44364,15803,40442,0.15844185767026608,0.09167638185833259,142,51,387,"[107, 108, 166, 223]",1460
TR1_1640709265,7,Urgot,8,2,6,2,0.67,6817,13,11183,26563,5632,33698,0.05830761103709843,0.13751636166723027,88,6,44,"[103, 57]",1460
TR1_1640709265,8,Nautilus,2,1,6,2,0.5,6960,13,17594,25946,919,36572,0.09173602152864761,0.13432427848085304,111,13,21,"[71, 218]",1460
TR1_1640709265,9,Renekton,2,2,7,1,0.43,6993,13,15468,29299,7443,42215,0.08065094094553321,0.1516815094973997,103,0,7,"[152, 73]",1460
TR1_1640709265,10,Yasuo,3,1,8,7,1.0,10021,15,29024,23176,4912,27355,0.15132982672316098,0.11998345823922543,191,3,21,"[52, 102, 115]",1460
TR1_1640709265,11,LeeSin,1,4,6,9,2.17,10785,17,19211,51511,27233,115748,0.04031319525041123,0.10644578718826661,290,12,73,"[63, 138, 123, 20]",1460
TR1_1640709265,12,Zed,1,9,6,4,2.17,12411,17,36676,23660,3531,19101,0.07696110634865543,0.04889330966495733,355,17,45,"[103, 34, 48, 238]",1460
TR1_1640709265,13,Malzahar,5,10,5,13,4.6,21700,18,70055,55569,24325,49049,0.14700422615977668,0.11483169882152845,435,0,18,"[133, 93, 45, 211]",1460
TR1_1640709265,14,Caitlyn,8,2,7,2,0.57,6769,13,13631,14195,1093,7740,0.07107139989606108,0.07348799923809902,165,9,32,"[217, 28]",1460
TR1_1640709265,15,Naafiri,6,5,7,6,1.57,10504,16,37789,27653,8667,27305,0.19703077369446745,0.1431595067427281,197,0,58,"[104, 34, 193]",1460
TR1_1640709265,16,MonkeyKing,7,14,5,6,4.0,20086,18,58009,96606,27444,123115,0.12172642477156863,0.19963210907072432,280,0,32,"[310, 46, 41, 236]",1460
TR1_1640437604,1,Belveth,1,6,8,5,1.38,10010,15,19967,24553,6046,17323,0.09655751365862997,0.08754709878963007,184,0,42,"[22, 219, 51]",1597
TR1_1640437604,2,Lucian,1,6,7,5,1.57,11175,15,26916,22155,2959,8657,0.1301619424011499,0.07899663922277177,139,10,38,"[170, 220, 73]",1597
TR1_1640437604,3,TahmKench,4,4,6,17,3.5,25700,18,43656,68633,37591,103738,0.10138897562784357,0.18504597662314706,204,9,100,"[237, 48, 305, 94]",1597
TR1_1640437604,4,Draven,4,18,8,4,2.75,30676,18,93060,48115,25443,84983,0.21612851883811032,0.1297268250428078,322,15,78,"[80, 79, 214, 52]",1597
TR1_1640437604,5,Gragas,5,5,4,8,3.25,12100,17,43104,34144,13953,30127,0.10010838206268335,0.09205843850939976,491,32,118,"[136, 19, 221, 129]",1597
TR1_1640437604,6,Zed,5,10,8,4,1.75,13310,17,36896,27347,4244,16741,0.08569117633130546,0.0737322863597503,279,15,80,"[17, 66, 226, 16]",1597
TR1_1640437604,7,Sivir,8,13,8,2,1.88,18250,18,68301,46874,9368,31537,0.1586261137448102,0.1263819801059067,292,209,339,"[87, 225, 28, 107]",1597
TR1_1640437604,8,DrMundo,7,6,6,2,1.33,7500,14,42607,100272,41377,83700,0.20604208820559836,0.357524183174417,201,52,95,"[60, 216, 57]",1597
TR1_1640437604,9,Poppy,6,1,6,1,0.33,6450,12,10903,15982,675,12576,0.05272581413686732,0.05698478343287812,87,1,37,"[237, 1]",1597
TR1_1640437604,10,Ashe,6,1,6,1,0.33,6375,12,10879,16310,5860,10034,0.05261356510706063,0.05815483701128443,45,46,284,"[60, 310]",1597
TR1_1640437604,11,Sona,2,9,4,11,5.0,20750,18,35035,40290,35064,36848,0.08136866728165543,0.10862890857326243,483,9,49,"[171, 48, 32, 5]",1597
TR1_1640437604,12,Sona,3,5,5,8,2.6,10250,17,23875,32000,32435,46245,0.1154576642387507,0.1140977869548288,386,3,24,"[12, 30, 308, 50]",1597
TR1_1640437604,13,TwistedFate,2,11,5,9,4.0,26227,18,74140,37476,6946,24203,0.17218657246144856,0.10104166201509528,163,31,87,"[324, 48, 47, 195]",1597
TR1_1640437604,14,Gragas,3,8,5,4,2.4,11250,17,48869,44315,6659,69261,0.23632649770318764,0.158010103327968,323,6,42,"[97, 156, 43, 29]",1597
TR1_1640437604,15,Kaisa,7,2,15,5,0.47,7500,14,22770,24872,1459,24643,0.11011491454875548,0.08868456808622178,185,17,60,"[206, 243, 22]",1597
TR1_1640437604,16,Rakan,8,3,7,13,2.29,15500,18,36384,68016,39401,125520,0.08450159365214312,0.18338392277063068,299,29,213,"[37, 123, 120, 141]",1597
TR1_1640423838,1,Gangplank,2,15,9,4,2.11,22726,18,92302,39401,14566,44119,0.1837121616613122,0.07766703948791717,357,0,45,"[228, 206, 2, 92]",1488
TR1_1640423838,2,Lissandra,2,8,5,9,3.4,24020,18,48634,41588,15913,59932,0.09679967935163261,0.08197742025891822,337,67,142,"[62, 32, 150, 180]",1488
TR1_1640423838,3,Varus,5,0,6,1,0.17,6000,12,9531,13187,1960,6737,0.046568758179855646,0.06175886968306795,98,13,133,"[30, 25]",1488
TR1_1640423838,4,Fizz,5,1,6,0,0.17,6000,12,11829,15669,1788,9460,0.05779422289508825,0.07338638434586911,125,0,52,"[156, 205]",1488
TR1_1640423838,5,Jhin,1,10,6,5,2.5,11510,16,48713,19416,2381,10987,0.23799995403414173,0.09093487610764661,208,13,49,"[310, 105, 241]",1488
TR1_1640423838,6,Sylas,1,6,5,6,2.4,10760,16,43082,39055,18957,27949,0.21049122477937832,0.18290981163069053,392,22,79,"[19, 97, 238]",1488
TR1_1640423838,7,Twitch,3,5,9,5,1.11,10500,17,66604,38784,10148,23893,0.1325646793271811,0.07645078840726131,99,2,30,"[54, 22, 103, 227]",1488
TR1_1640423838,8,Jax,3,7,8,5,1.5,13921,17,46315,45357,28211,93055,0.09218240163826542,0.08940593096474815,238,0,47,"[225, 222, 92, 77]",1488
TR1_1640423838,9,KogMaw,6,18,6,0,3.0,25500,18,93073,52541,34911,23490,0.18524645722637592,0.10356626000509711,156,41,55,"[4, 138, 71, 52]",1488
TR1_1640423838,10,Maokai,8,5,5,17,4.4,18290,28,53462,179990,128688,220077,0.10640840902567031,0.3547871521339925,453,12,190,"[243, 42, 150, 67]",1488
TR1_1640423838,11,Annie,7,3,7,5,1.14,11250,15,19570,21853,1670,7680,0.09561519730897143,0.10234482293444434,242,0,6,"[194, 105, 84]",1488
TR1_1640423838,12,Jax,8,18,9,3,2.33,18301,18,66729,48992,12389,61176,0.13281342391687548,0.0965705621778923,513,0,101,"[225, 108, 223]",1488
TR1_1640423838,13,Garen,4,4,6,3,1.17,7700,14,21994,33199,8719,45793,0.10745707878344375,0.155485351829592,119,0,52,"[216, 181, 70]",1488
TR1_1640423838,14,Seraphine,4,3,10,3,0.6,7700,14,15934,23414,1733,11720,0.07785039027299077,0.1096554516425585,185,21,43,"[14, 93, 29]",1488
TR1_1640423838,15,XinZhao,6,0,8,13,1.62,26390,18,35307,60662,29096,65089,0.07027278785268694,0.11957484656417328,147,0,35,"[54, 60, 64, 74]",1488
TR1_1640423838,16,Sion,7,8,6,3,1.83,12840,15,34022,47727,12596,123024,0.16622317374613008,0.22352443182613094,171,18,37,"[234, 218, 20]",1488
TR1_1640412926,1,Viego,2,7,5,4,2.2,10780,16,37826,52270,24723,34554,0.11361081213763272,0.1729241642801239,174,16,126,"[120, 154, 116]",1359
TR1_1640412926,2,Kayle,2,4,5,5,1.8,12500,16,24501,28675,9227,20060,0.073588665646016,0.09486686788189051,124,8,56,"[22, 109, 74]",1359
TR1_1640412926,3,XinZhao,7,10,4,15,6.25,23000,18,63158,35685,22073,38773,0.18969228090127255,0.11805600565852638,174,0,168,"[112, 225, 36, 54]",1359
TR1_1640412926,4,Aphelios,3,9,6,6,2.5,16150,18,35834,30163,7382,16971,0.10762688561978717,0.09978968683595857,132,19,77,"[46, 107, 166, 71]",1359
TR1_1640412926,5,Lillia,3,6,7,7,1.86,13770,18,23766,38355,18112,24602,0.07138261035459177,0.12688881092213394,209,7,67,"[93, 67, 30, 198]",1359
TR1_1640412926,6,Ivern,5,0,4,20,5.0,18853,18,19652,35768,30308,55685,0.05902403246190472,0.11833291765733922,254,9,133,"[222, 21, 195, 231]",1359
TR1_1640412926,7,Ahri,1,3,6,3,1.0,8900,14,15981,17841,2564,13087,0.11557894668299322,0.10464204216556258,90,8,23,"[17, 63, 180]",1359
TR1_1640412926,8,Brand,1,4,7,3,1.0,7900,14,20679,22484,4757,19071,0.1495495448794354,0.1318781783956974,205,21,39,"[226, 65, 133]",1359
TR1_1640412926,9,Mel,5,20,6,0,3.33,22350,18,84179,49495,11378,64945,0.25282788486457075,0.16374530947833213,350,169,468,"[97, 133, 48, 180]",1359
TR1_1640412926,10,Blitzcrank,8,2,7,2,0.57,6770,13,14031,23293,2318,20299,0.10147166368823805,0.13662227014109116,123,11,27,"[85, 171]",1359
TR1_1640412926,11,XinZhao,4,3,9,7,1.11,10250,15,18597,28572,8617,21565,0.13449487870760052,0.16758751244346065,95,0,79,"[73, 71, 52]",1359
TR1_1640412926,12,Mel,4,9,7,2,1.57,10015,15,31347,24089,3944,10865,0.22670265560733724,0.14128993037916776,162,95,264,"[46, 65, 92]",1359
TR1_1640412926,13,Graves,6,1,6,0,0.17,6125,12,15211,13697,1793,9011,0.11000828218724351,0.08034146806894503,84,9,31,"[305, 154]",1359
TR1_1640412926,14,Mel,7,16,4,8,6.0,23600,18,44031,31858,12923,40244,0.13224682801422433,0.10539623728569536,249,177,528,"[218, 219, 215, 216]",1359
TR1_1640412926,15,Sett,8,2,6,2,0.67,6750,13,14197,26243,5619,28571,0.10267590053575555,0.15392526595489672,63,0,32,"[305, 108]",1359
TR1_1640412926,16,Elise,6,0,7,1,0.14,6200,12,8229,14272,1662,6511,0.05951812771139651,0.08371333245117872,234,0,27,"[108, 129]",1359
TR1_1640405791,1,XinZhao,7,8,8,6,1.75,13485,17,48149,70877,38420,120825,0.10918416331535094,0.16078851427060661,235,0,63,"[82, 216, 70, 225, 217]",1421
TR1_1640405791,2,Diana,3,14,6,6,3.33,20080,18,93524,39564,6596,134201,0.21207561399131925,0.08975530754361441,274,27,125,"[33, 216, 180, 219, 211]",1421
TR1_1640405791,3,Khazix,3,7,7,13,2.86,23526,18,37449,96520,55905,78746,0.08491994510106164,0.21896169035349713,300,37,163,"[310, 216, 238, 193]",1421
TR1_1640405791,4,Shaco,4,1,6,0,0.17,6250,12,14498,20995,3319,8476,0.05690227783419015,0.07243828183979023,247,0,20,"[24, 216, 47]",1421
TR1_1640405791,5,Teemo,4,1,9,0,0.11,6250,12,13649,20981,1535,8143,0.053570019398206346,0.07239022175363113,131,0,22,"[217, 216, 52]",1421
TR1_1640405791,6,MissFortune,6,5,8,2,0.88,12425,16,22670,30860,2860,14621,0.08897471050840514,0.10647520036884701,172,21,218,"[65, 216, 238, 11]",1421
TR1_1640405791,7,Xerath,1,2,7,8,1.43,11000,16,39682,25273,2810,14132,0.1557365979183846,0.08719900871692171,381,25,44,"[113, 216, 133, 86]",1421
TR1_1640405791,8,Akshan,1,8,7,2,1.43,11365,16,46711,31813,10696,23598,0.18332249735930384,0.1097620803359516,195,13,33,"[77, 216, 71, 81]",1421
TR1_1640405791,9,Veigar,2,6,7,6,1.71,12865,16,54996,43488,13479,37849,0.21583866725177017,0.15004307685092147,381,54,123,"[238, 216, 29, 48]",1421
TR1_1640405791,10,Maokai,2,7,6,4,1.83,11260,16,20774,73685,20928,110119,0.08153245485176262,0.2542280443001863,222,13,144,"[150, 216, 116, 41]",1421
TR1_1640405791,11,Lux,8,5,4,7,3.0,10820,17,31252,33698,7635,43128,0.07086726779017069,0.07644615617946628,382,6,83,"[301, 216, 35, 50]",1421
TR1_1640405791,12,MasterYi,5,9,5,10,3.8,16290,18,98896,34588,16719,28075,0.2242577431547615,0.07846581701897429,274,0,56,"[238, 216, 154, 11, 151]",1421
TR1_1640405791,13,Darius,7,6,7,7,1.86,10560,17,46401,77516,34244,90627,0.105221116860962,0.17585040793891454,223,0,6,"[118, 216, 20, 75, 29]",1421
TR1_1640405791,14,Akshan,8,9,4,5,3.5,11160,17,42373,35302,10213,34908,0.09608610996537792,0.08008632737915923,214,14,85,"[227, 216, 92, 88, 250]",1421
TR1_1640405791,15,Volibear,6,4,6,4,1.33,11305,16,41818,42740,14516,46266,0.16412277487797716,0.1474640858337505,189,0,67,"[129, 216, 50, 53]",1421
TR1_1640405791,16,Kindred,5,11,7,5,2.29,16770,18,42947,52740,16294,33684,0.09738803982099604,0.11964577931576748,167,43,81,"[227, 216, 36, 53, 47]",1421
TR1_1640178792,1,Samira,6,6,12,0,0.5,10250,16,32334,34545,4135,10071,0.08436488827338337,0.0981390244466763,112,9,20,"[71, 228, 310, 74]",1511
TR1_1640178792,2,Fizz,7,28,5,6,6.8,20260,18,146067,63476,16512,144607,0.3811126960785713,0.1803259738091498,547,12,181,"[65, 228, 156, 227, 25]",1511
TR1_1640178792,3,Renekton,4,3,7,5,1.14,10550,15,15611,20788,4992,10410,0.09953877096771972,0.10901001141967291,115,0,22,"[84, 228, 225, 250]",1511
TR1_1640178792,4,Orianna,3,7,5,4,2.2,12230,15,22710,23145,2624,31886,0.1448028806488172,0.12137242876720288,210,27,38,"[227, 228, 48, 92]",1511
TR1_1640178792,5,Caitlyn,3,4,9,6,1.11,10050,15,18761,34077,7625,26987,0.11962041581756672,0.17869472957325352,122,19,54,"[52, 228, 41, 109]",1511
TR1_1640178792,6,Mel,8,18,8,3,2.62,21250,18,60978,46641,6079,52508,0.15910095653850717,0.1325003985216774,465,179,578,"[154, 228, 45, 16, 205]",1511
TR1_1640178792,7,Draven,5,1,6,1,0.33,6455,12,11931,16353,2757,5144,0.07607525682955558,0.08575216649991875,133,4,25,"[77, 228, 310]",1511
TR1_1640178792,8,Rumble,2,9,7,5,2.0,12300,15,35500,31941,7274,26859,0.22634830605547518,0.16749661681141648,285,16,67,"[103, 228, 45, 133]",1511
TR1_1640178792,9,Jinx,2,5,8,7,1.5,11550,15,20648,22860,3493,12420,0.13165284028939336,0.11987514384434095,81,7,47,"[36, 228, 225, 107]",1511
TR1_1640178792,10,Yuumi,7,6,3,27,11.0,23500,18,35438,18439,20989,16228,0.09246429848339134,0.05238343150773138,435,89,21,"[231, 228, 194, 151, 49]",1511
TR1_1640178792,11,Renekton,8,3,4,16,4.75,19360,18,39160,85527,48298,273213,0.10217478689571191,0.2429698417992395,329,0,124,"[36, 228, 41, 72, 46]",1511
TR1_1640178792,12,Kayle,6,2,6,5,1.17,12250,16,19708,37810,24516,15545,0.051423341773658766,0.1074123811322055,152,3,36,"[52, 228, 62, 238]",1511
TR1_1640178792,13,Katarina,4,6,7,3,1.29,10010,15,23425,20715,2803,9743,0.14936096323254558,0.1086300008872443,81,0,32,"[84, 228, 156, 129]",1511
TR1_1640178792,14,Rengar,1,9,6,1,1.67,11395,16,29389,27339,10815,42349,0.07668244250597353,0.07766785502788431,170,0,3,"[47, 228, 224, 23]",1511
TR1_1640178792,15,Mordekaiser,1,1,9,5,0.67,12500,16,20189,38228,5928,33582,0.05267658945080266,0.1086010937554358,135,1,13,"[129, 228, 30, 149]",1511
TR1_1640178792,16,Kayle,5,1,7,1,0.29,6250,13,8249,20818,7624,12237,0.05260056615892666,0.10916890219695023,100,6,42,"[24, 228, 135]",1511
TR1_1640164807,1,Kassadin,5,3,5,8,2.2,14080,16,25317,25582,6125,32658,0.156965358093653,0.12420892855688266,388,0,18,"[73, 171, 234]",1394
TR1_1640164807,2,Shaco,3,6,8,6,1.5,18530,18,25308,25846,2068,19841,0.0798459363274859,0.09346049371152913,295,29,53,"[28, 7, 75, 165]",1394
TR1_1640164807,3,Jax,8,11,3,10,7.0,19832,18,41824,41886,13389,53686,0.13195186864019856,0.1514591382131623,278,0,16,"[206, 120, 41, 13]",1394
TR1_1640164807,4,Gragas,1,3,5,12,3.0,14070,18,31370,31208,9419,36468,0.09897229409019329,0.11284954709678835,353,5,21,"[39, 136, 48, 16]",1394
TR1_1640164807,5,Diana,1,14,5,2,3.2,12695,17,41085,45735,22345,64053,0.1296228638951142,0.1653760410472805,265,21,62,"[237, 46, 45, 180]",1394
TR1_1640164807,6,Nami,6,3,6,9,2.0,16205,18,19374,29825,20869,82441,0.061125486348517034,0.10784767393946265,226,17,28,"[218, 12, 18, 118]",1394
TR1_1640164807,7,Taliyah,4,3,5,1,0.8,6360,12,20680,13459,6625,5366,0.12821953949905568,0.0653461153267292,221,112,296,"[32, 39]",1394
TR1_1640164807,8,Jinx,3,7,8,5,1.5,15010,18,53717,28166,3311,17751,0.16947475983840812,0.10184975680735514,87,9,50,"[170, 87, 225, 116]",1394
TR1_1640164807,9,Sejuani,4,1,7,3,0.57,6295,12,13308,21634,1238,12848,0.08251118969348485,0.10504157123550606,54,2,95,"[40, 9]",1394
TR1_1640164807,10,Shyvana,8,14,5,9,4.6,19930,18,62205,37239,15717,64592,0.19625349574237408,0.134654283436847,316,10,31,"[176, 181, 54, 243]",1394
TR1_1640164807,11,Swain,7,4,6,2,1.0,9605,15,23326,54248,25519,29608,0.1446244440345495,0.26338417138034415,270,10,40,"[60, 138, 135]",1394
TR1_1640164807,12,Yasuo,6,9,9,2,1.22,15930,18,42078,36644,4873,66144,0.13275329511770878,0.13250306574757495,188,8,28,"[51, 237, 243, 211]",1394
TR1_1640164807,13,Neeko,5,10,5,1,2.2,11300,16,25950,18411,1648,13962,0.16089149792783566,0.0893889690800337,345,25,45,"[305, 32, 135]",1394
TR1_1640164807,14,XinZhao,2,4,7,2,0.86,7250,13,25134,33282,20010,25787,0.1558318320249238,0.16159460639091894,105,0,19,"[60, 226]",1394
TR1_1640164807,15,Shaco,2,3,7,3,0.86,7250,13,12712,18802,2981,12713,0.07881353148636601,0.0912888444260213,71,0,20,"[226, 237]",1394
TR1_1640164807,16,Kayle,7,2,8,2,0.5,9580,15,14861,20544,2597,11597,0.09214260724013151,0.09974679360356398,76,7,34,"[22, 87, 81]",1394
TR1_1640143816,1,Renata,6,5,9,8,1.44,22015,18,42496,49128,19532,57304,0.10120204013859199,0.11407454608312126,203,27,126,"[225, 222, 97, 60]",1421
TR1_1640143816,2,Ziggs,7,6,6,2,1.33,12075,15,33071,18779,1671,20711,0.1865031764675385,0.10752520864590695,229,23,126,"[48, 237, 218]",1421
TR1_1640143816,3,Sejuani,8,7,6,9,2.67,15000,16,39119,78258,16648,90675,0.09316086660633499,0.18171278042679703,229,11,175,"[41, 80, 136]",1421
TR1_1640143816,4,Brand,1,9,6,2,1.83,12550,15,52283,31974,2416,25522,0.29484936360146113,0.18306867683324035,259,43,111,"[45, 46, 25]",1421
TR1_1640143816,5,Milio,1,2,5,9,2.2,12550,15,10189,23171,17194,20017,0.05746318958934977,0.13267158654647623,145,10,61,"[75, 87, 237]",1421
TR1_1640143816,6,Velkoz,7,2,10,5,0.7,12050,16,24464,28759,4377,25314,0.13796548294616956,0.16466623182781634,211,28,122,"[219, 171, 9]",1421
TR1_1640143816,7,Yunara,2,17,4,7,6.0,20575,28,102982,54363,28319,47166,0.24524709489687113,0.1262284978745625,148,10,43,"[96, 51, 22, 206]",1421
TR1_1640143816,8,Sion,2,7,3,14,7.0,20500,18,30441,41048,14931,76675,0.07249547575265848,0.09531183272260588,202,14,74,"[75, 46, 42, 7]",1421
TR1_1640143816,9,Ambessa,3,3,6,1,0.67,8750,12,18032,17217,1842,22077,0.10169109639142425,0.09857899058509868,82,6,51,"[166, 221]",1421
TR1_1640143816,10,Nocturne,3,2,7,3,0.71,8950,12,10286,12794,620,9824,0.05801150312924281,0.07325507072729104,65,8,34,"[219, 308]",1421
TR1_1640143816,11,Twitch,4,1,9,2,0.33,11750,13,13678,17526,1900,14297,0.07713673138921978,0.10034999299544337,43,2,23,"[220, 22]",1421
TR1_1640143816,12,Ornn,4,2,6,1,0.5,8750,21,15317,24431,4729,54078,0.08637945648559417,0.139884241838727,119,22,75,"[96, 110]",1421
TR1_1640143816,13,Swain,8,9,6,7,2.67,13000,25,35461,69383,36682,85692,0.08445030382009651,0.1611045969508941,321,198,501,"[96, 218, 237]",1421
TR1_1640143816,14,Leblanc,6,10,5,4,2.8,19500,18,73920,52069,7475,42110,0.17603835963780942,0.12090235105130491,320,20,76,"[86, 73, 32, 69]",1421
TR1_1640143816,15,Ekko,5,9,6,6,2.5,18000,18,56102,43532,12268,78575,0.133605352680498,0.1010811002607079,262,5,133,"[48, 237, 226, 56]",1421
TR1_1640143816,16,Bard,5,8,5,8,3.2,18000,18,39388,42888,29377,30276,0.09380050646713947,0.0995842946300064,199,7,70,"[135, 305, 44, 28]",1421
TR1_1640132956,1,Nasus,8,14,8,4,2.25,14500,18,74676,111131,43224,150636,0.17032546842542845,0.2717899866172269,412,0,9,"[181, 310, 150, 2]",1507
TR1_1640132956,2,KSante,5,6,7,8,2.0,13041,16,39085,71068,14737,117842,0.14501831435257215,0.22077922014883136,344,0,35,"[12, 152, 23]",1507
TR1_1640132956,3,Pyke,5,8,6,6,2.33,13550,16,33054,42711,23564,96294,0.12264244904677044,0.13268727745630285,251,29,65,"[218, 227, 63]",1507
TR1_1640132956,4,Garen,6,9,7,6,2.14,10750,17,43020,29512,4610,45236,0.09812166713024258,0.07217778467315429,149,0,2,"[22, 47, 89, 223]",1507
TR1_1640132956,5,Ashe,2,6,10,2,0.8,7500,14,34193,35432,11886,19613,0.12686831745272015,0.1100721828411929,107,13,155,"[170, 107, 77]",1507
TR1_1640132956,6,Amumu,3,5,11,17,2.0,20010,18,45536,49905,13719,39784,0.10386080794497517,0.12205025974769769,233,7,28,"[42, 103, 129, 180]",1507
TR1_1640132956,7,Taric,2,2,6,6,1.33,7700,14,32216,59030,13107,57282,0.1195352427404288,0.18338138225568418,246,0,42,"[120, 231, 5]",1507
TR1_1640132956,8,Belveth,3,19,5,5,4.8,19524,18,73394,48810,31086,68253,0.1674005522301506,0.11937280712418073,330,0,16,"[171, 63, 238, 74]",1507
TR1_1640132956,9,Trundle,6,6,6,9,2.5,11750,17,60554,51125,31551,66425,0.13811526227190166,0.1250348708244991,214,0,2,"[226, 84, 118, 61]",1507
TR1_1640132956,10,Belveth,7,7,8,11,2.25,21001,18,56516,36707,17497,41431,0.1289037702019365,0.08977452867126694,279,27,19,"[51, 217, 36, 92]",1507
TR1_1640132956,11,Qiyana,7,14,7,7,3.0,25773,18,58591,34719,7326,29656,0.13363772388148565,0.08491115146541055,288,12,83,"[17, 38, 90, 211]",1507
TR1_1640132956,12,Karthus,4,7,7,4,1.57,10502,15,41460,25453,2317,18774,0.15383093795811065,0.0790739779469256,351,0,3,"[32, 68, 116]",1507
TR1_1640132956,13,Gangplank,4,4,11,5,0.82,11371,15,25657,26893,4521,19771,0.09519579818781494,0.08354529935870914,265,0,6,"[46, 82, 84]",1507
TR1_1640132956,14,Sona,8,4,6,14,3.0,15455,18,26146,46976,55729,45172,0.059634747913879425,0.11488861087656375,331,12,12,"[12, 2, 223, 238]",1507
TR1_1640132956,15,Orianna,1,11,5,1,2.4,9762,15,41672,31560,12032,39149,0.15461996113263726,0.09804438103072911,305,56,42,"[69, 65, 180]",1507
TR1_1640132956,16,Nocturne,1,1,13,8,0.69,9750,15,22178,29748,3119,26169,0.08228897912894566,0.09241627896162487,88,14,46,"[305, 71, 250]",1507
TR1_1640131097,1,Volibear,2,6,10,13,1.9,23241,18,52021,86070,34917,110193,0.11659123482224643,0.19517565062363548,316,0,22,"[45, 68, 42, 97]",1419
TR1_1640131097,2,Kayn,2,17,6,6,3.83,24045,18,95150,72624,57085,54809,0.21325262717799515,0.16468539279930716,447,0,16,"[19, 84, 322, 214]",1419
TR1_1640131097,3,Kindred,7,9,5,12,4.2,26802,18,79188,92892,62083,152752,0.1774770371544411,0.21064658605513292,173,31,60,"[134, 321, 22, 251]",1419
TR1_1640131097,4,Ornn,3,5,6,3,1.33,12536,15,22998,30579,2524,66566,0.10920907702505843,0.14127628752646637,144,15,53,"[234, 64]",1419
TR1_1640131097,5,TwistedFate,3,4,9,4,0.89,12771,23,22011,32827,5727,18049,0.10451948632494466,0.15166207771297985,185,11,53,"[96, 175, 69]",1419
TR1_1640131097,6,Karthus,8,6,7,6,1.71,13533,16,48629,29911,2042,17590,0.10898864376097776,0.06782895845307972,438,43,68,"[156, 211, 12]",1419
TR1_1640131097,7,Lissandra,5,6,7,6,1.71,13583,16,44002,24573,2780,17545,0.20894454183736189,0.11353006301936475,220,49,94,"[156, 211, 222]",1419
TR1_1640131097,8,Jayce,4,6,5,5,2.2,13436,15,34056,20636,4867,12583,0.1617165781860835,0.09534078818172717,320,10,31,"[219, 217, 206]",1419
TR1_1640131097,9,Karthus,4,8,7,5,1.86,12880,16,32001,29109,1660,18880,0.15195639971166236,0.13448484661726656,403,0,21,"[219, 133, 93]",1419
TR1_1640131097,10,TwistedFate,5,6,7,5,1.57,15383,16,23006,30729,10014,20180,0.10924704596500022,0.14197258249999087,210,27,106,"[4, 129, 51]",1419
TR1_1640131097,11,Diana,1,12,9,3,1.67,14308,17,35285,27649,4128,27451,0.07908256896155105,0.06269791010893322,203,13,57,"[219, 90, 9, 34]",1419
TR1_1640131097,12,Darius,1,3,6,8,1.83,13319,17,35519,58938,25633,31111,0.07960724815267506,0.1336504870283978,113,0,22,"[6, 310, 206, 46]",1419
TR1_1640131097,13,Yorick,6,3,7,0,0.43,9206,13,22798,30539,9416,19643,0.10825566154780003,0.14109111718820813,248,2,26,"[58, 23]",1419
TR1_1640131097,14,Naafiri,7,14,5,7,4.2,24558,18,66910,36386,13341,48601,0.14995940786007966,0.08251050115025178,194,1,54,"[310, 92, 237, 138]",1419
TR1_1640131097,15,Nocturne,8,7,10,4,1.1,15309,16,33482,36515,7102,27694,0.07504123211003381,0.08280451378126188,142,13,35,"[233, 52, 214]",1419
TR1_1640131097,16,Mordekaiser,6,1,8,2,0.38,9003,13,9719,17454,2793,17822,0.046151209402088895,0.08064223725399634,104,0,10,"[48, 103]",1419
TR1_1639936046,1,Gangplank,5,1,8,6,0.88,13742,15,27110,23784,7271,23805,0.1294870957383336,0.10053107743237139,256,0,7,"[60, 206, 1]",1429
TR1_1639936046,2,Leblanc,7,19,10,3,2.2,25400,18,68303,37581,8857,21431,0.15847758972176967,0.08886958748807364,367,8,30,"[17, 237, 48, 211]",1429
TR1_1639936046,3,Olaf,1,16,7,2,2.57,18760,18,103888,74798,37553,124011,0.24104375635035755,0.1768795905763737,171,24,73,"[237, 51, 225, 312]",1429
TR1_1639936046,4,Nami,1,2,6,16,3.0,17760,18,20971,40566,39428,32949,0.048657617686737646,0.09592839415129745,221,26,38,"[44, 69, 35, 151]",1429
TR1_1639936046,5,FiddleSticks,6,4,6,4,1.33,9460,14,29327,30613,8695,13799,0.14007722143510168,0.12939819201875657,134,0,26,"[37, 120, 30]",1429
TR1_1639936046,6,Smolder,8,7,10,5,1.2,14730,17,43705,34932,11891,16711,0.10140656354205393,0.08260539942893468,250,17,33,"[17, 138, 58, 133]",1429
TR1_1639936046,7,MonkeyKing,8,9,8,7,2.0,17700,17,42649,41877,6298,43387,0.0989558143201208,0.09902841634201705,216,0,27,"[171, 32, 48, 68]",1429
TR1_1639936046,8,Nasus,2,10,6,5,2.5,18760,18,65590,68380,13494,64706,0.15218380201345394,0.1617017406371638,315,0,67,"[237, 28, 62, 103]",1429
TR1_1639936046,9,Soraka,2,5,6,9,2.33,15250,18,29747,57561,66925,54919,0.06902138214641114,0.13611888831136384,320,22,117,"[46, 222, 15, 24]",1429
TR1_1639936046,10,Draven,6,4,7,4,1.14,10002,14,17946,18270,3501,16554,0.08571864287538543,0.07722545606299168,154,9,29,"[26, 22, 134]",1429
TR1_1639936046,11,Yuumi,3,4,5,10,2.8,14650,16,8982,18183,16891,6898,0.04290493869551294,0.0768598126483463,215,109,4,"[97, 88]",1429
TR1_1639936046,12,Sylas,3,10,6,4,2.33,12900,17,60245,60404,18067,55083,0.28774916590499916,0.2553160062334479,355,29,153,"[308, 51, 27]",1429
TR1_1639936046,13,Poppy,7,5,4,18,5.75,26400,18,56138,67181,28434,201198,0.1302534742190953,0.15886798306477587,159,0,32,"[218, 136, 219, 2]",1429
TR1_1639936046,14,Thresh,4,2,8,2,0.5,10003,14,17333,36921,4492,20404,0.08279065860242482,0.15606182022890677,85,7,37,"[176, 39, 41]",1429
TR1_1639936046,15,Irelia,4,4,8,1,0.62,10200,14,21561,28903,8944,17877,0.10298194836952003,0.12216830779945365,167,11,65,"[46, 136, 225]",1429
TR1_1639936046,16,Riven,5,10,7,0,1.43,12000,15,26859,19503,3002,28253,0.1282903283787223,0.08243932757572571,270,6,12,"[218, 43, 19]",1429
TR1_1639924427,1,Azir,8,16,9,5,2.33,19909,18,96678,57883,15125,31563,0.22183894836986479,0.1332653846192068,321,175,322,"[195, 29, 81, 24]",1598
TR1_1639924427,2,Taric,8,5,7,16,3.0,19322,18,33197,61838,48181,106221,0.07617567516828133,0.142372080760654,305,0,85,"[15, 116, 208, 198]",1598
TR1_1639924427,3,Zyra,7,4,6,1,0.83,6950,14,32019,26267,3345,13041,0.17496538035016385,0.13464253203415918,237,25,43,"[233, 65, 103]",1598
TR1_1639924427,4,Urgot,4,5,5,4,1.8,10306,15,32274,35388,4404,44033,0.1763546514264211,0.18139280275355943,153,14,49,"[88, 310, 220]",1598
TR1_1639924427,5,Nidalee,4,5,6,4,1.5,10303,15,25468,30025,13666,30652,0.1391667887435414,0.15390114773572874,417,11,45,"[48, 92, 135]",1598
TR1_1639924427,6,Rumble,6,7,8,7,1.75,13553,17,42703,31280,8637,34730,0.09798713674255945,0.07201679646454802,307,78,213,"[156, 129, 194, 92]",1598
TR1_1639924427,7,Nunu,6,9,5,7,3.2,13556,18,41970,63625,44229,77741,0.09630490828247172,0.14648593049764952,336,80,234,"[156, 67, 88, 98]",1598
TR1_1639924427,8,Thresh,2,0,4,0,0.0,3600,9,2666,7998,0,3358,0.014570732017142514,0.04099639255540158,0,0,8,[75],1598
TR1_1639924427,9,Yone,2,0,4,0,0.0,3500,9,6755,6066,165,4081,0.03691155916966843,0.03109646166228712,124,3,8,[58],1598
TR1_1639924427,10,Talon,1,13,11,0,1.18,11050,16,55212,34693,3980,30802,0.3016988685251336,0.17782771058117025,377,42,193,"[27, 16, 53]",1598
TR1_1639924427,11,Sona,1,0,6,13,2.17,12550,16,16355,31467,21725,39877,0.08937011761149143,0.161292514551332,293,9,31,"[30, 74, 35]",1598
TR1_1639924427,12,TahmKench,3,12,5,8,4.0,22050,18,76627,102228,32135,242942,0.17582942633652168,0.23536071534129824,256,35,134,"[224, 154, 41, 211]",1598
TR1_1639924427,13,Karma,3,12,6,10,3.67,19656,18,73777,45870,18661,112764,0.16928944051983727,0.10560906904258555,684,27,106,"[30, 223, 18, 68]",1598
TR1_1639924427,14,Jinx,5,6,8,8,1.75,14262,18,20956,46982,11741,43091,0.04808728212965606,0.10816748373255182,106,3,74,"[134, 71, 243, 36]",1598
TR1_1639924427,15,Ziggs,5,9,6,5,2.33,14659,18,49894,24637,2086,16902,0.1144871824508077,0.056722539541506085,273,21,49,"[86, 150, 166, 180]",1598
TR1_1639924427,16,Quinn,7,1,10,3,0.4,6950,14,12254,23186,3291,10638,0.06696190215643769,0.11885043812636172,108,10,34,"[228, 103, 71]",1598
TR1_1639910000,1,Samira,8,4,8,2,0.75,7750,14,36949,24575,6486,14135,0.1896058204533436,0.10027633051161725,162,10,51,"[7, 116, 150]",1293
TR1_1639910000,2,Talon,5,10,9,14,2.67,19455,18,61660,34358,6381,21488,0.15974744479643335,0.09879769803651725,271,57,200,"[17, 89, 236, 82]",1293
TR1_1639910000,3,Rakan,8,2,6,4,1.0,7255,14,9776,29417,7024,22957,0.05016838520633205,0.12003548904434189,250,23,73,"[221, 72, 5]",1293
TR1_1639910000,4,Ashe,6,8,7,0,1.14,11255,15,30355,24616,7551,9990,0.1557674482622288,0.10044347438534679,73,23,196,"[22, 52, 24]",1293
TR1_1639910000,5,Sejuani,1,5,6,4,1.5,11057,16,33860,56994,2203,101112,0.08772446857654728,0.1638872111600386,164,7,28,"[218, 238, 310]",1293
TR1_1639910000,6,Aatrox,1,4,10,3,0.7,10550,16,30953,33803,10978,26010,0.08019202132906442,0.09720154191267259,220,9,25,"[206, 82, 84]",1293
TR1_1639910000,7,Ezreal,2,6,6,5,1.83,10879,15,32283,22058,4081,9910,0.1656643793796167,0.09000762551586036,348,46,82,"[26, 38, 238]",1293
TR1_1639910000,8,Warwick,2,6,8,5,1.38,11811,15,21395,39348,19095,31460,0.10978913696354073,0.16055611148866958,91,0,53,"[22, 312, 103]",1293
TR1_1639910000,9,Yone,4,11,5,3,2.8,11311,16,31712,30933,15142,37099,0.0821596414463543,0.08894799396755582,257,4,25,"[305, 77]",1293
TR1_1639910000,10,Jayce,4,3,6,11,2.33,11800,16,51140,27029,7219,21266,0.13249345810789057,0.07772341744728165,402,8,25,"[46, 217, 215]",1293
TR1_1639910000,11,Jax,5,19,0,10,29.0,16458,18,67002,56355,33035,57979,0.1735873964391223,0.16205053589810475,257,0,115,"[51, 13, 238, 107]",1293
TR1_1639910000,12,Zilean,7,7,6,11,3.0,16502,18,44100,48472,18945,88670,0.11425246612601389,0.1393813291315813,556,27,84,"[218, 21, 215, 74]",1293
TR1_1639910000,13,Blitzcrank,6,0,7,6,0.86,9750,15,19769,32130,5997,27957,0.10144461885797049,0.13110362837288655,223,19,98,"[56, 65, 70]",1293
TR1_1639910000,14,Nidalee,7,13,8,5,2.25,16900,18,65557,59819,31191,63017,0.1698431031785739,0.17201027244624806,570,8,81,"[69, 227, 198, 217]",1293
TR1_1639910000,15,Alistar,3,0,7,6,0.86,8250,14,12021,28574,4159,46959,0.0616897604814563,0.1165950412438048,90,0,45,"[85, 36, 67]",1293
TR1_1639910000,16,Illaoi,3,7,6,0,1.17,7550,14,32324,44354,7761,48845,0.16587045039551132,0.18098229943747277,146,6,45,"[181, 63, 13]",1293
TR1_1639904932,1,Lulu,6,4,6,2,1.0,7003,13,19737,22891,4985,11340,0.11602879913070147,0.10635427048120612,171,35,63,"[35, 92]",1550
TR1_1639904932,2,Thresh,6,2,7,4,0.86,7212,13,18537,27000,3459,31699,0.10897679412879951,0.12544535551251815,137,18,118,"[233, 149]",1550
TR1_1639904932,3,Vladimir,8,6,6,2,1.33,10018,17,32553,32101,26411,20917,0.058785620716210865,0.05795571879462487,248,0,60,"[135, 118, 15]",1550
TR1_1639904932,4,DrMundo,7,4,6,0,0.67,6765,14,42180,50369,17230,39750,0.24796752595241695,0.2340198977727069,167,34,81,"[216, 2, 219]",1550
TR1_1639904932,5,Talon,1,22,7,9,4.43,29800,18,128178,58081,30494,67027,0.23146858216865301,0.10486182624224406,430,45,213,"[228, 211, 310, 206]",1550
TR1_1639904932,6,Zyra,1,11,5,19,6.0,29000,18,100659,58002,21427,63634,0.18177311178776678,0.10471795010275198,790,53,114,"[1, 65, 45, 205]",1550
TR1_1639904932,7,Jinx,5,20,11,3,2.09,29340,18,120974,90329,40961,47893,0.21845987670906633,0.16308260619880907,104,8,109,"[225, 217, 134, 181]",1550
TR1_1639904932,8,DrMundo,8,2,5,5,1.4,12012,16,36589,56965,30912,87456,0.06607370281129755,0.10284600170757796,210,9,56,"[41, 133, 66]",1550
TR1_1639904932,9,Briar,2,6,11,1,0.64,9253,15,31829,32394,20469,21929,0.18711848870808587,0.15050586763718674,196,16,53,"[219, 84, 58]",1550
TR1_1639904932,10,Sejuani,2,1,6,6,1.17,9553,15,22851,27909,1537,83269,0.13433812047225635,0.1296679408572716,156,4,41,"[18, 152, 243]",1550
TR1_1639904932,11,Nunu,5,6,4,20,6.5,27155,18,42312,114963,60678,225733,0.07640980394759933,0.207557322548474,480,68,179,"[41, 2, 243, 46]",1550
TR1_1639904932,12,Taric,7,0,9,4,0.44,6950,14,14848,34941,12655,47964,0.08729084394255722,0.16234279806975538,272,0,57,"[88, 152, 15]",1550
TR1_1639904932,13,Jayce,3,0,5,1,0.2,3859,11,12612,10200,1554,3446,0.07414280467143707,0.04739174168498922,148,10,50,"[1, 238]",1550
TR1_1639904932,14,Ashe,3,1,5,0,0.2,3862,11,7507,9528,910,3779,0.044136622993745565,0.04427212798436588,36,9,77,"[220, 36]",1550
TR1_1639904932,15,Soraka,4,4,7,12,2.29,18250,18,23983,75420,74200,72643,0.043309469927256594,0.13616462948098124,237,51,181,"[234, 175, 4, 60]",1550
TR1_1639904932,16,XinZhao,4,12,6,3,2.5,15286,18,68511,68025,18980,69459,0.12371983193214951,0.1228139449245368,164,0,74,"[225, 82, 58, 308]",1550
TR1_1639893748,1,Yunara,1,13,8,5,2.25,14350,17,47687,33837,16715,16138,0.11154552479238676,0.08135701898728878,141,15,21,"[71, 22, 220, 301]",1516
TR1_1639893748,2,Singed,1,7,4,12,4.75,11850,17,35755,77175,13984,98607,0.08363491683363776,0.18555413462135342,157,0,36,"[310, 237, 45, 61]",1516
TR1_1639893748,3,Irelia,4,7,6,18,4.17,19900,18,38794,40661,11906,42991,0.09074356830443467,0.09776220261624276,328,12,97,"[227, 136, 53, 71]",1516
TR1_1639893748,4,TwistedFate,4,19,3,7,8.67,32739,18,95720,30836,17033,43346,0.2238981209664134,0.07413968245026586,316,42,148,"[238, 205, 48, 52]",1516
TR1_1639893748,5,Maokai,8,1,6,2,0.5,6750,13,8783,25052,6761,36581,0.04224456542030792,0.11318187152849735,138,8,123,"[301, 108]",1516
TR1_1639893748,6,Syndra,6,1,6,1,0.33,6450,12,13616,20702,2479,12912,0.06549164399831175,0.09352939772686979,139,12,437,"[152, 171]",1516
TR1_1639893748,7,Rengar,3,6,8,7,1.62,13300,16,31259,31312,8776,22583,0.15035079713011917,0.1414636204039127,179,0,13,"[47, 110, 225]",1516
TR1_1639893748,8,JarvanIV,3,8,7,6,2.0,10800,16,23435,27914,5546,44665,0.11271887535055253,0.12611298061531045,273,0,21,"[16, 138, 18]",1516
TR1_1639893748,9,Viego,6,1,6,1,0.33,6253,12,6340,13412,2095,10553,0.030498257621874185,0.06059428266362587,111,8,76,"[84, 46]",1516
TR1_1639893748,10,Olaf,2,11,9,4,1.67,18350,18,64923,75564,40031,66004,0.15186072760322095,0.18168126100015258,225,18,47,"[310, 9, 115, 103]",1516
TR1_1639893748,11,Ambessa,2,6,10,9,1.5,17750,18,37528,55572,25846,86174,0.08778161724751654,0.13361331344590008,304,0,88,"[103, 46, 19, 82]",1516
TR1_1639893748,12,Garen,7,10,10,2,1.2,14775,17,68000,46154,4605,72979,0.3270658116758449,0.20851990156675557,190,0,25,"[154, 120, 243, 151]",1516
TR1_1639893748,13,Jayce,5,8,8,9,2.12,16750,18,64382,38807,12971,59015,0.15059573709519541,0.09330479710468219,420,16,95,"[82, 17, 6, 223]",1516
TR1_1639893748,14,Karma,7,3,7,10,1.86,11150,17,39499,38572,18576,81255,0.18998388671239938,0.17426473083915484,429,21,48,"[180, 112, 135, 238]",1516
TR1_1639893748,15,Thresh,5,9,6,8,2.83,18250,18,42726,63463,16986,181757,0.09993978715719454,0.15258758977411432,309,27,150,"[109, 42, 18, 118]",1516
TR1_1639893748,16,Kaisa,8,2,8,1,0.38,7250,13,16975,18223,1808,12345,0.08164616209059015,0.08233321465587347,153,9,65,"[107, 97]",1516
TR1_1639524742,1,Xayah,2,11,8,2,1.62,16618,18,61270,33691,4138,21151,0.1630284860076925,0.0913228639610143,171,24,120,"[81, 74, 238, 71]",1411
TR1_1639524742,2,Graves,2,3,5,8,2.2,17039,18,36969,39382,23767,46483,0.09836749275620565,0.10674948263665499,228,40,149,"[234, 103, 84, 20]",1411
TR1_1639524742,3,Alistar,5,3,4,9,3.0,10500,17,13761,57384,18269,137035,0.036616822299353737,0.15554387312423593,116,0,46,"[18, 175, 103, 165]",1411
TR1_1639524742,4,Camille,4,1,5,0,0.2,3750,9,3793,7098,1036,4721,0.02029254537796985,0.03559300632796825,38,0,26,[79],1411
TR1_1639524742,5,Talon,4,1,4,1,0.5,3750,9,6825,6077,268,2563,0.0365067074487063,0.03047298341417204,79,13,60,[310],1411
TR1_1639524742,6,Sejuani,7,8,7,11,2.71,18524,18,72339,37927,18529,50923,0.19248144160965855,0.1028047191512017,162,8,20,"[220, 217, 90, 223]",1411
TR1_1639524742,7,Yorick,5,10,5,3,2.6,11250,17,47286,51226,20597,86817,0.12581942994059536,0.13885117263077892,255,10,69,"[41, 92, 227, 84]",1411
TR1_1639524742,8,Leblanc,3,3,5,5,1.6,11258,15,18426,23591,3497,17930,0.098563579160703,0.11828945665334117,188,7,32,"[19, 211, 89]",1411
TR1_1639524742,9,Mel,3,5,5,3,1.6,10437,15,25056,14124,1037,6249,0.1340290454893174,0.07082078412134718,159,62,165,"[86, 38, 113]",1411
TR1_1639524742,10,Chogath,7,11,5,6,3.4,17068,18,48847,71302,15941,71507,0.1299736307343258,0.193269502873042,211,0,9,"[88, 33, 36, 61]",1411
TR1_1639524742,11,Ashe,8,10,8,1,1.38,18812,18,62171,30925,7169,24558,0.16542612851402083,0.08382615524327716,100,30,273,"[225, 71, 52, 74]",1411
TR1_1639524742,12,Vladimir,8,1,8,9,1.25,17108,18,33180,47087,42862,76272,0.08828656813814757,0.12763223037979501,449,0,47,"[48, 180, 64, 118]",1411
TR1_1639524742,13,Swain,6,5,7,7,1.71,10520,16,22316,65220,24404,53937,0.1193719054331436,0.32702367514356556,404,9,55,"[216, 152, 13]",1411
TR1_1639524742,14,Leblanc,1,7,6,4,1.83,12760,16,35364,31259,5777,27936,0.18916561854040623,0.1567386276841403,298,3,51,"[27, 133, 29]",1411
TR1_1639524742,15,Veigar,1,5,8,6,1.38,12766,16,32966,25463,5965,21401,0.1763350147623512,0.12767838798266695,380,17,48,"[219, 68, 133]",1411
TR1_1639524742,16,Blitzcrank,6,9,5,4,2.6,11510,16,42201,26601,3948,37584,0.2257355837874024,0.13338307867279853,245,7,53,"[156, 29, 211]",1411
TR1_1639479288,1,Blitzcrank,7,14,9,17,3.44,30310,18,108105,106021,67880,207038,0.15032090165108913,0.14589191024111456,814,37,93,"[310, 222, 1, 98]",1942
TR1_1639479288,2,TwistedFate,8,0,7,1,0.14,11195,13,7124,15856,1577,12348,0.030912081808596278,0.06157122841598243,134,2,25,"[218, 229]",1942
TR1_1639479288,3,Udyr,1,7,8,1,1.0,10500,16,28915,23475,6048,21099,0.1254637436847972,0.091155931886926,101,0,23,"[222, 80, 81]",1942
TR1_1639479288,4,Kennen,1,3,7,7,1.43,10530,16,27004,23375,4282,21515,0.1171720517807375,0.09077072641189352,171,22,34,"[97, 205, 88]",1942
TR1_1639479288,5,Singed,4,7,8,17,3.0,30768,18,114229,100864,37434,264445,0.15883749083433776,0.13879438658034174,174,3,133,"[42, 110, 195, 175]",1942
TR1_1639479288,6,Graves,4,17,11,5,2.0,28670,18,111518,88690,61880,193608,0.155067676692643,0.12204266375978193,222,33,156,"[181, 17, 115, 63]",1942
TR1_1639479288,7,AurelionSol,6,8,8,2,1.25,12570,18,44664,52045,18859,51347,0.19379977176213775,0.20209469915333708,231,0,66,"[204, 237, 88, 16]",1942
TR1_1639479288,8,Vex,6,2,9,8,1.11,12515,18,32492,33083,3487,32141,0.1409844064537085,0.1284649603532663,219,37,81,"[22, 28, 45, 36]",1942
TR1_1639479288,9,Chogath,2,6,8,5,1.38,10768,16,30399,48378,4444,74103,0.13190337504650348,0.18785549773234744,166,0,49,"[102, 39, 14]",1942
TR1_1639479288,10,Azir,2,5,14,4,0.64,10765,16,39375,42527,12502,34605,0.17085172274340207,0.16513587540860297,276,3,72,"[138, 22, 4]",1942
TR1_1639479288,11,Heimerdinger,3,8,10,14,2.2,23753,18,78819,64588,14722,64931,0.10959873535207734,0.08887746931557503,394,97,265,"[12, 56, 195, 238]",1942
TR1_1639479288,12,Volibear,3,14,9,8,2.44,22252,18,70643,123972,27442,189742,0.09822953375439451,0.17059342847393608,228,0,219,"[97, 25, 193, 239]",1942
TR1_1639479288,13,Poppy,7,19,4,14,8.25,26326,18,110314,173352,35198,474364,0.15339232323739718,0.23854168023347203,445,5,59,"[310, 136, 66, 151]",1942
TR1_1639479288,14,Orianna,5,7,7,13,2.86,20781,18,61196,34052,1430,68705,0.08509418299803415,0.04685843368764763,420,229,306,"[305, 171, 48, 180]",1942
TR1_1639479288,15,Caitlyn,5,14,7,5,2.71,19766,18,64335,35173,11500,41171,0.08945915548002693,0.04840002770813104,264,38,110,"[240, 34, 81, 165]",1942
TR1_1639479288,16,Vex,8,1,8,0,0.12,7005,13,20491,18786,1622,21030,0.08891284672011722,0.07295108063764426,174,8,42,"[205, 57]",1942
TR1_1639472427,1,Sylas,6,7,8,2,1.12,10000,15,13202,19218,7261,27857,0.08605390238244752,0.1062473757601276,119,7,43,"[226, 129, 19, 41]",1377
TR1_1639472427,2,Ahri,6,2,6,6,1.33,10149,15,34183,37466,5680,16314,0.22281382718948553,0.20713184464561504,186,46,87,"[120, 38, 208, 48]",1377
TR1_1639472427,3,Garen,2,5,7,2,1.0,7505,14,14741,18158,5352,30970,0.09608814120386747,0.10039055529716087,76,0,20,"[206, 304, 238, 41]",1377
TR1_1639472427,4,Hwei,2,3,7,5,1.14,7540,14,30734,17754,7704,12132,0.20033120322975426,0.09815606655476425,216,5,40,"[105, 304, 223, 135]",1377
TR1_1639472427,5,LeeSin,3,5,8,9,1.75,16020,18,32133,40225,9029,66529,0.10687407105691751,0.14614945554102984,389,31,286,"[9, 2, 48, 27, 46]",1377
TR1_1639472427,6,Heimerdinger,3,10,4,5,3.75,16010,18,34575,42791,40409,55826,0.11499902170916981,0.1554727625183752,394,94,371,"[9, 2, 135, 194, 97]",1377
TR1_1639472427,7,Ashe,7,4,8,8,1.5,10270,15,22835,25454,8916,19692,0.1488488678364472,0.14072589586665257,126,8,114,"[22, 74, 71, 79]",1377
TR1_1639472427,8,Belveth,1,16,5,5,4.2,17790,18,61815,51532,23956,93165,0.20559875327301286,0.18723365561135935,257,0,101,"[237, 63, 79, 225, 22]",1377
TR1_1639472427,9,Bard,1,5,5,13,3.6,17075,18,28305,34049,39026,20544,0.09414379508756876,0.12371057790813177,246,83,159,"[136, 141, 195, 166, 32]",1377
TR1_1639472427,10,Yuumi,8,5,4,14,4.75,13525,17,15543,16127,22101,16593,0.0516958340810437,0.05859734441627344,266,93,26,"[76, 301, 35, 88, 28]",1377
TR1_1639472427,11,Rumble,5,5,6,6,1.83,17285,18,34474,28023,4335,52073,0.11466190202973804,0.10181578385382875,312,18,77,"[205, 180, 301, 66, 28]",1377
TR1_1639472427,12,Smolder,5,9,7,5,2.0,16120,18,40245,26887,6881,17435,0.1338551304506381,0.09769057838017423,159,10,63,"[204, 77, 90, 53, 80]",1377
TR1_1639472427,13,Kaisa,8,14,7,4,2.57,12050,17,53569,35595,9914,35291,0.1781714923119112,0.1293298417708274,214,10,133,"[105, 107, 48, 81, 112]",1377
TR1_1639472427,14,Gangplank,7,9,7,3,1.71,12282,15,24219,35086,23919,19014,0.15786553819277213,0.1939759613567416,274,0,24,"[237, 52, 220, 78]",1377
TR1_1639472427,15,Cassiopeia,4,2,6,0,0.33,7005,13,8149,9760,2990,8466,0.05312266716585928,0.05396139845355766,212,1,37,"[12, 304, 103]",1377
TR1_1639472427,16,TahmKench,4,0,6,2,0.33,7025,13,5350,17981,6401,23662,0.03487585279936659,0.0994109020653804,88,0,41,"[218, 304, 215]",1377
TR1_1639471163,1,Ornn,7,3,6,3,1.0,7010,14,19384,53420,14388,81514,0.09716611976669554,0.2376868908884439,113,37,41,"[216, 20, 215]",1595
TR1_1639471163,2,Shen,1,4,6,4,1.33,9510,15,30443,32068,16766,44374,0.15259538852210874,0.14268509528639797,169,0,30,"[54, 217, 239]",1595
TR1_1639471163,3,Mordekaiser,1,4,9,3,0.78,9510,15,33892,36342,7754,33054,0.16988517178522947,0.1616987503348423,213,0,24,"[30, 36, 217]",1595
TR1_1639471163,4,Nilah,5,3,7,5,1.14,10005,15,23204,20623,5042,21529,0.11631015843186211,0.09175937064202604,135,0,5,"[48, 63, 116]",1595
TR1_1639471163,5,Soraka,2,0,6,11,1.83,12250,16,18923,68726,73852,41286,0.03899887908813309,0.1461900224540789,268,36,173,"[219, 68, 180]",1595
TR1_1639471163,6,Bard,2,11,6,0,1.83,10255,16,50643,60238,28212,27860,0.10437089775447628,0.12813585735803004,330,181,333,"[219, 141, 116]",1595
TR1_1639471163,7,Hwei,5,8,7,2,1.43,10000,15,44294,17122,912,30395,0.22202353956889384,0.0761851549225458,187,8,39,"[156, 180, 50]",1595
TR1_1639471163,8,RekSai,8,12,5,3,3.0,11750,17,65737,75669,30900,119556,0.13547835958063104,0.16095857093300842,354,9,185,"[243, 84, 82, 103]",1595
TR1_1639471163,9,Caitlyn,3,5,7,0,0.71,7000,13,21292,18151,4109,7974,0.10672869669396916,0.0807638988614384,105,17,32,"[225, 74]",1595
TR1_1639471163,10,Jinx,3,0,7,3,0.43,7005,13,9992,21432,2481,11298,0.05008760364073891,0.0953596733199172,61,11,57,"[115, 107]",1595
TR1_1639471163,11,Sona,6,10,6,11,3.5,18515,18,50850,71397,49908,94839,0.10479867429123312,0.15187282585908288,446,6,104,"[45, 151, 133, 67]",1595
TR1_1639471163,12,Ziggs,4,16,2,10,13.0,23000,18,83724,24730,8382,25871,0.17254853702308234,0.05260501768918198,412,101,206,"[86, 113, 72, 133]",1595
TR1_1639471163,13,Taric,8,3,7,11,2.0,10770,17,38428,43243,40678,111871,0.0791981601446839,0.09198555770158014,441,0,170,"[15, 141, 192, 238]",1595
TR1_1639471163,14,Nami,6,12,8,9,2.62,22505,18,82241,77377,56126,74056,0.16949242680075832,0.16459275595827944,773,33,206,"[45, 68, 231, 33]",1595
TR1_1639471163,15,XinZhao,7,3,11,3,0.55,7000,14,16998,25590,6274,27369,0.08520332159050224,0.11386116574438838,117,0,23,"[58, 70, 103]",1595
TR1_1639471163,16,Amumu,4,11,5,13,4.8,22510,18,94673,48731,13746,104372,0.19511406531700193,0.10365939204675825,241,156,438,"[234, 154, 84, 238]",1595
TR1_1638251600,1,Zilean,7,6,7,9,2.14,15250,18,47690,50519,12177,34433,0.13569348729829522,0.15089634607210975,999,55,115,"[171, 112, 30, 29]",1341
TR1_1638251600,2,Zac,8,11,2,10,10.5,18250,18,47597,27109,39547,46060,0.13542995326230373,0.08097359998213007,289,12,42,"[136, 28, 48, 312]",1341
TR1_1638251600,3,Xerath,5,1,6,0,0.17,3750,11,6851,12188,915,6367,0.048071796755394865,0.07129266521348716,121,57,97,"[218, 97]",1341
TR1_1638251600,4,JarvanIV,6,10,5,5,3.0,11775,15,36822,32572,11608,36963,0.10477152318182577,0.09729057079864517,162,0,84,"[181, 46, 41]",1341
TR1_1638251600,5,Swain,6,6,5,10,3.2,11921,15,31593,47418,19102,24196,0.08989402599649732,0.14163290536717899,306,27,159,"[171, 308, 75]",1341
TR1_1638251600,6,TwistedFate,5,0,6,1,0.17,4071,11,5594,10641,1420,4383,0.03925450686006579,0.06224316641372944,95,22,98,"[172, 93]",1341
TR1_1638251600,7,Lillia,1,3,5,2,1.0,6775,12,24211,19388,6969,11057,0.16988151845074478,0.11340801256185383,98,8,39,"[102, 311]",1341
TR1_1638251600,8,Kayle,1,3,6,3,1.0,6750,12,11387,13954,3151,5399,0.07989826411639414,0.0816235922816224,81,6,46,"[9, 305]",1341
TR1_1638251600,9,Sona,7,9,6,6,2.5,15250,18,36756,54118,47064,73142,0.1045832671191703,0.16164593363937438,465,10,79,"[222, 37, 15, 211]",1341
TR1_1638251600,10,Taliyah,2,1,12,2,0.25,8000,14,13972,24806,1230,14510,0.09803924430402679,0.14509537294471583,181,87,156,"[205, 46, 195]",1341
TR1_1638251600,11,DrMundo,2,5,5,1,1.2,8000,14,31687,42115,18778,58545,0.22233763506437385,0.24634277198565757,161,30,95,"[232, 310, 66]",1341
TR1_1638251600,12,Volibear,3,5,6,5,1.67,7750,15,21944,28652,5742,35490,0.1539733896129566,0.16759098054452864,127,0,26,"[57, 237, 54]",1341
TR1_1638251600,13,Zoe,3,5,6,5,1.67,7750,14,26871,19216,1810,6085,0.18854364483604322,0.11240343805440511,201,44,97,"[110, 237, 1]",1341
TR1_1638251600,14,Rumble,8,13,4,9,5.5,21750,18,60745,35423,15754,46473,0.17283784888917697,0.10580480097133275,541,25,90,"[308, 28, 45, 67]",1341
TR1_1638251600,15,MissFortune,4,10,6,3,2.17,12525,17,57648,55119,10333,20622,0.16402593581257388,0.16463499355082267,144,10,106,"[120, 206, 134, 109]",1341
TR1_1638251600,16,Hwei,4,4,5,9,2.6,11650,17,32602,32515,4597,20209,0.09276395844015681,0.0971208496184062,196,5,74,"[17, 32, 135, 180]",1341
TR1_1638243834,1,Riven,7,4,8,4,1.0,9762,15,23319,33526,13431,36064,0.1273743916278397,0.18746962605643497,318,3,62,"[73, 84, 219]",1451
TR1_1638243834,2,Ryze,3,7,7,4,1.57,11506,16,31729,27736,4353,29194,0.1733110418484452,0.1550928574573101,563,24,72,"[205, 180, 48]",1451
TR1_1638243834,3,Qiyana,3,4,6,6,1.67,9786,15,14284,18539,2726,14936,0.07802361446072457,0.1036688037916882,251,9,75,"[12, 150, 88]",1451
TR1_1638243834,4,Tristana,4,15,7,7,3.14,23774,18,93524,39462,10873,61356,0.2170980755938825,0.0885001437972278,232,0,125,"[237, 227, 19, 301]",1451
TR1_1638243834,5,Malphite,6,4,5,9,2.6,10018,15,25633,26357,2052,55437,0.14001062240036916,0.14738457732166468,136,0,69,"[46, 231, 195]",1451
TR1_1638243834,6,Gragas,2,1,7,0,0.14,6003,12,12589,14555,3072,11959,0.06876644988055994,0.08138799301867955,141,0,53,"[171, 65]",1451
TR1_1638243834,7,Gwen,2,0,7,0,0.0,6003,12,6529,13499,2131,11019,0.03566500941350311,0.07548688983082417,132,9,56,"[205, 217]",1451
TR1_1638243834,8,Veigar,6,9,7,3,1.71,12000,15,42722,23514,4381,15303,0.23335484229433553,0.1314851464992928,325,23,71,"[204, 241, 48]",1451
TR1_1638243834,9,Soraka,8,4,9,12,1.78,17503,18,44121,82861,91779,138509,0.10241799498794409,0.18582950483635513,461,68,241,"[9, 223, 45, 198]",1451
TR1_1638243834,10,Swain,1,13,6,6,3.17,19274,18,69947,89887,59603,135474,0.16236780479027516,0.20158623642265122,561,147,518,"[232, 198, 14, 103]",1451
TR1_1638243834,11,Sejuani,1,6,6,12,3.0,18268,18,40983,59011,11748,194561,0.0951351680428962,0.1323435677006363,199,9,231,"[226, 149, 18, 67]",1451
TR1_1638243834,12,Zyra,5,6,5,7,2.6,13650,16,37998,35298,13157,19603,0.08820475042881683,0.0791633765241295,574,15,71,"[60, 113, 45]",1451
TR1_1638243834,13,Lux,4,8,2,15,11.5,23027,18,39197,32191,13499,52186,0.09098920578334678,0.07219507823906902,430,70,227,"[76, 141, 35, 118]",1451
TR1_1638243834,14,Fizz,8,12,8,4,2.0,15518,18,64297,77724,13430,64922,0.1492522112472737,0.17431025578438356,323,12,124,"[57, 2, 41, 129]",1451
TR1_1638243834,15,Ahri,7,5,8,4,1.12,11271,15,26270,21107,3079,20708,0.1434940280742228,0.11802410602410554,314,52,132,"[218, 151, 11]",1451
TR1_1638243834,16,LeeSin,5,8,8,5,1.62,13900,16,40725,29461,7113,45511,0.09453478912556477,0.0660718366955475,233,23,78,"[17, 84, 41]",1451
TR1_1638226061,1,Belveth,2,3,6,4,1.17,11408,17,17670,37541,20737,26648,0.0662308435396858,0.1484132192542568,138,0,14,"[17, 219, 20, 81, 71]",1262
TR1_1638226061,2,Nocturne,2,8,5,2,2.0,11452,17,31666,24313,14018,18606,0.11869146268935424,0.09611804701174875,96,12,25,"[51, 79, 90, 225, 107]",1262
TR1_1638226061,3,Pyke,5,2,7,8,1.43,16430,18,14715,34073,8229,24919,0.05515725511949325,0.13470148654610276,148,23,88,"[39, 46, 41, 47, 227]",1262
TR1_1638226061,4,Maokai,6,1,5,10,2.2,11508,17,30200,54281,20538,115072,0.11319458956270823,0.2145909116531525,146,14,154,"[181, 125, 301, 312, 33]",1262
TR1_1638226061,5,Annie,7,13,3,6,6.33,17002,18,50262,11308,4686,13914,0.18839189182645164,0.04470672818962961,329,0,1,"[311, 219, 215, 135, 64]",1262
TR1_1638226061,6,Viego,4,10,5,3,2.6,12048,16,29844,24722,15185,23491,0.16197946477665198,0.12319009880037106,152,4,33,"[206, 208, 47, 54]",1262
TR1_1638226061,7,Briar,8,2,7,0,0.29,6550,13,7543,11199,10809,6922,0.040942955991208854,0.055804649229717486,92,3,8,"[136, 304, 174]",1262
TR1_1638226061,8,Malzahar,3,7,9,4,1.22,11250,16,24953,17973,2744,20730,0.1354361793528752,0.08955959397443744,130,40,62,"[28, 135, 133, 48]",1262
TR1_1638226061,9,Neeko,3,6,5,6,2.4,11466,23,26942,33744,8679,29751,0.14623241884377333,0.16814311315704336,194,49,87,"[226, 96, 38, 74]",1262
TR1_1638226061,10,Samira,5,13,8,2,1.88,14604,18,64164,38985,25823,17032,0.2404999360490341,0.1541198317826639,224,27,93,"[237, 134, 84, 6, 151]",1262
TR1_1638226061,11,Alistar,7,8,3,12,6.67,14006,18,32968,19283,11826,37378,0.12356915913453083,0.076232748399385,225,0,25,"[46, 19, 84, 2, 98]",1262
TR1_1638226061,12,XinZhao,8,0,6,2,0.33,6506,13,14773,18072,7920,18688,0.08018588927620841,0.0900521372262871,68,0,12,"[305, 58, 52]",1262
TR1_1638226061,13,Zilean,1,0,7,8,1.14,10508,18,14321,37969,22884,22349,0.0777305794828724,0.18919517668675323,392,8,47,"[44, 88, 150, 45]",1262
TR1_1638226061,14,Kaisa,1,8,6,0,1.33,11054,18,36514,26392,8377,29800,0.1981838461864491,0.1315101187784937,286,3,51,"[171, 48, 74, 234]",1262
TR1_1638226061,15,Senna,4,3,6,9,2.0,11590,16,29352,30614,27034,13938,0.15930866608996075,0.15254511214689662,134,5,27,"[60, 224, 71, 62]",1262
TR1_1638226061,16,Mel,6,11,7,0,1.57,14002,17,25149,33166,6687,27700,0.09426486207874193,0.1311170271630607,264,107,401,"[205, 234, 65, 241, 180]",1262
TR1_1638221071,1,MasterYi,1,0,7,8,1.14,10000,16,16665,20175,3107,25137,0.048924079605026295,0.058655521879547146,103,0,5,"[107, 251, 165, 195]",1511
TR1_1638221071,2,Kalista,1,9,6,0,1.5,10000,16,13820,18142,2991,8545,0.040570248353432425,0.05274595308230117,80,3,14,"[36, 305, 175, 79]",1511
TR1_1638221071,3,XinZhao,8,1,7,0,0.14,6250,12,11520,24220,10457,19632,0.09821106827599627,0.19664660412675147,143,0,47,"[301, 34, 238]",1511
TR1_1638221071,4,Nocturne,8,1,7,0,0.14,6250,12,10747,10585,3458,10333,0.09162195802545023,0.08593990314834941,73,14,34,"[52, 304, 238]",1511
TR1_1638221071,5,Fizz,4,3,6,6,1.5,10000,15,10642,15685,1307,9749,0.09072797667460082,0.12735439260968834,129,2,26,"[129, 36, 19, 53]",1511
TR1_1638221071,6,Kindred,4,7,5,3,2.0,10500,15,15937,14917,10354,9564,0.13586217186170013,0.12111497409382789,198,8,17,"[52, 223, 58, 115]",1511
TR1_1638221071,7,Mel,7,5,7,3,1.14,11250,15,21523,14724,3370,12432,0.18348595517885563,0.11954947817384107,188,257,556,"[98, 103, 48, 30]",1511
TR1_1638221071,8,Yasuo,2,11,5,9,4.0,25950,18,50229,33987,24954,38659,0.14745409037949883,0.09881190474500479,266,7,61,"[92, 77, 48, 123, 239]",1511
TR1_1638221071,9,TwistedFate,2,12,5,10,4.4,29364,18,60032,40475,12882,26497,0.17623024233291967,0.11767684565425701,358,27,150,"[154, 238, 301, 54, 77]",1511
TR1_1638221071,10,TwistedFate,5,16,7,4,2.86,33635,18,110888,39402,4644,168122,0.325524154254247,0.11455505980054655,407,104,324,"[150, 217, 48, 219, 180]",1511
TR1_1638221071,11,Katarina,6,1,6,2,0.5,7000,13,10916,11960,5444,21747,0.09305599448769497,0.09710878721107354,81,0,53,"[63, 304, 74]",1511
TR1_1638221071,12,Kaisa,7,3,7,5,1.14,11250,15,21159,17200,3751,18353,0.18038020539176997,0.1396531681950244,90,12,82,"[84, 71, 225, 81]",1511
TR1_1638221071,13,Poppy,6,2,7,0,0.29,6500,13,14857,13872,4354,25368,0.12665467010393197,0.11263269244144387,137,0,46,"[89, 304, 16]",1511
TR1_1638221071,14,Malphite,3,10,4,9,4.75,18250,18,36559,92439,33421,158563,0.1073249109224534,0.26875177911062215,177,0,61,"[152, 13, 174, 53, 70]",1511
TR1_1638221071,15,Nidalee,3,11,5,10,4.2,16250,18,27230,81297,37027,53691,0.07993942150030348,0.23636037903254428,704,19,76,"[92, 20, 30, 1, 141]",1511
TR1_1638221071,16,Yuumi,5,4,5,16,4.0,21300,18,25218,18038,24256,25765,0.07403285265211888,0.05244255669517692,285,63,13,"[215, 118, 1, 233, 198]",1511
TR1_1638115697,1,Blitzcrank,1,7,7,11,2.57,21250,18,36910,32479,7019,35914,0.11459915621844342,0.13298207051750463,179,10,23,"[171, 48, 77, 49]",1361
TR1_1638115697,2,Thresh,1,15,4,7,5.5,21270,18,50247,29363,5194,32895,0.15600698986504982,0.12022745514302681,272,7,24,"[240, 48, 90, 93]",1361
TR1_1638115697,3,Vi,2,10,5,2,2.4,12250,16,27682,24331,7154,19482,0.08594927923505212,0.09962198180732469,107,0,32,"[237, 53, 118]",1361
TR1_1638115697,4,Darius,3,2,8,4,0.75,7500,13,14320,23709,1383,16860,0.10447841478347991,0.10876198865152703,61,0,32,"[240, 41]",1361
TR1_1638115697,5,Mel,3,5,6,2,1.17,7500,13,13121,16776,1827,8997,0.0957312826449961,0.07695976042672077,141,72,158,"[205, 30]",1361
TR1_1638115697,6,Gragas,2,4,8,9,1.62,11250,16,21021,25553,4434,20020,0.06526847858492733,0.1046254601236021,265,6,29,"[12, 48, 33]",1361
TR1_1638115697,7,Blitzcrank,6,2,6,2,0.67,8000,14,13139,19319,2233,16652,0.0958623604586441,0.08862187746113757,122,5,24,"[136, 195, 238]",1361
TR1_1638115697,8,Smolder,7,16,7,5,3.0,19760,18,60293,53569,8169,18488,0.1871990031083612,0.21933539848632785,274,15,33,"[7, 195, 238, 120]",1361
TR1_1638115697,9,Jhin,4,3,10,0,0.3,9375,15,25070,46794,918,16539,0.18290057219191808,0.21465843515043298,81,3,13,"[120, 1, 150]",1361
TR1_1638115697,10,Belveth,6,4,6,1,0.83,7000,14,10347,15575,2240,14080,0.0754905755315596,0.07145036021223293,134,0,8,"[181, 81, 77]",1361
TR1_1638115697,11,Shen,4,3,6,3,1.0,10750,15,23116,43525,3223,46752,0.1686496395413559,0.199663118666984,128,0,6,"[22, 81, 116]",1361
TR1_1638115697,12,MasterYi,5,12,6,6,3.0,16000,18,33777,25891,6687,20711,0.10487327497983277,0.10601038914279112,112,0,19,"[87, 225, 107, 170]",1361
TR1_1638115697,13,Qiyana,5,7,7,11,2.57,19500,18,48448,25118,1742,14940,0.15042323335980576,0.10284315889974913,327,18,87,"[39, 88, 211, 311]",1361
TR1_1638115697,14,LeeSin,7,6,4,12,4.5,22750,18,43700,27929,6478,20995,0.13568058464852756,0.11435408587967368,334,15,34,"[46, 310, 223, 7]",1361
TR1_1638115697,15,Akshan,8,6,7,3,1.29,10100,15,18104,23985,2125,10300,0.1320824918178782,0.11002800612895632,131,18,44,"[170, 219, 71]",1361
TR1_1638115697,16,Evelynn,8,3,8,5,1.0,11600,15,19848,28308,3686,14006,0.1448046630301681,0.1298564533020084,337,11,32,"[32, 41, 98]",1361
TR1_1638109241,1,Sett,2,14,5,6,4.0,21006,18,51876,58325,11831,111593,0.129751993533441,0.16676545067476656,186,3,13,"[75, 150, 227, 149]",1366
TR1_1638109241,2,Rammus,2,9,4,12,5.25,24008,18,60857,55886,8805,112130,0.15221514359780672,0.15979038907623253,201,0,5,"[193, 149, 13, 116]",1366
TR1_1638109241,3,Sivir,7,13,4,7,5.0,25508,18,58467,31049,9758,24357,0.1462382290915489,0.08877554701542105,133,28,57,"[195, 74, 92, 238]",1366
TR1_1638109241,4,Pyke,8,0,6,0,0.0,5760,12,6241,14911,2470,10802,0.05601142765633387,0.09207589610103047,70,6,26,"[233, 84]",1366
TR1_1638109241,5,Brand,7,10,6,12,3.67,21010,18,62336,53253,43106,33075,0.15591418918475958,0.15226251825953552,416,22,55,"[45, 238, 84, 103]",1366
TR1_1638109241,6,Xayah,1,11,6,5,2.67,15500,18,64345,39007,12131,22747,0.1609397379764873,0.11153173923032239,193,14,101,"[220, 36, 52, 77]",1366
TR1_1638109241,7,Renata,1,5,6,10,2.5,19006,18,35275,40923,6305,51619,0.08822951215702524,0.11700794132734747,129,25,83,"[219, 192, 217, 180]",1366
TR1_1638109241,8,Malzahar,3,6,6,6,2.0,13000,16,34643,32603,8606,21874,0.08664963775383076,0.09321934193410182,186,0,8,"[219, 215, 133]",1366
TR1_1638109241,9,Volibear,3,8,6,6,2.33,11000,17,32009,38698,7181,51856,0.08006155670510048,0.11064707248227265,246,0,22,"[219, 217, 107]",1366
TR1_1638109241,10,KSante,4,2,5,6,1.6,11262,15,18379,22417,5218,28382,0.1649388961483393,0.138424619028967,181,0,14,"[48, 77, 63]",1366
TR1_1638109241,11,Kalista,4,7,5,2,1.8,9758,15,28921,21701,8155,22285,0.2595456434001417,0.1340055096586181,58,5,20,"[19, 52, 71]",1366
TR1_1638109241,12,Fiora,5,2,7,4,0.86,10133,15,15497,32147,12522,37919,0.13908035715768524,0.19850489165458046,335,3,16,"[19, 152, 20]",1366
TR1_1638109241,13,Fizz,5,4,8,2,0.75,9254,15,17239,27508,3485,20149,0.15471444436538004,0.16986257596065962,151,2,16,"[35, 175, 227]",1366
TR1_1638109241,14,Chogath,6,1,6,0,0.17,6018,12,7819,18686,2342,21659,0.07017102577451571,0.11538909530832386,130,0,3,"[243, 2]",1366
TR1_1638109241,15,Yasuo,6,0,6,1,0.17,6000,12,8136,12583,1508,11274,0.07302233538496045,0.07770048516265689,241,2,5,"[58, 107]",1366
TR1_1638109241,16,Katarina,8,0,6,0,0.0,5752,12,9194,11990,752,8248,0.08251587011264373,0.0740369271251636,51,0,10,"[54, 223]",1366
TR1_1638101022,1,Malzahar,6,24,7,4,4.0,25750,18,96517,72805,34430,77549,0.13432802203734276,0.10508529587338113,643,0,55,"[36, 224, 311, 211]",1897
TR1_1638101022,2,Galio,1,6,6,10,2.67,22004,18,42448,46882,3491,108100,0.059078129589356404,0.06766796802318621,227,58,65,"[68, 233, 34, 180]",1897
TR1_1638101022,3,Trundle,1,11,8,6,2.12,18002,18,77674,84462,56100,76686,0.10810407039078616,0.12191006478693373,302,0,59,"[107, 220, 28, 238]",1897
TR1_1638101022,4,Sona,5,0,4,0,0.0,3504,9,3622,7910,3840,3761,0.018301135876784856,0.033996893112052944,78,0,10,[150],1897
TR1_1638101022,5,Smolder,3,7,9,2,1.0,10254,16,43671,29278,6809,19416,0.22060792102694954,0.12582156095629568,192,27,49,"[65, 166, 305]",1897
TR1_1638101022,6,Alistar,3,2,8,6,1.0,12264,16,23281,45475,13249,59896,0.11760848383945806,0.19542722405658702,106,0,34,"[92, 1, 310]",1897
TR1_1638101022,7,Zac,8,10,6,15,4.17,21070,18,60409,146492,151134,135039,0.08407446632697085,0.21144251152578633,296,32,144,"[24, 41, 136, 149]",1897
TR1_1638101022,8,Pyke,5,0,4,0,0.0,3502,9,4878,9556,1370,6425,0.02464612994259654,0.04106787446324463,52,5,18,[82],1897
TR1_1638101022,9,Warwick,7,7,5,6,2.6,18758,18,31820,36157,16696,44929,0.160739284002554,0.15538380446710276,150,0,22,"[74, 48, 237, 13]",1897
TR1_1638101022,10,Morgana,2,3,8,1,0.5,9262,15,23919,31494,4020,21729,0.12082804655769214,0.13534511478051217,225,8,24,"[154, 45, 120]",1897
TR1_1638101022,11,Rengar,2,1,8,2,0.38,9250,15,11759,19359,4271,14141,0.05940315748282893,0.08319456227147139,151,0,13,"[84, 48, 32]",1897
TR1_1638101022,12,Mordekaiser,7,9,7,6,2.14,15272,18,55006,53465,25313,38125,0.27786584127113595,0.2297629658927334,173,0,14,"[238, 243, 97, 71]",1897
TR1_1638101022,13,Ezreal,4,13,18,6,1.06,37097,18,104481,60026,12464,41480,0.14541152934426615,0.08663948213844157,777,91,198,"[38, 48, 69, 312]",1897
TR1_1638101022,14,Ornn,4,12,7,12,3.43,30882,18,93822,167456,36838,322001,0.13057804173792834,0.24170027831053992,329,28,147,"[152, 216, 226, 2]",1897
TR1_1638101022,15,TwistedFate,6,5,15,19,1.6,40784,18,131344,62827,15650,104330,0.18279807877551849,0.0906832028416327,336,47,158,"[50, 86, 69, 129]",1897
TR1_1638101022,16,Zed,8,17,9,8,2.78,24020,18,111821,51872,22487,38463,0.15562766179783083,0.07487119650009841,586,73,99,"[82, 79, 206, 89]",1897
TR1_1637317849,1,Zac,4,4,5,16,4.0,21022,18,31692,132136,164788,177058,0.05555663671051799,0.22950297323529184,334,22,118,"[181, 49, 216, 37, 57]",1732
TR1_1637317849,2,Sion,4,20,14,4,1.71,25512,18,133119,97804,26060,79730,0.2333560092842619,0.16987279064448305,323,23,139,"[46, 49, 219, 136, 87]",1732
TR1_1637317849,3,Smolder,8,7,9,7,1.56,19750,18,67035,32453,3965,13954,0.11751088807880938,0.05636746135673407,476,27,60,"[204, 49, 58, 80, 7]",1732
TR1_1637317849,4,Talon,1,5,8,6,1.38,10018,15,36529,22770,1804,14327,0.18412301967336475,0.10679880294188308,231,58,207,"[242, 49, 48, 32]",1732
TR1_1637317849,5,Swain,1,6,7,4,1.43,11500,15,22049,44168,23876,22384,0.11113773262694748,0.20715540551126127,221,15,107,"[80, 49, 15, 37]",1732
TR1_1637317849,6,Pyke,3,1,7,8,1.29,14354,17,35251,35649,15805,57719,0.17768007193888272,0.1672018949153702,292,45,137,"[218, 49, 19, 221, 136]",1732
TR1_1637317849,7,Kaisa,3,10,8,1,1.38,10862,17,54882,39629,12252,31180,0.27663021094668355,0.185867074491985,217,6,83,"[51, 49, 115, 240, 251]",1732
TR1_1637317849,8,Annie,6,0,4,0,0.0,3500,9,4530,6547,456,2400,0.022834531032872415,0.030707013060045613,101,0,14,"[310, 49]",1732
TR1_1637317849,9,JarvanIV,2,10,6,21,5.17,21316,18,48586,53721,9016,156818,0.08517163039822404,0.09330715801823683,341,0,49,"[46, 49, 18, 108, 39]",1732
TR1_1637317849,10,Vladimir,2,21,4,9,7.5,21286,18,157427,97897,137676,33578,0.2759663456257274,0.1700341966294251,653,0,30,"[60, 49, 30, 240, 102]",1732
TR1_1637317849,11,Yorick,8,8,5,7,3.0,17500,18,53608,60833,32148,50313,0.09397474789341749,0.10566002143504047,254,7,66,"[305, 49, 193, 138, 56]",1732
TR1_1637317849,12,Katarina,6,0,4,0,0.0,3500,9,6313,9523,891,3707,0.031823133223833476,0.04466676656601593,26,0,22,"[32, 49]",1732
TR1_1637317849,13,Swain,7,6,6,7,2.17,13312,18,41335,65369,37862,24694,0.07246100278995957,0.11353854676157311,474,53,264,"[42, 49, 135, 28, 222]",1732
TR1_1637317849,14,Belveth,7,8,9,5,1.44,11750,17,37651,35533,15370,25086,0.06600273921908222,0.06171685191921554,166,0,85,"[73, 49, 225, 242, 22]",1732
TR1_1637317849,15,Varus,5,0,10,3,0.3,10504,14,20581,21373,2401,12256,0.10374103725015282,0.10024325109096847,143,16,181,"[87, 49, 62, 229]",1732
TR1_1637317849,16,Amumu,5,4,6,0,0.67,6760,14,18258,33551,3983,59209,0.09203026330726277,0.1573597914224704,141,7,99,"[310, 49, 41, 39]",1732
TR1_1637313156,1,Rengar,5,7,6,5,2.0,11000,17,47792,95228,75724,202857,0.09776804488074937,0.1975207271337627,813,0,20,"[217, 1, 63, 15]",1643
TR1_1637313156,2,Udyr,7,5,8,4,1.12,10500,15,38671,25639,4062,21289,0.1708789017885864,0.1045199955075275,135,0,7,"[29, 115, 92]",1643
TR1_1637313156,3,Twitch,2,11,7,6,2.43,22010,18,77756,31607,5096,21062,0.15906535868523455,0.06555937923276234,114,1,17,"[129, 54, 36, 79]",1643
TR1_1637313156,4,Pantheon,2,12,7,9,3.0,22000,18,67914,53842,24530,82012,0.1389311784431455,0.11168031401360631,228,0,24,"[74, 27, 151, 19]",1643
TR1_1637313156,5,Kaisa,1,10,7,7,2.43,24750,18,59214,48971,37632,51924,0.12113490881094613,0.1015768002234741,252,31,102,"[129, 115, 231, 220]",1643
TR1_1637313156,6,Yasuo,1,10,6,8,3.0,21010,18,68087,75540,24378,75442,0.1392860255340634,0.1566858552905431,486,57,83,"[52, 79, 23, 58]",1643
TR1_1637313156,7,Gangplank,5,7,8,4,1.38,13944,17,45921,32393,11579,30452,0.09394125641697006,0.06719095336012172,356,0,18,"[47, 234, 20, 228]",1643
TR1_1637313156,8,Thresh,4,7,6,6,2.17,10250,15,26690,51385,16821,88753,0.11793932688663228,0.20947447673850064,226,17,65,"[67, 233, 180]",1643
TR1_1637313156,9,Yunara,4,6,9,7,1.44,11770,15,39681,29429,10645,17752,0.17534094231539035,0.11996919952442724,142,19,50,"[77, 54, 50]",1643
TR1_1637313156,10,Camille,7,6,7,5,1.57,10250,15,37695,44504,18210,61929,0.16656490666694745,0.1814256166890672,190,1,20,"[23, 125, 227]",1643
TR1_1637313156,11,Rell,8,3,6,1,0.67,6280,12,10240,22867,2337,36901,0.045250625254285824,0.09322102587326256,133,0,9,"[152, 18]",1643
TR1_1637313156,12,Blitzcrank,6,14,5,7,4.2,21760,18,65090,83659,19226,203573,0.13315555978331234,0.17352489099727372,255,12,38,"[13, 243, 103, 193]",1643
TR1_1637313156,13,Riven,8,1,8,3,0.5,6250,12,12909,15594,1053,11675,0.05704486173205141,0.06357011019121656,209,1,8,"[98, 19]",1643
TR1_1637313156,14,Rakan,3,1,7,6,1.0,9500,15,14650,25988,14576,54420,0.06473479092696735,0.10594472968976701,294,22,85,"[198, 1, 103]",1643
TR1_1637313156,15,Graves,3,6,9,1,0.78,9645,15,45769,29896,4040,35808,0.20224564442913895,0.12187484578623134,135,43,105,"[36, 224, 84]",1643
TR1_1637313156,16,Singed,6,8,8,13,2.62,21270,18,57055,60872,29198,107400,0.11671766744557864,0.12626107974845602,240,0,41,"[151, 54, 133, 45]",1643
TR1_1636994177,1,Briar,1,1,7,5,0.86,12595,16,30755,43725,49413,53672,0.1660390570404394,0.2118885374770273,203,11,132,"[29, 58, 118]",1449
TR1_1636994177,2,Azir,1,9,7,1,1.43,12510,16,38435,24670,3796,18378,0.20750518336859877,0.1195498364017002,326,110,206,"[133, 54, 90]",1449
TR1_1636994177,3,Gwen,6,13,10,5,1.8,20006,18,68995,56197,21630,66284,0.14811932805938194,0.12394216071727773,208,49,238,"[129, 54, 90, 312]",1449
TR1_1636994177,4,Quinn,5,9,6,7,2.67,16581,18,46406,31707,20641,22366,0.09962436549406738,0.06993006773108333,157,12,29,"[151, 243, 92, 238]",1449
TR1_1636994177,5,Ashe,4,3,8,5,1.0,9760,14,16773,19011,1788,10956,0.090554239326499,0.09212837892770838,102,27,275,"[113, 86, 36]",1449
TR1_1636994177,6,Lucian,4,5,8,3,1.0,10432,14,30540,20745,5078,16281,0.16487799386225133,0.10052924480152117,137,9,47,"[52, 48, 67]",1449
TR1_1636994177,7,Malzahar,2,5,7,1,0.86,11545,15,30067,20831,926,26464,0.1623260210299403,0.10094637773339053,273,30,44,"[180, 135, 211]",1449
TR1_1636994177,8,Shen,2,2,6,5,1.17,11500,15,19228,42483,9370,88844,0.10381118682453107,0.20586818667497986,114,0,122,"[33, 123, 74]",1449
TR1_1636994177,9,Yasuo,7,20,6,3,3.83,24609,18,97658,41751,22023,92818,0.20965248611053308,0.09208251940619698,224,8,132,"[116, 224, 71, 217]",1449
TR1_1636994177,10,Shaco,6,5,5,11,3.2,20028,18,48518,113257,52993,96238,0.10415850074320264,0.24978852357234776,377,0,134,"[2, 45, 150, 74]",1449
TR1_1636994177,11,Syndra,8,16,7,3,2.71,20812,18,57898,38673,8551,45630,0.12429552649381063,0.08529460583794132,386,82,883,"[98, 234, 89, 223]",1449
TR1_1636994177,12,Camille,3,1,6,1,0.33,8000,12,10785,22190,8426,20681,0.05822626605663822,0.10753012726108375,120,1,32,"[20, 19]",1449
TR1_1636994177,13,AurelionSol,3,1,6,0,0.17,8024,12,8642,12703,1095,6616,0.04666005249110195,0.0615593107225888,79,0,8,"[65, 156]",1449
TR1_1636994177,14,JarvanIV,7,5,7,16,3.0,20595,18,43559,55091,12034,91282,0.09351181511936413,0.12150316094341401,212,0,67,"[5, 219, 217, 16]",1449
TR1_1636994177,15,Rammus,8,3,7,13,2.29,17845,18,55133,81271,16036,126690,0.11836047161406693,0.17924423891258193,199,0,343,"[92, 194, 77, 223]",1449
TR1_1636994177,16,Samira,5,9,5,8,3.4,16534,18,47642,35463,15513,40857,0.10227750636557328,0.07821472287915694,103,9,31,"[211, 48, 250, 239]",1449
TR1_1636983617,1,Rell,1,4,11,16,1.82,10750,17,43933,85791,59768,206303,0.08808903968726502,0.1834557438263022,338,0,84,"[216, 177, 49, 133, 23]",1499
TR1_1636983617,2,Renekton,1,18,12,4,1.83,13261,17,81032,108172,86530,117973,0.16247381344847706,0.23131575344976266,220,0,103,"[220, 177, 171, 67, 20]",1499
TR1_1636983617,3,Mel,2,16,10,4,2.0,11750,23,69147,39355,27038,36287,0.29877889247297434,0.14209496480061165,238,259,393,"[96, 177, 205, 133]",1499
TR1_1636983617,4,Renekton,2,6,10,12,1.8,11760,16,49506,80110,57540,92206,0.21391216661547682,0.289244121913032,248,0,204,"[41, 177, 187, 63]",1499
TR1_1636983617,5,Chogath,3,2,7,1,0.43,8000,13,17150,31190,20817,46730,0.07410488524534216,0.11261527210587334,164,0,35,"[234, 177, 205]",1499
TR1_1636983617,6,Milio,3,1,8,2,0.38,6500,13,14746,22466,27423,24379,0.06371633490550856,0.08111799118689707,196,16,40,"[219, 177, 237]",1499
TR1_1636983617,7,Aphelios,6,2,12,2,0.33,6500,12,22146,18143,15055,9798,0.09569373455834036,0.06551025504683188,78,22,32,"[225, 177, 138]",1499
TR1_1636983617,8,Blitzcrank,5,4,9,21,2.78,16650,18,60385,43135,34042,51910,0.12107574934026188,0.09224002665246146,379,92,270,"[30, 177, 97, 149, 129]",1499
TR1_1636983617,9,Graves,5,22,5,3,5.0,18913,18,83034,55663,48601,67492,0.1664888771272811,0.11903003056272318,168,56,181,"[134, 177, 17, 84, 74]",1499
TR1_1636983617,10,LeeSin,7,5,9,4,1.0,9510,15,25916,29339,23709,26087,0.11198444864244035,0.1059332791356033,261,13,24,"[310, 177, 242, 175]",1499
TR1_1636983617,11,XinZhao,8,15,5,8,4.6,11260,17,55100,43546,36300,56399,0.11047940768239724,0.09311897516728206,219,0,64,"[58, 177, 308, 84, 16]",1499
TR1_1636983617,12,Rengar,7,4,10,5,0.9,9513,15,19532,35456,35407,34208,0.08439955286015585,0.1280202586294164,258,0,7,"[195, 177, 73, 312]",1499
TR1_1636983617,13,Amumu,8,8,11,13,1.91,11260,17,60159,44429,36171,51122,0.12062221488009392,0.09500789085668679,268,22,68,"[45, 177, 56, 2, 5]",1499
TR1_1636983617,14,Amumu,6,2,6,2,0.67,6500,12,13286,20900,10667,27331,0.05740998469976154,0.07546385718173435,81,9,44,"[224, 177, 136]",1499
TR1_1636983617,15,Maokai,4,7,3,17,8.0,16000,18,37981,52815,38275,70728,0.07615571672487936,0.11294121713553332,158,11,100,"[62, 177, 110, 67, 64]",1499
TR1_1636983617,16,Kalista,4,18,6,5,3.83,19520,18,77112,34086,19773,26699,0.15461518110934439,0.07289036234924835,99,8,73,"[19, 177, 22, 89, 107]",1499
TR1_1636051107,1,Kayn,2,16,3,10,8.67,20500,18,111852,50507,26118,89250,0.20661736614546117,0.09178789634322429,388,0,108,"[227, 63, 211, 175]",1533
TR1_1636051107,2,Zed,2,11,11,12,2.09,17000,18,84877,37087,18303,33970,0.1567882229629307,0.06739954542101287,399,24,92,"[16, 211, 68, 84]",1533
TR1_1636051107,3,TwistedFate,7,5,12,10,1.25,13670,17,45951,38771,10332,23343,0.08488334083153318,0.07045928867622753,241,22,91,"[36, 129, 98, 312]",1533
TR1_1636051107,4,Leona,3,3,7,9,1.71,10000,15,22686,42541,15956,66689,0.07777870469493689,0.131963036659322,257,22,107,"[67, 36, 72]",1533
TR1_1636051107,5,Khazix,3,11,7,2,1.86,10000,15,42157,24808,9617,17675,0.1445305942463675,0.07695666559575509,392,23,92,"[16, 154, 89]",1533
TR1_1636051107,6,Poppy,8,4,6,8,2.0,11000,16,49634,64789,35000,131784,0.17016462090038098,0.2009768778339988,202,0,110,"[2, 33, 20]",1533
TR1_1636051107,7,Irelia,6,6,9,2,0.89,10100,15,52131,43854,22271,54872,0.17872550085491787,0.1360363296634679,226,35,206,"[52, 151, 90]",1533
TR1_1636051107,8,Vayne,8,9,13,1,0.77,11750,16,51677,40611,13452,28416,0.17717033347814734,0.125976522196357,313,34,99,"[74, 236, 103]",1533
TR1_1636051107,9,Varus,1,5,6,5,1.67,11000,17,45159,25226,6036,14288,0.08341956560811702,0.0458453775506107,155,26,449,"[47, 52, 71, 312]",1533
TR1_1636051107,10,Katarina,1,7,6,4,1.83,13250,17,25875,24567,5343,15453,0.04779731063539118,0.0446477873235478,152,6,134,"[217, 65, 227, 103]",1533
TR1_1636051107,11,DrMundo,7,12,5,5,3.4,11000,17,75705,122604,45107,149356,0.1398467374132048,0.22281203763139837,360,44,171,"[13, 64, 175, 301]",1533
TR1_1636051107,12,Aatrox,4,13,9,7,2.22,20125,18,77940,106461,79228,132342,0.14397399502561906,0.1934740905481316,471,29,124,"[154, 116, 238, 77]",1533
TR1_1636051107,13,Zac,4,8,8,11,2.38,16750,18,73988,145034,167858,211598,0.13667346137774292,0.26357397650584685,406,43,263,"[152, 149, 21, 13]",1533
TR1_1636051107,14,Gnar,5,3,6,6,1.5,10000,15,23378,49570,5677,32147,0.08014994456570758,0.15376738041142052,170,0,32,"[64, 67, 82]",1533
TR1_1636051107,15,Zed,5,7,8,2,1.12,10000,15,33835,22143,6133,14076,0.11599967563070257,0.06868822977056149,358,0,19,"[84, 68, 2]",1533
TR1_1636051107,16,Pyke,6,2,7,4,0.86,11850,15,16182,34053,15631,64873,0.055480625628839236,0.10563495786911715,163,27,134,"[63, 82, 70]",1533
TR1_1635203968,1,Briar,6,11,5,11,4.4,23650,18,84204,65687,72318,98816,0.159525299413981,0.1329678374786514,240,17,47,"[51, 60, 195, 103]",1461
TR1_1635203968,2,Sylas,8,11,3,11,7.33,30400,18,84144,46556,22050,69502,0.1594109635538794,0.0942409337007227,281,135,331,"[214, 205, 45, 116]",1461
TR1_1635203968,3,Chogath,8,17,5,9,5.2,21300,18,89091,139609,30313,100429,0.16878277429104385,0.2826042165570925,230,1,92,"[310, 181, 78, 149]",1461
TR1_1635203968,4,Chogath,7,5,10,3,0.8,9750,15,37817,71564,8380,61235,0.16624205247599744,0.25454434012992216,158,0,76,"[97, 44, 41]",1461
TR1_1635203968,5,Hecarim,5,10,8,7,2.12,14050,18,42433,81237,32873,89508,0.08039024627344835,0.16444496909713008,379,12,182,"[310, 57, 18, 67]",1461
TR1_1635203968,6,Ashe,5,7,9,10,1.89,14810,18,63688,41552,11972,23723,0.12065731589767463,0.08411313194909525,125,28,319,"[9, 187, 225, 52]",1461
TR1_1635203968,7,Lulu,1,2,6,7,1.5,7500,14,8845,21876,11399,34816,0.038882663869947855,0.07781086516676969,231,24,64,"[37, 44, 35]",1461
TR1_1635203968,8,Katarina,1,7,10,2,0.9,7500,14,38217,41983,4982,28906,0.16800157960436954,0.149329219596114,101,0,105,"[34, 120, 11]",1461
TR1_1635203968,9,Kayle,3,8,5,4,2.4,11000,16,34628,26224,8803,14523,0.15222174578522288,0.09327674804999125,214,144,282,"[305, 34, 53]",1461
TR1_1635203968,10,Syndra,2,8,11,5,1.18,10750,17,45753,37542,10355,30797,0.08668030966058315,0.07599622265880783,422,5,466,"[171, 222, 30, 223]",1461
TR1_1635203968,11,XinZhao,3,4,7,8,1.71,10500,16,40476,34487,11342,34686,0.17793078138107674,0.12266523713455399,119,0,125,"[237, 170, 6]",1461
TR1_1635203968,12,Alistar,2,6,9,7,1.44,11750,17,33792,45789,8973,116672,0.06401991903851845,0.0926900357266286,131,0,322,"[40, 308, 18, 92]",1461
TR1_1635203968,13,Camille,4,2,6,0,0.33,6000,12,11655,14920,2638,18850,0.0512347441871377,0.0530704557400204,106,1,19,"[240, 22]",1461
TR1_1635203968,14,Gangplank,4,0,8,1,0.12,6189,12,8612,15120,2708,9425,0.03786133863142152,0.05378206904328464,81,0,17,"[222, 237]",1461
TR1_1635203968,15,Sion,7,7,8,5,1.5,9760,15,47231,54970,4779,90126,0.20762509406482632,0.19552106513934386,145,15,97,"[102, 80, 243]",1461
TR1_1635203968,16,Kayn,6,13,8,7,2.5,19775,18,84736,36034,8022,26751,0.16053317187087116,0.07294265283187161,224,0,12,"[108, 17, 48, 211]",1461
TR1_1635196054,1,Aphelios,8,17,7,3,2.86,18890,18,78056,35967,10239,24489,0.19648752203431225,0.10513166444836616,154,40,93,"[116, 301, 243, 34]",1438
TR1_1635196054,2,Leona,8,3,7,13,2.29,16300,18,20189,55514,13649,68890,0.05082094705861828,0.16226763264596483,137,15,86,"[94, 13, 78, 310]",1438
TR1_1635196054,3,Pyke,5,7,6,5,2.0,12605,15,22367,35163,18622,32005,0.0873829087457778,0.11070202938571795,135,12,65,"[312, 82, 48]",1438
TR1_1635196054,4,Zyra,7,8,9,11,2.11,18000,18,47917,47468,10718,33014,0.12061892148967386,0.13874968142461352,360,13,94,"[113, 301, 41, 28]",1438
TR1_1635196054,5,Nautilus,3,8,6,5,2.17,13048,16,36547,31488,2381,100848,0.14278265301548898,0.09913351161958099,145,16,61,"[241, 175, 35]",1438
TR1_1635196054,6,Jinx,3,5,7,7,1.71,13345,16,43095,27497,10954,10954,0.16836137415069988,0.08656753779128888,156,10,58,"[47, 154, 81]",1438
TR1_1635196054,7,Heimerdinger,7,11,7,6,2.43,23000,18,58485,39454,4854,34177,0.14722221756520992,0.11532456964477274,392,54,183,"[154, 239, 194, 97]",1438
TR1_1635196054,8,Morgana,6,10,6,11,3.5,20521,18,56531,35905,14106,29911,0.14230299007836286,0.10495280208810759,321,76,192,"[68, 103, 195, 26]",1438
TR1_1635196054,9,Vayne,6,13,11,5,1.64,22138,18,53335,32014,3577,13268,0.1342588587243359,0.09357730440915642,203,44,108,"[227, 107, 220, 51]",1438
TR1_1635196054,10,JarvanIV,2,2,7,13,2.14,18518,18,27945,44817,7084,52507,0.07034523428536502,0.13100050534753926,173,0,59,"[24, 223, 75, 85]",1438
TR1_1635196054,11,Graves,2,14,7,2,2.29,17814,18,54799,50973,21348,34128,0.1379433087641219,0.14899583999147947,113,16,88,"[238, 309, 53, 102]",1438
TR1_1635196054,12,Sona,4,4,7,3,1.0,11336,15,31575,53090,35943,72373,0.12335561925014503,0.16713973857191763,359,6,58,"[198, 65, 30]",1438
TR1_1635196054,13,Soraka,4,3,8,4,0.88,11280,15,10690,44045,35239,25272,0.04176681589480932,0.138665847638276,220,18,82,"[65, 175, 35]",1438
TR1_1635196054,14,Yone,5,8,11,5,1.18,13324,15,43059,31950,19534,42016,0.168221387402209,0.10058577439303433,156,5,62,"[92, 47, 177]",1438
TR1_1635196054,15,Sett,1,6,7,3,1.29,12008,15,43389,65833,22897,52658,0.1695107976664073,0.20725931548718432,116,0,48,"[152, 64, 53]",1438
TR1_1635196054,16,Ahri,1,3,9,2,0.56,11758,15,25243,28570,3991,12058,0.09861844387446267,0.08994624511299994,232,57,69,"[84, 133, 19]",1438
TR1_1634987825,1,Maokai,5,1,6,3,0.67,7520,13,14452,21760,8886,21060,0.0800368691766431,0.1016657702248761,112,4,115,"[45, 304, 218]",1390
TR1_1634987825,2,Jinx,1,12,8,4,2.0,19045,18,35833,20869,3532,9306,0.11607941206639028,0.0734482038161809,102,7,73,"[225, 51, 22, 195, 170]",1390
TR1_1634987825,3,Brand,1,5,7,11,2.29,21000,18,35676,27245,15124,12871,0.11556988924351083,0.09588474702765962,301,86,154,"[219, 305, 105, 45, 237]",1390
TR1_1634987825,4,Ahri,8,10,7,8,2.57,16510,18,34131,35666,13763,20714,0.11056699668348297,0.1255209235793252,274,99,193,"[19, 138, 98, 242, 60]",1390
TR1_1634987825,5,Leblanc,6,2,7,5,1.0,10250,15,10446,19897,2141,11377,0.05785307811034194,0.09296128591500433,206,6,27,"[48, 207, 25, 80]",1390
TR1_1634987825,6,Tristana,7,10,8,4,1.75,11780,17,39935,47134,11573,25059,0.12936600484883107,0.16588341737855775,165,0,12,"[81, 170, 80, 79, 240]",1390
TR1_1634987825,7,Sona,7,5,5,10,3.0,11760,17,33556,39365,56850,55623,0.10870166938890491,0.13854080304316976,459,11,22,"[234, 105, 222, 48, 76]",1390
TR1_1634987825,8,Braum,4,5,6,13,3.0,11270,16,14343,50375,14248,71350,0.07943439068255866,0.23535861651718554,106,16,163,"[41, 102, 85, 66]",1390
TR1_1634987825,9,Varus,4,13,12,4,1.42,11250,16,42280,24277,4201,16758,0.23414303487231708,0.11342450470134846,128,25,233,"[156, 22, 69, 88]",1390
TR1_1634987825,10,Shen,5,3,7,1,0.57,7010,13,16688,23913,4883,30994,0.09241932379883612,0.11172694876123175,100,0,63,"[216, 304, 136]",1390
TR1_1634987825,11,Udyr,6,8,7,2,1.43,10250,15,30309,19706,2785,23385,0.1678484544557858,0.09207043177207128,101,0,14,"[193, 102, 92, 205]",1390
TR1_1634987825,12,Kled,8,8,8,6,1.75,15000,18,37244,42470,12555,48662,0.12064971764924244,0.1494683273239756,124,32,188,"[224, 46, 60, 53, 32]",1390
TR1_1634987825,13,Ryze,2,11,5,10,4.2,18270,18,49914,42259,23034,36359,0.16169273893407562,0.1487264760576003,351,22,49,"[219, 311, 97, 136, 46]",1390
TR1_1634987825,14,Jhin,2,11,6,8,3.17,17400,18,42407,29132,11906,21617,0.1373735711855619,0.10252710177353085,93,2,23,"[195, 49, 138, 220, 242]",1390
TR1_1634987825,15,Camille,3,2,10,5,0.7,11500,15,17134,26553,14344,38178,0.09489105235096974,0.12406199266604367,144,1,37,"[11, 222, 251, 58]",1390
TR1_1634987825,16,Gangplank,3,8,6,2,1.67,11294,15,34918,27553,6625,17829,0.19337379655254758,0.12873044944223885,233,0,26,"[195, 32, 120, 48]",1390
TR1_1634915383,1,Vayne,1,6,10,3,0.9,11384,15,20392,21765,6143,12529,0.20176055786877925,0.17188103861881998,77,17,33,"[87, 81, 92]",1302
TR1_1634915383,2,Shen,1,3,5,6,1.8,10999,15,24794,33530,3418,47396,0.24531472199027718,0.2647848176772104,102,0,11,"[181, 18, 36]",1302
TR1_1634915383,3,FiddleSticks,7,6,6,11,2.83,18500,18,54088,58819,26055,48537,0.17387969097292885,0.19920667347180943,217,0,68,"[56, 45, 149, 223]",1302
TR1_1634915383,4,Twitch,8,7,5,8,3.0,13499,15,26382,21518,4694,13527,0.08481270943135634,0.0728783309755979,70,1,34,"[251, 195, 118]",1302
TR1_1634915383,5,XinZhao,6,1,5,1,0.4,4110,11,7640,9577,2259,6893,0.07559383996056301,0.0756287335449294,45,0,21,"[85, 195]",1302
TR1_1634915383,6,Warwick,8,8,5,6,2.8,13499,15,20674,30536,13378,39536,0.06646274214271304,0.10341968842410607,72,0,35,"[226, 81, 71]",1302
TR1_1634915383,7,Nunu,7,11,5,5,3.2,20509,18,35878,44381,24046,75452,0.11534045215033878,0.15030828497986295,321,119,228,"[136, 219, 149, 215]",1302
TR1_1634915383,8,Briar,5,1,5,4,1.0,4250,11,5742,12479,6808,13101,0.0568206592787367,0.0985485779923257,66,9,34,"[218, 219]",1302
TR1_1634915383,9,Zed,5,5,5,1,1.2,4250,11,15062,9466,1752,5389,0.14903299369622658,0.07475269268297009,142,28,56,"[206, 6]",1302
TR1_1634915383,10,Lulu,2,3,4,4,1.75,4250,11,5964,12033,1903,9972,0.05901525014217839,0.09502616096197228,111,36,44,"[251, 88]",1302
TR1_1634915383,11,Irelia,2,4,5,3,1.4,4250,11,15705,17798,3968,15649,0.15539420855188288,0.14055380382257163,101,11,62,"[46, 19]",1302
TR1_1634915383,12,Pyke,6,1,4,1,0.5,4100,11,5767,9981,2234,9216,0.05706776851135601,0.07882417469920051,71,7,22,"[46, 41]",1302
TR1_1634915383,13,Pyke,3,4,6,9,2.17,18850,18,19828,31287,9309,40981,0.06374408545292853,0.10596355686565039,157,0,67,"[171, 18, 33, 63]",1302
TR1_1634915383,14,Gangplank,3,9,6,4,2.17,19697,18,55364,32129,14043,20276,0.17798189024751504,0.10881564050123735,213,0,42,"[32, 48, 77, 47]",1302
TR1_1634915383,15,FiddleSticks,4,7,11,14,1.91,22509,18,41127,50061,40835,34998,0.1322143711115158,0.1695447893431668,172,0,81,"[97, 243, 236, 103]",1302
TR1_1634915383,16,Lux,4,14,3,7,7.0,19009,18,57722,26533,5025,89239,0.1855640584907036,0.08986303543856912,364,35,167,"[97, 135, 103, 180]",1302
TR1_1634904838,1,Pantheon,1,13,5,6,3.8,19260,18,56393,30987,4247,21993,0.16075375919393142,0.10561553906111225,139,0,10,"[84, 48, 151, 34]",1372
TR1_1634904838,2,Riven,1,6,5,17,4.6,17213,18,33218,25641,4019,23832,0.09469050016544746,0.08739336579209572,227,1,16,"[38, 27, 52, 206]",1372
TR1_1634904838,3,Gangplank,4,2,10,3,0.5,7478,13,14950,26980,5774,15130,0.09995729916036918,0.12932559043590477,159,0,3,"[23, 75]",1372
TR1_1634904838,4,Sivir,2,1,6,2,0.5,6782,13,18804,14461,1964,6866,0.12572958258657685,0.06932059757615482,91,12,23,"[217, 195]",1372
TR1_1634904838,5,Hwei,2,2,6,1,0.5,6760,13,12639,15662,1059,5657,0.08450524826481277,0.0750776089357463,121,3,9,"[215, 30]",1372
TR1_1634904838,6,Sett,8,7,5,12,3.8,22760,18,48372,54089,7239,60034,0.13788848704508747,0.18435579482211475,133,0,13,"[165, 234, 13, 32]",1372
TR1_1634904838,7,Fizz,6,6,5,8,2.8,11030,17,30582,28256,4154,25480,0.20447184002735924,0.13544356858207215,186,1,18,"[63, 30, 84, 205]",1372
TR1_1634904838,8,Darius,7,5,5,7,2.4,10500,17,19290,48031,9412,75318,0.05498881547527094,0.16370566488916471,189,0,14,"[150, 41, 36, 39]",1372
TR1_1634904838,9,Ambessa,4,3,6,2,0.83,7784,13,15318,19757,3858,32745,0.10242186738471686,0.09470318677083807,171,0,0,"[63, 19]",1372
TR1_1634904838,10,Naafiri,8,15,7,7,3.14,21750,18,59619,32180,9101,21664,0.16995092674492485,0.10968310488745628,207,0,33,"[238, 310, 68, 187]",1372
TR1_1634904838,11,Yunara,7,7,8,6,1.62,11524,17,35662,27100,23087,12291,0.10165904168568465,0.0923667996542364,131,5,19,"[92, 177, 151, 240]",1372
TR1_1634904838,12,Vi,6,9,6,8,2.83,12020,17,29238,25662,3907,17608,0.1954896659482478,0.12300804207487245,87,0,8,"[52, 219, 217, 138]",1372
TR1_1634904838,13,Trundle,5,8,6,2,1.67,10530,15,22978,41925,6405,32932,0.15363140381111082,0.20096599866816817,144,0,23,"[238, 234, 241]",1372
TR1_1634904838,14,Soraka,5,1,6,8,1.5,9509,15,5054,35915,43207,27526,0.0337930928168065,0.17215540695624326,137,12,46,"[241, 78, 5]",1372
TR1_1634904838,15,Camille,3,8,9,7,1.67,18019,18,44632,43961,10360,47369,0.12722699265704776,0.14983579211356401,201,3,31,"[71, 6, 92, 120]",1372
TR1_1634904838,16,Gragas,3,8,6,7,2.5,18347,18,53617,31406,10952,42892,0.15284147703260545,0.10704393878025588,418,8,53,"[98, 1, 180, 26]",1372
TR1_1633813572,1,Sejuani,8,4,4,18,5.5,21010,18,42664,158371,80321,241741,0.08165963698068089,0.2597342695124701,166,10,124,"[60, 40, 42, 13, 67]",1724
TR1_1633813572,2,Shaco,5,7,6,8,2.5,13535,18,47788,31495,7976,28616,0.09146508979440365,0.05165343658261942,304,9,86,"[7, 40, 105, 236, 239]",1724
TR1_1633813572,3,Shaco,6,5,7,1,0.86,7520,13,12202,14271,1031,10359,0.07343922026008669,0.09358844036627098,117,0,22,"[32, 40, 240]",1724
TR1_1633813572,4,Pyke,3,5,5,7,2.4,11460,17,15484,41600,21904,42348,0.029636330864318206,0.06822573626801905,243,13,79,"[73, 40, 57, 113, 150]",1724
TR1_1633813572,5,Vladimir,3,7,7,5,1.71,12225,17,63943,56497,55957,34734,0.12238712515507909,0.09265869714482884,302,0,84,"[305, 40, 171, 223, 133]",1724
TR1_1633813572,6,MasterYi,2,9,8,8,2.12,13305,16,44832,26946,8548,31729,0.26982046856062675,0.17670373444468082,123,0,2,"[34, 40, 251, 151]",1724
TR1_1633813572,7,Malphite,2,10,5,8,3.6,11795,16,27209,23299,7220,33589,0.16375409196450824,0.15278955539728895,161,0,1,"[10, 40, 97, 92]",1724
TR1_1633813572,8,Zed,4,4,6,3,1.17,11490,15,23910,22099,5275,12663,0.14389911626761176,0.14491724818632984,225,31,44,"[221, 40, 237, 77]",1724
TR1_1633813572,9,AurelionSol,4,3,10,3,0.6,14325,15,18542,29430,2199,15636,0.11159762736659667,0.19299391208899822,104,0,44,"[204, 40, 138, 227]",1724
TR1_1633813572,10,Yasuo,7,14,9,3,1.89,18210,18,205082,55968,20502,76908,0.39252246430615295,0.09179088704257687,230,10,65,"[22, 40, 7, 92, 107]",1724
TR1_1633813572,11,Lulu,7,3,6,14,2.83,18000,18,14667,48297,25403,66110,0.028073829106181773,0.07921039530925128,288,32,53,"[311, 40, 172, 150, 141]",1724
TR1_1633813572,12,MissFortune,5,8,10,5,1.3,17275,18,54903,33067,5824,18615,0.10508415057308995,0.054231295768578505,162,91,565,"[49, 40, 170, 71, 29]",1724
TR1_1633813572,13,Sion,8,19,9,4,2.56,18735,18,77938,184444,15570,287688,0.14917137322009352,0.30249528237165596,284,20,126,"[308, 40, 44, 227, 301]",1724
TR1_1633813572,14,Talon,6,1,8,5,0.75,7030,13,23371,22621,7066,24005,0.14065751133152055,0.1483432714892798,128,52,99,"[138, 40, 9]",1724
TR1_1633813572,15,Pantheon,1,2,2,3,2.5,4000,9,8478,7013,634,5621,0.0510238664784087,0.04598942605592455,62,3,15,"[237, 40]",1724
TR1_1633813572,16,Vayne,1,3,4,1,1.0,4000,9,7611,6812,1056,4152,0.04580809777064064,0.04467441197122683,33,12,23,"[226, 40]",1724
TR1_1633806356,1,DrMundo,8,11,4,12,5.75,18770,18,85125,156232,44586,183068,0.18217052935941372,0.34974446740201,284,27,126,"[310, 216, 64, 86, 67]",1533
TR1_1633806356,2,Quinn,6,9,10,5,1.4,13500,17,50536,22200,5303,14343,0.24579157945225438,0.09300297709984437,79,12,21,"[80, 115, 239, 81, 36]",1533
TR1_1633806356,3,Caitlyn,4,6,9,3,1.0,9750,15,19144,22237,10832,14442,0.09311259000097026,0.09315852062739141,202,22,113,"[138, 1, 151, 58]",1533
TR1_1633806356,4,Sejuani,4,3,6,4,1.17,9750,15,30650,31768,10298,76783,0.14907606283537608,0.13308668324603026,176,6,44,"[80, 11, 13, 41]",1533
TR1_1633806356,5,Darius,1,6,7,1,1.0,7500,13,18685,18236,9180,25703,0.09088085794872311,0.07639704863970476,87,0,36,"[46, 304, 125]",1533
TR1_1633806356,6,Zed,1,1,7,4,0.71,7500,13,8516,8652,1539,5455,0.041421387659993675,0.03624714035351975,185,9,23,"[105, 304, 79]",1533
TR1_1633806356,7,MissFortune,5,11,8,5,2.0,25640,18,47304,23490,7069,27520,0.10123170810843984,0.05258648368231448,152,40,529,"[172, 220, 74, 11, 71]",1533
TR1_1633806356,8,Teemo,7,8,11,6,1.27,11025,17,45238,37724,11644,34785,0.09681005281962635,0.08444995485092108,176,0,20,"[205, 45, 180, 84, 71]",1533
TR1_1633806356,9,Briar,5,6,7,9,2.14,18300,18,45568,49788,52977,78164,0.09751719265169013,0.11145679187259477,196,3,178,"[17, 208, 52, 193, 150]",1533
TR1_1633806356,10,Neeko,8,14,10,8,2.2,22960,18,59529,26357,2217,55014,0.12739440227792953,0.05900444176797185,281,148,224,"[97, 86, 180, 54, 116]",1533
TR1_1633806356,11,Pantheon,2,4,7,2,0.86,9750,15,25036,29559,14154,32630,0.12176766477641443,0.12383487076914343,99,0,6,"[237, 243, 82, 62]",1533
TR1_1633806356,12,Kassadin,2,6,8,3,1.12,9750,16,24675,21726,6149,27487,0.12001211662318208,0.0910167983491407,280,0,9,"[226, 45, 92, 35]",1533
TR1_1633806356,13,Sion,7,7,5,7,2.8,12000,17,62504,89654,23741,214387,0.1337602323369644,0.2007013640940625,163,11,59,"[204, 41, 64, 48, 67]",1533
TR1_1633806356,14,Rakan,3,3,6,14,2.83,18250,18,10241,28444,15796,57617,0.021917976398058685,0.06367661273251903,329,9,26,"[40, 19, 141, 27, 223]",1533
TR1_1633806356,15,Jax,3,17,8,3,2.5,22275,18,111774,35012,17676,68159,0.23919790604787733,0.07837988359760631,225,0,24,"[22, 225, 52, 310, 63]",1533
TR1_1633806356,16,Udyr,6,7,6,8,2.5,11000,17,28360,84323,10181,97275,0.13793774070308598,0.3532559609152253,155,0,10,"[44, 41, 23, 11, 29]",1533
TR1_1632596834,1,Vi,6,5,7,2,1.0,9283,14,22049,33761,5491,38582,0.15160584383265283,0.18579179199769577,147,0,16,"[151, 13, 120]",1433
TR1_1632596834,2,Naafiri,4,7,7,2,1.29,11750,15,23463,32252,8693,45966,0.16132871675758728,0.17748908345450706,170,0,39,"[82, 90, 237]",1433
TR1_1632596834,3,Smolder,7,1,6,0,0.17,8027,12,10331,14108,1596,5651,0.07103849864300804,0.07763972091055694,84,9,31,"[47, 92]",1433
TR1_1632596834,4,Kayle,8,16,5,7,4.6,27646,18,95898,33970,16480,55837,0.2730539891866136,0.10608617710187548,401,15,84,"[154, 180, 97, 56]",1433
TR1_1632596834,5,Qiyana,6,2,7,5,1.0,10268,14,18523,21223,4300,18182,0.12736369285592758,0.1167962321977201,215,8,53,"[301, 150, 46]",1433
TR1_1632596834,6,MonkeyKing,5,16,4,3,4.75,26765,18,46631,57729,16602,113250,0.13277377452940436,0.18028347463950606,270,0,21,"[63, 64, 206, 32]",1433
TR1_1632596834,7,Pyke,1,9,7,3,1.71,14756,16,18439,33741,15127,33213,0.052503399829138216,0.10537193607448873,115,10,47,"[63, 82, 136]",1433
TR1_1632596834,8,Lillia,1,4,6,9,2.17,14529,16,40042,40437,22592,20648,0.11401324651511258,0.12628253458608485,124,8,33,"[65, 70, 34]",1433
TR1_1632596834,9,Yone,2,4,6,6,1.67,15019,18,24027,26209,6599,39846,0.06841328775684462,0.08184949048295789,141,3,25,"[154, 52, 87, 22]",1433
TR1_1632596834,10,Draven,2,8,6,4,2.0,16921,18,33669,32034,6095,13442,0.09586881970456104,0.10004042872589093,100,5,20,"[200, 116, 32, 120]",1433
TR1_1632596834,11,Pyke,7,0,6,1,0.17,8000,12,3661,15170,2840,10573,0.02517411514808524,0.08348319925143012,71,11,38,"[250, 16]",1433
TR1_1632596834,12,Garen,4,2,7,4,0.86,12041,15,16528,24232,2054,35567,0.11364944700744771,0.13335028388064538,60,0,19,"[29, 5, 138]",1433
TR1_1632596834,13,Ezreal,3,2,7,8,1.43,13735,15,28482,22323,993,13194,0.19583738516687776,0.12284863305633813,240,78,129,"[227, 151, 73]",1433
TR1_1632596834,14,Akshan,3,8,6,1,1.5,12977,15,22397,18644,1486,14222,0.15400230058841358,0.10260105525110648,158,21,78,"[71, 47, 214]",1433
TR1_1632596834,15,Amumu,8,9,3,16,8.33,23103,18,43258,52524,20810,95864,0.12317013449053392,0.16402915428183806,170,13,61,"[152, 2, 214, 57]",1433
TR1_1632596834,16,Malzahar,5,4,7,14,2.57,26756,18,49240,43567,7535,24066,0.14020334798779166,0.13605680410735801,225,10,20,"[68, 133, 44, 242]",1433
TR1_1632589793,1,Fiora,7,0,8,7,0.88,9775,15,10933,22765,4825,22057,0.04337822788039895,0.07942057990387948,91,13,36,"[32, 223, 221, 70]",1739
TR1_1632589793,2,Twitch,6,9,7,5,2.0,15830,18,51070,32926,14123,25248,0.10228816616447635,0.059143034834924856,108,2,31,"[171, 223, 80, 61, 133]",1739
TR1_1632589793,3,Gangplank,8,3,7,1,0.57,7278,13,25040,29811,3372,15671,0.09934634892098762,0.1040043374788706,205,0,12,"[120, 223, 311]",1739
TR1_1632589793,4,Yunara,3,8,8,3,1.38,10049,15,49645,36194,10611,19761,0.19696327957449675,0.12627056157598573,160,14,27,"[80, 223, 51, 319]",1739
TR1_1632589793,5,Rakan,3,3,7,7,1.43,10041,15,13517,33678,16858,58185,0.05362837819889998,0.11749405021431329,165,25,45,"[73, 223, 97, 192]",1739
TR1_1632589793,6,Nasus,7,9,6,0,1.5,9784,15,31135,29417,8932,34501,0.12352738003570078,0.1026272038818667,139,0,20,"[204, 223, 46, 2]",1739
TR1_1632589793,7,Rakan,5,2,6,11,2.17,10793,17,36781,50967,36052,64629,0.14592489867933275,0.17780868328154034,260,19,104,"[110, 223, 311, 2, 141]",1739
TR1_1632589793,8,Graves,5,12,6,2,2.33,12349,17,64852,62164,33242,69032,0.2572938838819916,0.21687283968589025,184,53,158,"[7, 223, 221, 151, 301]",1739
TR1_1632589793,9,Malzahar,2,18,8,1,2.38,16000,18,69002,42024,12808,35537,0.13820468428543572,0.07548527431804967,482,0,26,"[28, 223, 171, 312, 116]",1739
TR1_1632589793,10,Zyra,2,2,7,18,2.86,16020,18,65589,32234,11329,51557,0.13136811840410664,0.05790071644283985,324,16,35,"[218, 223, 222, 98, 215]",1739
TR1_1632589793,11,Malphite,4,6,10,15,2.1,22535,18,59574,88144,25182,201859,0.11932106649720475,0.15832650207025292,300,0,40,"[232, 223, 251, 92, 241]",1739
TR1_1632589793,12,Sion,4,17,7,6,3.29,18578,18,76006,150599,44579,318326,0.1522323916966207,0.2705097596008752,370,35,92,"[39, 223, 242, 67, 301]",1739
TR1_1632589793,13,Nautilus,1,8,7,13,3.0,19498,18,80417,100765,33184,289084,0.16106745922200094,0.18099697879631954,263,18,82,"[310, 223, 49, 67, 238]",1739
TR1_1632589793,14,Pyke,1,13,7,8,3.0,18700,18,61022,51562,27569,88914,0.12222174879401249,0.09261692966876041,485,35,84,"[218, 223, 73, 215, 227]",1739
TR1_1632589793,15,Maokai,6,6,8,8,1.75,13019,18,36595,58467,19300,110737,0.07329636493614243,0.10502080426797752,199,25,96,"[136, 223, 108, 103, 149]",1739
TR1_1632589793,16,Kindred,8,1,8,3,0.5,7256,13,20148,21641,9417,16754,0.07993760282819157,0.07550174397765362,143,27,43,"[305, 223, 138]",1739
TR1_1631985284,1,Smolder,1,4,6,2,1.0,7260,14,12931,19315,3376,11315,0.07940756538970008,0.10314345550413144,99,10,33,"[250, 71, 238]",1573
TR1_1631985284,2,Yunara,1,2,6,4,1.0,7300,14,22427,19761,5802,12088,0.1377204501789847,0.105525526316676,85,10,27,"[319, 52, 133]",1573
TR1_1631985284,3,Yunara,7,6,8,4,1.25,11259,15,32621,36548,8595,21873,0.20032232846681103,0.19516906477307505,129,6,49,"[238, 77, 107]",1573
TR1_1631985284,4,Caitlyn,8,3,7,4,1.0,8535,14,24626,18082,2652,8928,0.15122352653229812,0.09655944323410026,93,6,31,"[52, 90, 107]",1573
TR1_1631985284,5,Yasuo,2,13,6,12,4.17,18837,18,87866,41543,18493,62222,0.23076276528466927,0.113379898978542,317,12,58,"[47, 36, 238, 77]",1573
TR1_1631985284,6,Blitzcrank,2,14,6,12,4.33,18781,18,78732,42598,14291,41894,0.20677315182164752,0.1162576337419305,587,14,93,"[151, 29, 150, 312]",1573
TR1_1631985284,7,Naafiri,4,2,8,6,1.0,12790,16,22786,26890,5599,16877,0.05984444302985391,0.07338780140604596,201,2,54,"[227, 154, 92]",1573
TR1_1631985284,8,Draven,6,17,9,6,2.56,22461,18,61382,57451,15402,87379,0.16120752981869366,0.15679596958500364,320,16,53,"[217, 227, 200, 71]",1573
TR1_1631985284,9,Heimerdinger,7,5,7,4,1.29,9756,15,27830,28009,7413,26661,0.17090000457618174,0.14957151688528425,197,16,95,"[65, 92, 312]",1573
TR1_1631985284,10,Nunu,6,9,3,17,8.67,21012,18,46540,123762,89703,358745,0.12222913730158808,0.3377674441894789,317,67,186,"[13, 2, 215, 109]",1573
TR1_1631985284,11,Zoe,5,3,9,0,0.33,7407,13,16342,21976,1376,10129,0.10035585734860755,0.11735464379017614,189,34,109,"[129, 38]",1573
TR1_1631985284,12,Leona,5,2,6,2,0.67,7521,13,10730,22366,2916,46630,0.0658955357677057,0.11943594418803309,113,11,63,"[152, 103]",1573
TR1_1631985284,13,Leblanc,4,9,6,1,1.67,11265,16,25564,19117,2022,24894,0.0671400147636061,0.05217377709505279,317,23,41,"[16, 211, 180]",1573
TR1_1631985284,14,Rammus,3,4,5,10,2.8,10535,16,21823,31000,3404,61264,0.05731559457317703,0.0846047208182521,133,0,38,"[149, 151, 24]",1573
TR1_1631985284,15,Khazix,3,10,6,3,2.17,12516,16,36068,24048,6163,20195,0.09472736340676444,0.06563275418569414,179,27,83,"[74, 89, 103]",1573
TR1_1631985284,16,Aphelios,8,4,9,2,0.67,8521,14,15336,21206,5448,20382,0.09417473173971108,0.11324040530852376,179,42,100,"[301, 24, 223]",1573
TR1_1631977682,1,JarvanIV,6,8,5,7,3.0,14009,17,54307,30050,6314,33664,0.10630820415084355,0.06084068757149193,100,0,21,"[16, 7, 93, 239]",1582
TR1_1631977682,2,Kalista,6,7,8,8,1.88,14403,17,42669,30693,9648,70067,0.08352534313787412,0.06214418932637557,104,6,16,"[227, 22, 206, 89]",1582
TR1_1631977682,3,Ashe,4,1,7,3,0.57,9250,13,27928,20209,5973,13838,0.13330271502001617,0.0756464972713546,74,4,32,"[107, 69]",1582
TR1_1631977682,4,Pyke,1,5,8,5,1.25,15019,18,25628,40661,14434,41746,0.05016784010013179,0.08232622307715103,160,7,41,"[63, 46, 305, 82]",1582
TR1_1631977682,5,Kayn,1,12,8,4,2.0,17184,18,74442,42060,21276,45491,0.14572320717688667,0.08515672877172334,213,0,28,"[217, 311, 42, 63]",1582
TR1_1631977682,6,Briar,8,6,7,0,0.86,9012,13,20140,28649,25007,17242,0.09613288996814932,0.1072385387299837,100,7,10,"[84, 222]",1582
TR1_1631977682,7,Viego,5,4,7,2,0.86,9893,13,22211,16997,3501,6918,0.10601839892706136,0.06362189057439686,108,16,34,"[89, 305]",1582
TR1_1631977682,8,Thresh,7,7,3,14,7.0,20280,18,79424,73186,22822,111903,0.1554739723741395,0.14817609602691492,232,31,120,"[152, 105, 32, 74]",1582
TR1_1631977682,9,Lucian,5,3,6,2,0.83,9894,13,19739,14172,1354,4932,0.09421734362723563,0.05304980358913747,83,22,21,"[52, 22]",1582
TR1_1631977682,10,Poppy,7,15,6,5,3.33,20266,18,77852,74433,20809,86849,0.15239709503531035,0.15070083238429924,222,0,68,"[151, 232, 85, 68]",1582
TR1_1631977682,11,Blitzcrank,2,4,8,8,1.5,12753,17,38015,70051,16688,61146,0.18145122461623642,0.26220583217100457,222,13,69,"[13, 110, 136, 47]",1582
TR1_1631977682,12,Leona,2,9,7,3,1.71,13769,17,43500,63965,11286,101872,0.20762874517619284,0.2394262946119403,206,18,59,"[152, 218, 181, 68]",1582
TR1_1631977682,13,Naafiri,4,4,7,1,0.71,9250,13,15476,17890,2240,15153,0.0738702653197014,0.06696661650087088,66,0,30,"[84, 34]",1582
TR1_1631977682,14,Velkoz,3,12,13,6,1.38,24009,18,91584,54578,2949,30542,0.17927790692449874,0.11050174207931707,434,114,120,"[103, 44, 56, 50]",1582
TR1_1631977682,15,Zac,3,10,4,12,5.5,20009,18,64942,148249,78072,248160,0.12712643110031527,0.3001535007627269,212,22,158,"[64, 34, 39, 149]",1582
TR1_1631977682,16,Darius,8,0,6,4,0.67,9022,13,22496,35223,6263,40540,0.10737841734540687,0.13184452655131165,103,0,7,"[2, 214]",1582
TR1_1630367311,1,Aatrox,2,9,4,3,3.0,12010,16,25130,38998,22271,48946,0.07658664953550821,0.12394840241988647,239,11,48,"[17, 62, 27]",1352
TR1_1630367311,2,Evelynn,2,5,5,8,2.6,11500,16,34828,25258,5117,22035,0.1061420882714772,0.08027800621103963,248,32,73,"[28, 48, 195]",1352
TR1_1630367311,3,Akshan,4,4,6,2,1.0,8460,14,17884,18903,4500,14418,0.11866022204152507,0.10986058412568794,170,32,70,"[305, 58, 243]",1352
TR1_1630367311,4,Pantheon,4,4,6,3,1.17,8450,14,19730,15141,3126,14774,0.13090398178054366,0.08799770095352141,110,2,43,"[176, 79, 48]",1352
TR1_1630367311,5,RekSai,3,3,5,2,1.0,4510,11,9226,21845,10073,14146,0.06121772963026555,0.12696104484590734,128,1,49,"[60, 41]",1352
TR1_1630367311,6,Leblanc,3,3,6,3,1.0,4500,11,12428,12147,1253,5422,0.0824601384600931,0.07059848564757465,153,9,44,"[205, 53]",1352
TR1_1630367311,7,Ashe,6,12,6,5,2.83,16270,18,44034,33140,9707,23304,0.1341991458718011,0.10533008249743893,134,76,749,"[80, 225, 228, 69]",1352
TR1_1630367311,8,Zac,8,2,6,6,1.33,8250,14,24256,34677,21215,16203,0.16093554187008594,0.20153645296596037,123,7,62,"[308, 45, 123]",1352
TR1_1630367311,9,Alistar,7,11,5,9,4.0,17010,18,41296,67400,21636,135166,0.1258540631701587,0.21421809564387212,265,0,179,"[310, 45, 30, 85]",1352
TR1_1630367311,10,Jhin,5,10,7,2,1.71,15510,18,54351,39821,3226,15879,0.16563976916816353,0.1265653334261661,126,0,21,"[120, 81, 195, 251]",1352
TR1_1630367311,11,Thresh,8,7,7,2,1.29,8025,14,17633,20331,4063,13407,0.11699297332845235,0.11816196489583956,54,4,49,"[22, 66, 18]",1352
TR1_1630367311,12,Ziggs,6,7,5,10,3.4,19755,18,44656,26533,4432,44726,0.13609330648113768,0.08433219827543074,498,59,360,"[218, 135, 81, 226]",1352
TR1_1630367311,13,Nocturne,5,2,9,5,0.78,14250,18,22931,39023,9388,41392,0.0698862968523788,0.12402715219867819,127,5,78,"[7, 1, 41, 105]",1352
TR1_1630367311,14,JarvanIV,1,5,5,8,2.6,10255,15,20164,27193,9174,50718,0.13378808543447768,0.1580440192937606,182,0,72,"[57, 18, 193]",1352
TR1_1630367311,15,Gangplank,1,8,8,4,1.5,11467,15,29397,21824,5032,15988,0.19504132745455666,0.12683974727174813,189,0,40,"[112, 35, 58]",1352
TR1_1630367311,16,Varus,7,10,13,9,1.46,19145,18,60900,44457,8867,28941,0.18559868064937476,0.1413007293274878,222,20,254,"[206, 14, 225, 138]",1352
TR1_1630359887,1,Rakan,8,4,7,12,2.29,13265,17,26964,44438,23920,75333,0.07052238277245784,0.11707076686915927,232,16,60,"[219, 37, 215, 238]",1529
TR1_1630359887,2,TwistedFate,4,1,9,3,0.44,8615,14,23213,16765,1355,10330,0.14914380410612954,0.09243423013742502,113,58,142,"[86, 28, 68]",1529
TR1_1630359887,3,Ornn,4,4,6,1,0.83,8250,14,20237,34835,4087,38279,0.13002412440932787,0.19205752474838816,122,31,75,"[216, 136, 74]",1529
TR1_1630359887,4,Illaoi,7,0,6,1,0.17,6000,12,10945,19242,4684,11293,0.07032656242009036,0.10609092643298837,79,2,10,"[6, 56]",1529
TR1_1630359887,5,Singed,6,9,1,16,25.0,20000,18,36431,48559,12526,64211,0.09527960008803468,0.12792696443818605,96,0,28,"[45, 44, 239, 309]",1529
TR1_1630359887,6,Udyr,1,1,6,2,0.5,6000,12,8189,12257,816,13008,0.05261952593461687,0.06757933706491161,61,0,11,"[219, 25]",1529
TR1_1630359887,7,Evelynn,1,2,6,1,0.5,6005,12,10547,13093,843,5850,0.06776597797659205,0.07218559468474585,84,14,17,"[310, 32]",1529
TR1_1630359887,8,Amumu,6,16,0,9,25.0,20010,18,77504,40201,21215,41770,0.2026999204559619,0.10590732949291808,264,20,51,"[45, 102, 13, 129]",1529
TR1_1630359887,9,Sett,7,1,7,0,0.14,6000,12,12520,13504,1539,12656,0.08044210199798983,0.07445176995193972,56,0,21,"[58, 22]",1529
TR1_1630359887,10,Smolder,8,12,7,3,2.14,11760,17,57701,50507,11770,42315,0.15090890666530124,0.13305936960598924,227,30,44,"[41, 204, 2, 118]",1529
TR1_1630359887,11,Rell,5,5,6,10,2.5,10750,17,45654,67575,9268,132914,0.1194013825099332,0.17802344613488083,255,0,37,"[41, 310, 238, 227]",1529
TR1_1630359887,12,LeeSin,5,10,6,5,2.5,10750,17,47604,35193,13348,40085,0.12450217804941092,0.09271491154897724,324,19,53,"[123, 46, 84, 239]",1529
TR1_1630359887,13,Leona,3,4,6,7,1.83,12500,16,29039,38975,10017,144007,0.1865741497234781,0.21488054099017415,231,38,58,"[18, 39, 94]",1529
TR1_1630359887,14,Blitzcrank,3,8,10,2,1.0,10500,16,40950,32706,3770,42065,0.2631037534317754,0.18032007598942715,128,15,50,"[48, 85, 129]",1529
TR1_1630359887,15,Pyke,2,9,6,6,2.5,19000,18,33177,55213,27278,40890,0.08676969261507454,0.14545496662574664,289,37,92,"[228, 73, 16, 63]",1529
TR1_1630359887,16,Gragas,2,7,6,8,2.5,16900,18,57321,37899,15430,58982,0.14991593684382568,0.09984224528414269,391,26,71,"[48, 97, 67, 103]",1529
TR1_1630122097,1,Ahri,5,4,7,6,1.43,10750,16,24619,19358,2949,17609,0.18247267573469778,0.14947223373581142,217,33,55,"[180, 32, 238, 105]",1573
TR1_1630122097,2,Viego,4,6,7,4,1.43,10652,15,15800,17668,7464,8549,0.11710528507622658,0.13642213869299574,139,7,36,"[71, 138, 170, 166]",1573
TR1_1630122097,3,Caitlyn,4,4,6,5,1.5,10649,15,23953,13854,5927,7828,0.17752968134642327,0.10697853501767259,60,6,33,"[89, 305, 226, 62]",1573
TR1_1630122097,4,Qiyana,8,18,6,4,3.67,21379,18,64643,33779,9808,34861,0.1865738640728246,0.09399191740555529,428,7,106,"[29, 73, 240, 85, 68]",1573
TR1_1630122097,5,Pyke,1,4,12,7,0.92,16400,18,16405,53128,29461,43807,0.04734909339129217,0.14783165735684556,244,25,100,"[68, 60, 42, 19, 98]",1573
TR1_1630122097,6,Graves,1,11,10,4,1.5,18249,18,60024,54931,33911,48662,0.17324255476873351,0.1528471253213428,194,34,121,"[84, 17, 237, 81, 223]",1573
TR1_1630122097,7,Khazix,2,8,6,4,2.0,13002,16,19942,17486,5224,8427,0.05755702846042807,0.04865680531146579,220,25,49,"[151, 105, 46, 48]",1573
TR1_1630122097,8,Vladimir,2,6,5,7,2.6,11016,16,31310,41521,51161,43957,0.09036730048286672,0.11553294145859577,250,0,12,"[118, 138, 310, 41]",1573
TR1_1630122097,9,LeeSin,5,8,6,3,1.83,11258,16,18126,25917,4596,28863,0.13434690716682038,0.20011980064553664,234,10,48,"[63, 172, 73, 206]",1573
TR1_1630122097,10,Jax,7,14,6,4,3.0,21660,18,58722,32691,25364,47235,0.16948636793024013,0.09096390361923555,258,0,53,"[63, 222, 22, 225, 52]",1573
TR1_1630122097,11,Darius,8,7,7,8,2.14,20512,18,46386,73088,12112,85165,0.13388233012606549,0.2033684871508904,118,0,50,"[82, 226, 23, 120, 118]",1573
TR1_1630122097,12,Vex,3,2,6,4,1.0,7270,14,11732,11552,2165,6003,0.08695934953912372,0.08920375762229703,119,71,111,"[65, 304, 237, 102]",1573
TR1_1630122097,13,Viktor,3,4,7,0,0.57,7252,14,12289,11763,1426,4571,0.09108319924928349,0.09083298547502192,128,30,35,"[151, 304, 97, 205]",1573
TR1_1630122097,14,Nunu,7,7,6,14,3.5,23808,18,49040,52760,30856,79374,0.1415414607675493,0.1468071623760688,316,70,183,"[152, 218, 172, 177, 227]",1573
TR1_1630122097,15,Malzahar,6,6,7,3,1.29,7750,14,21803,17091,3066,7436,0.16159776429487713,0.13196677743313798,167,4,34,"[50, 304, 9, 311]",1573
TR1_1630122097,16,TwistedFate,6,3,8,5,1.0,8126,14,6598,12303,2160,8298,0.04890513759254765,0.09500377137752668,125,0,14,"[217, 304, 205, 218]",1573
TR1_1630115136,1,Aphelios,6,11,8,4,1.88,20492,17,54853,36682,13311,25115,0.12116152179155894,0.08225790120865611,172,46,154,"[223, 234, 22, 87]",1368
TR1_1630115136,2,Trundle,7,3,6,8,1.83,13025,16,37757,50402,24119,55566,0.16426904799335623,0.20643270024921542,131,0,37,"[71, 125, 34]",1368
TR1_1630115136,3,Leona,5,5,6,4,1.5,13250,15,42448,49633,1335,57278,0.18467795052877484,0.2032849510083538,132,13,27,"[165, 75, 39]",1368
TR1_1630115136,4,Lissandra,8,4,6,5,1.5,12250,16,37491,23387,4419,40558,0.16311390020446598,0.09578975200029582,217,30,57,"[180, 30, 97]",1368
TR1_1630115136,5,Belveth,1,8,9,2,1.11,12250,17,45433,38668,22707,50989,0.10035430017519688,0.08671043262295927,161,0,30,"[71, 220, 138, 51]",1368
TR1_1630115136,6,DrMundo,1,2,5,7,1.8,12253,17,33616,115606,31428,123253,0.07425295358034438,0.2592376048933654,205,11,37,"[175, 41, 305, 310]",1368
TR1_1630115136,7,Singed,5,5,7,4,1.29,11750,15,22237,34964,6463,55298,0.09674543300805194,0.14320237596680038,79,1,30,"[72, 53, 102]",1368
TR1_1630115136,8,Caitlyn,4,1,6,0,0.17,8000,12,12752,16728,1699,7614,0.055481754588443524,0.06851584208849704,86,13,27,"[152, 220]",1368
TR1_1630115136,9,Urgot,6,4,5,10,2.8,15500,17,48714,49032,4954,117788,0.10760048619729932,0.10995182829658515,169,23,74,"[217, 216, 170, 49]",1368
TR1_1630115136,10,Bard,3,13,3,12,8.33,19075,18,72027,32054,23991,58672,0.1590947438352153,0.07187910252188533,216,22,56,"[231, 48, 170, 97]",1368
TR1_1630115136,11,Volibear,3,13,5,7,4.0,30800,18,97571,54428,29426,106466,0.2155174029720928,0.1220505738284816,152,0,44,"[129, 53, 136, 34]",1368
TR1_1630115136,12,AurelionSol,7,10,6,3,2.17,13003,16,35850,23047,3515,17099,0.15597246594414144,0.09439630392365338,116,33,53,"[211, 135, 305]",1368
TR1_1630115136,13,Fiora,4,0,7,1,0.14,8000,12,2827,11497,5266,12782,0.01230292471486458,0.047090659978578794,37,2,9,"[16, 177]",1368
TR1_1630115136,14,Brand,8,5,7,3,1.14,12750,16,38485,34496,3523,17905,0.1674365230179015,0.14128741478460535,195,10,40,"[154, 135, 311]",1368
TR1_1630115136,15,Pantheon,2,15,6,1,2.67,17900,18,80089,68289,7185,75995,0.1769024151403774,0.1531330378748933,287,1,51,"[151, 19, 172, 73]",1368
TR1_1630115136,16,Nami,2,1,9,14,1.67,19400,18,20425,51185,64989,32210,0.04511617630791496,0.11477951875317383,364,28,53,"[141, 30, 9, 172]",1368
TR1_1625857821,1,Nasus,7,11,7,4,2.14,15750,18,68254,48866,21216,59479,0.12632035479155684,0.09315325078503656,272,0,36,"[219, 240, 238, 217]",1532
TR1_1625857821,2,Warwick,6,11,9,9,2.22,22020,18,61656,77503,54020,88959,0.11410931814518821,0.1477426804372558,211,0,19,"[54, 170, 238, 198]",1532
TR1_1625857821,3,Warwick,5,4,5,4,1.6,10250,15,40587,56053,36952,55386,0.2151728038935322,0.26488449232409617,143,0,31,"[62, 57, 109]",1532
TR1_1625857821,4,Jhin,6,13,7,10,3.29,20510,18,99007,88916,48565,61785,0.18323490840450143,0.16949892811836526,213,21,42,"[134, 237, 92, 84]",1532
TR1_1625857821,5,Vladimir,1,6,5,2,1.6,12010,15,45386,37655,29508,20679,0.2406154255013223,0.17794354628845885,172,0,16,"[234, 97, 211]",1532
TR1_1625857821,6,Zed,1,2,8,3,0.62,11000,15,19655,31592,11009,26152,0.10420599942106956,0.14929225400220808,192,49,49,"[224, 46, 67]",1532
TR1_1625857821,7,Brand,8,1,5,1,0.4,6000,12,14852,12844,918,3178,0.07874050472295405,0.06069591695043886,69,37,52,"[30, 32]",1532
TR1_1625857821,8,Zed,7,6,7,10,2.29,15760,18,77366,49194,29246,29985,0.14318393372956814,0.09377725601607688,333,32,38,"[45, 305, 223, 98]",1532
TR1_1625857821,9,Ezreal,5,7,7,4,1.57,9760,15,35277,27301,7017,14214,0.18702562832438663,0.12901544692885442,723,89,156,"[1, 73, 5]",1532
TR1_1625857821,10,Pyke,2,1,6,1,0.33,7100,13,11201,18361,3571,7706,0.05938328484571254,0.08676966145211651,61,7,23,"[27, 176]",1532
TR1_1625857821,11,Belveth,2,2,7,1,0.43,6750,13,16235,17063,3325,8656,0.08607281086573472,0.08063459433755023,88,0,10,"[195, 171]",1532
TR1_1625857821,12,Nunu,3,10,4,7,4.25,20250,18,80661,127981,86072,180981,0.14928238171531505,0.24396802513796884,300,125,165,"[216, 57, 175, 238]",1532
TR1_1625857821,13,Sejuani,3,7,4,10,4.25,20250,18,45747,46439,24172,155473,0.08466510753918177,0.08852525418421198,211,5,69,"[18, 28, 67, 217]",1532
TR1_1625857821,14,Gangplank,4,7,11,9,1.45,19564,18,58626,52524,14980,43239,0.10850087056963656,0.10012538484107815,362,0,17,"[41, 28, 227, 20]",1532
TR1_1625857821,15,Riven,4,11,6,6,2.83,14500,18,49009,33158,15116,53281,0.09070312510505199,0.06320922048000657,359,5,30,"[62, 93, 20, 16]",1532
TR1_1625857821,16,Caitlyn,8,1,6,1,0.33,6010,12,5429,10742,372,3678,0.028783542425288026,0.0507640877162769,30,3,19,"[220, 87]",1532
TR1_1625853621,1,Karthus,6,13,5,9,4.4,27325,18,78891,36227,5530,71707,0.18960503680725418,0.10419213310858012,405,0,36,"[228, 133, 32, 211]",1349
TR1_1625853621,2,Kaisa,8,6,11,4,0.91,14750,16,31600,36367,11249,24724,0.17697668383510098,0.14465425519993216,194,4,27,"[81, 24, 226]",1349
TR1_1625853621,3,Kayle,3,4,7,1,0.71,9200,13,20679,23992,8123,24098,0.11581304955966863,0.09543261213488116,108,9,56,"[54, 107]",1349
TR1_1625853621,4,Akshan,3,1,8,2,0.38,9200,13,13351,18449,1201,7911,0.07477445544798128,0.07338353360716568,179,22,55,"[19, 47]",1349
TR1_1625853621,5,Maokai,8,7,5,6,2.6,12750,16,39664,87602,35180,179862,0.22213811953003976,0.3484453390142146,148,10,64,"[18, 152, 110]",1349
TR1_1625853621,6,Ahri,1,6,5,14,4.0,22750,18,35183,30330,6698,31364,0.08455903855934488,0.08723375569969845,198,62,121,"[48, 89, 32, 68]",1349
TR1_1625853621,7,Corki,1,15,5,5,4.0,22625,18,49038,46780,23804,38037,0.11785709812933894,0.1345434105174118,158,30,89,"[194, 47, 138, 84]",1349
TR1_1625853621,8,Rakan,2,2,9,16,2.0,15500,18,14066,45327,19517,57623,0.03380795787592023,0.13036542124253728,279,26,77,"[14, 175, 76, 63]",1349
TR1_1625853621,9,Lillia,2,17,5,2,3.8,15535,18,79674,47792,24924,44967,0.19148766025070216,0.13745385299707352,295,28,77,"[1, 84, 60, 103]",1349
TR1_1625853621,10,Kayle,6,10,7,10,2.86,30915,18,65696,53785,33942,49415,0.15789323572717068,0.15469015260954463,293,21,74,"[234, 129, 56, 98]",1349
TR1_1625853621,11,Jhin,7,2,6,5,1.17,13000,15,30641,21190,2966,11119,0.17160167956236216,0.08428660505818371,87,4,27,"[86, 217, 102]",1349
TR1_1625853621,12,Jinx,5,2,6,1,0.5,8250,12,8408,12770,1389,5493,0.047088453213851605,0.050794536846931436,61,4,46,"[79, 151]",1349
TR1_1625853621,13,Sett,4,3,6,12,2.5,15500,25,56425,57833,8159,61151,0.13561141297230184,0.1663340458727011,127,0,30,"[96, 82, 172, 92]",1349
TR1_1625853621,14,Zed,4,13,7,1,2.0,14000,17,37105,29619,11802,17264,0.0891785596779671,0.0851872279524531,191,25,50,"[48, 116, 9, 211]",1349
TR1_1625853621,15,Olaf,7,5,8,1,0.75,13000,15,22090,37015,9024,36474,0.12371459471875808,0.14723062670345197,86,13,33,"[219, 2, 181]",1349
TR1_1625853621,16,Ashe,5,1,8,1,0.25,8250,12,12122,14021,1320,6024,0.06789296413223751,0.055772491435239296,53,11,125,"[115, 107]",1349
TR1_1614625138,1,Zyra,7,6,6,9,2.5,15880,18,46316,27351,6443,10126,0.1267853892431295,0.08211295338162589,243,63,106,"[48, 22, 47, 97, 69]",1328
TR1_1614625138,2,Singed,5,4,7,7,1.57,10514,17,30411,62709,31275,75476,0.08324611468691433,0.18826021734866563,95,0,49,"[78, 22, 231, 42, 136]",1328
TR1_1614625138,3,Sylas,8,5,8,10,1.88,13009,18,48215,56376,25099,84673,0.13198394883922668,0.1692464117310473,346,30,75,"[30, 22, 63, 37, 56]",1328
TR1_1614625138,4,Velkoz,1,5,7,4,1.29,11253,15,25209,18581,1215,7730,0.09934922217404714,0.057766602443143716,283,55,82,"[45, 22, 29, 205]",1328
TR1_1614625138,5,Illaoi,1,4,6,4,1.33,9805,15,41292,36416,15067,28825,0.1627305178895224,0.11321349755498669,151,13,49,"[88, 22, 67, 80]",1328
TR1_1614625138,6,Sylas,5,9,7,3,1.71,10532,17,57623,53821,27285,96005,0.15773596593516134,0.1615761218634619,305,8,62,"[48, 22, 63, 42, 221]",1328
TR1_1614625138,7,Smolder,6,12,4,6,4.5,18792,18,63325,25946,4211,21683,0.17334523529562912,0.07789290255880357,171,17,38,"[234, 22, 84, 80, 187]",1328
TR1_1614625138,8,DrMundo,2,5,7,3,1.14,10763,15,46485,72118,22021,105697,0.18319695260299546,0.22420962620068596,185,30,61,"[216, 22, 2, 226]",1328
TR1_1614625138,9,Yasuo,2,5,9,3,0.89,9768,15,34794,29229,9467,47918,0.13712299738857725,0.09087283301017551,174,7,27,"[62, 22, 217, 310]",1328
TR1_1614625138,10,Pyke,7,9,5,6,3.0,16372,18,34316,36226,13968,19998,0.09393674105115088,0.1087557995267531,287,28,83,"[19, 22, 38, 26, 32]",1328
TR1_1614625138,11,Sylas,6,9,3,11,6.67,16286,18,42515,43933,34622,40387,0.11637942709012494,0.13189122044179152,254,8,55,"[156, 22, 65, 310, 108]",1328
TR1_1614625138,12,Jhin,8,10,7,3,1.86,13634,18,42591,26736,7688,12999,0.11658717785866325,0.08026437314785112,133,10,24,"[81, 22, 71, 305, 226]",1328
TR1_1614625138,13,RekSai,4,9,5,3,2.4,10506,16,34837,40703,11057,29419,0.13729524542238997,0.1265440030106708,167,10,23,"[174, 22, 175, 34]",1328
TR1_1614625138,14,Zac,4,3,5,7,2.0,10528,16,32460,61676,48900,47094,0.12792510786650182,0.19174451967700867,105,12,41,"[41, 22, 118, 110]",1328
TR1_1614625138,15,KSante,3,0,6,3,0.5,7758,13,17658,40525,12384,67698,0.06959114599230866,0.1259883856517112,177,0,6,"[234, 22, 67]",1328
TR1_1614625138,16,Caitlyn,3,3,7,0,0.43,6753,13,21007,22406,5539,20247,0.08278881066365733,0.06966053245161745,45,8,15,"[125, 22, 71]",1328
TR1_1614622233,1,KSante,3,0,8,5,0.62,9250,15,17262,36165,4826,62835,0.07551306690870839,0.1167760648221004,119,0,7,"[233, 4, 108, 232]",1391
TR1_1614622233,2,Skarner,3,6,6,0,1.0,9250,15,33810,44901,3737,68931,0.147899949596856,0.14498502810242592,233,0,4,"[228, 4, 57, 46]",1391
TR1_1614622233,3,Darius,5,13,8,1,1.75,15750,17,56682,42395,15242,35616,0.12688518336192078,0.11475844989129531,159,0,13,"[234, 4, 311, 305, 20]",1391
TR1_1614622233,4,Gragas,2,20,4,6,6.5,19250,18,90816,31967,15341,117688,0.20329451657220562,0.08652997581720981,558,4,51,"[219, 4, 218, 240, 60, 180]",1391
TR1_1614622233,5,Galio,2,6,5,18,4.8,18250,18,63408,73620,12417,190271,0.14194101224099853,0.1992782112167394,189,29,32,"[216, 4, 171, 136, 243]",1391
TR1_1614622233,6,DrMundo,6,2,7,8,1.43,10000,16,30064,39379,23256,58758,0.1315147071767348,0.12715513752362145,176,34,46,"[224, 4, 39, 310]",1391
TR1_1614622233,7,Alistar,7,2,6,6,1.33,7250,14,19515,38688,10600,88538,0.08536666198296942,0.12492359791801257,121,0,6,"[18, 4, 136, 85]",1391
TR1_1614622233,8,Singed,7,6,9,2,0.89,8250,14,32220,31189,14559,30576,0.14094542812623934,0.10071176970111684,97,9,17,"[41, 4, 240, 222]",1391
TR1_1614622233,9,Tryndamere,4,9,7,5,2.0,12750,16,39785,45790,24246,34463,0.1740361592705175,0.14785508563103283,62,0,6,"[225, 4, 80, 73]",1391
TR1_1614622233,10,Aatrox,4,5,6,8,2.17,10750,16,19032,27782,10675,22290,0.0832566999468902,0.089710305050257,105,6,12,"[115, 4, 171, 206]",1391
TR1_1614622233,11,Fizz,8,7,6,6,2.17,16390,18,42448,34507,14396,59175,0.09502219201156838,0.09340591016436103,344,0,11,"[234, 4, 308, 93, 33]",1391
TR1_1614622233,12,Rakan,1,0,6,15,2.5,19250,18,19047,42266,30802,72484,0.042638172162637156,0.11440713353849556,259,15,28,"[27, 4, 57, 60, 94]",1391
TR1_1614622233,13,Vayne,1,16,7,0,2.29,15750,18,81319,42757,10342,36098,0.18203430523975123,0.11573797182011662,116,16,33,"[225, 4, 39, 87, 71]",1391
TR1_1614622233,14,Volibear,5,1,6,13,2.33,12080,18,46304,52636,40431,144111,0.10365327566493533,0.14247713672118317,493,0,4,"[224, 4, 218, 305, 217]",1391
TR1_1614622233,15,Akali,6,8,8,2,1.25,12000,16,36911,45798,18699,34403,0.16146732699108438,0.14788301125143302,265,0,12,"[62, 4, 205, 226]",1391
TR1_1614622233,16,Jax,8,7,9,7,1.56,15750,18,46696,49284,26010,55787,0.104531342745983,0.1334052108305991,235,0,1,"[81, 4, 138, 22, 84]",1391
TR1_1605717032,1,Ziggs,7,7,5,8,3.0,13550,25,46569,27907,4279,25276,0.10438453245424317,0.06956976006941668,398,55,150,"[84, 96, 48, 89]",1432
TR1_1605717032,2,MissFortune,5,8,11,17,2.27,17000,18,55556,35938,5392,22131,0.12452875446701042,0.08958864800739041,190,14,127,"[107, 225, 14, 150]",1432
TR1_1605717032,3,Vladimir,5,16,1,9,25.0,19750,18,114974,73234,105796,67013,0.25771163435135463,0.18256218541414534,488,0,53,"[65, 156, 30, 116]",1432
TR1_1605717032,4,JarvanIV,1,5,8,10,1.88,13750,15,26596,25313,4740,36704,0.17471261273805155,0.11378950543315414,193,0,72,"[231, 48, 123]",1432
TR1_1605717032,5,Swain,1,8,5,7,3.0,10250,15,30599,38870,9591,47867,0.2010107804341711,0.17473262044351381,227,19,125,"[211, 135, 125]",1432
TR1_1605717032,6,Zac,4,11,5,10,4.2,16750,26,85051,92801,84836,185800,0.19063931675578438,0.23133744744936324,296,10,48,"[154, 96, 310, 74]",1432
TR1_1605717032,7,Udyr,4,10,6,9,3.17,16000,18,47270,37369,11137,39059,0.10595481077864037,0.09315460819983103,318,0,33,"[74, 11, 115, 250]",1432
TR1_1605717032,8,Gragas,6,4,5,9,2.6,13250,15,21573,36308,12367,30983,0.14171512237950626,0.16321656277089766,218,74,182,"[152, 41, 195]",1432
TR1_1605717032,9,Ryze,6,6,7,5,1.57,9750,16,26625,27718,3068,25987,0.17490773540213309,0.12459935555004743,404,49,161,"[50, 30, 62]",1432
TR1_1605717032,10,DrMundo,2,1,7,2,0.43,7000,13,18999,40243,15586,49779,0.12480882384512118,0.18090516737281934,140,20,92,"[152, 243]",1432
TR1_1605717032,11,Sett,7,8,6,8,2.67,13560,18,50397,60719,14815,92083,0.11296488211695387,0.15136405292737745,132,0,151,"[71, 216, 53, 312]",1432
TR1_1605717032,12,Katarina,2,2,7,1,0.43,7568,13,15351,24740,3499,19790,0.10084276843995219,0.11121352829792754,85,5,49,"[38, 195]",1432
TR1_1605717032,13,Alistar,8,2,5,10,2.4,10000,15,15496,44833,15260,182281,0.03473552045363736,0.11176187914110279,198,0,27,"[150, 18, 19]",1432
TR1_1605717032,14,Fizz,8,10,8,1,1.38,10125,15,30819,28345,5622,19709,0.0690805486223758,0.07066141879137305,171,5,39,"[16, 156, 123]",1432
TR1_1605717032,15,Bard,3,0,6,0,0.0,5848,12,4892,13534,3053,7223,0.03214034207878276,0.06083921550995657,53,3,15,"[38, 35]",1432
TR1_1605717032,16,Lucian,3,0,7,0,0.0,5750,12,7590,15728,1469,10852,0.04986181468228187,0.07070404462168349,101,3,16,"[52, 81]",1432
TR1_1604203148,1,Velkoz,8,0,4,0,0.0,3606,9,6399,8375,882,4288,0.04850321339878163,0.05534097169311054,57,8,15,[38],1435
TR1_1604203148,2,Ashe,1,5,9,4,1.0,10500,17,20336,30275,5163,42104,0.061986170021112175,0.09798851332194843,66,13,163,"[227, 125, 84, 81]",1435
TR1_1604203148,3,Trundle,1,4,7,5,1.29,10250,17,22951,40510,20538,43128,0.06995533331373553,0.13111425707818888,135,0,41,"[33, 194, 20, 177]",1435
TR1_1604203148,4,Jax,5,5,7,4,1.29,10500,16,16696,25467,4236,23928,0.12654814440950934,0.16827932116831396,120,0,21,"[52, 115, 5]",1435
TR1_1604203148,5,Brand,2,10,6,8,3.0,26288,18,39344,33284,8292,29872,0.11992201168550741,0.10772692289335835,221,17,122,"[151, 62, 133, 18]",1435
TR1_1604203148,6,Varus,2,8,5,10,3.6,18750,18,37186,34843,5577,43463,0.11334503081850261,0.11277357665797785,218,45,387,"[217, 88, 180, 62]",1435
TR1_1604203148,7,Karthus,7,10,11,15,2.27,25500,18,68604,51126,4095,32452,0.2091091864859006,0.16547362871498833,324,9,46,"[92, 48, 90, 45]",1435
TR1_1604203148,8,KogMaw,8,0,5,0,0.0,3500,9,3668,7956,961,2165,0.027807205206965006,0.05257367919777468,13,1,14,[36],1435
TR1_1604203148,9,Kaisa,7,15,5,9,4.8,25500,18,50018,33745,7373,33125,0.15245682252673276,0.10922050079033731,350,11,62,"[52, 166, 107, 11]",1435
TR1_1604203148,10,Akshan,3,2,7,7,1.29,9750,15,18855,20538,2819,15692,0.14291849877163237,0.13571181220095876,164,19,79,"[217, 115, 71]",1435
TR1_1604203148,11,Ahri,3,7,5,1,1.6,9750,15,18749,20585,3045,13525,0.14211377140992432,0.13601921709014256,168,60,97,"[50, 45, 84]",1435
TR1_1604203148,12,Samira,5,7,7,5,1.71,10750,16,23735,23417,4422,13448,0.17990221985212218,0.15473259941448467,176,13,35,"[151, 19, 36]",1435
TR1_1604203148,13,Belveth,6,1,8,7,1.0,14500,15,14392,26321,6341,44712,0.10908509434491984,0.17392107844707244,125,0,26,"[71, 54, 89]",1435
TR1_1604203148,14,Fizz,6,9,6,1,1.67,10250,15,29437,18678,3680,14880,0.2231218526061453,0.12342132078814239,183,2,54,"[98, 156, 16]",1435
TR1_1604203148,15,Rammus,4,7,4,12,4.75,26500,18,39958,47970,4442,125007,0.12179330451074702,0.15525975879303594,142,0,63,"[13, 193, 150, 208]",1435
TR1_1604203148,16,KogMaw,4,13,9,5,2.0,22500,18,49682,37213,12534,28831,0.1514321406377619,0.12044284175016491,97,7,47,"[74, 81, 227, 234]",1435
TR1_1600869854,1,Rammus,5,4,5,9,2.6,10500,17,33048,46717,10709,91323,0.15564915547606012,0.18001920370633498,152,0,19,"[9, 13, 305, 5]",1467
TR1_1600869854,2,Udyr,1,18,7,1,2.71,20460,18,87628,52985,23688,60312,0.20225582896284938,0.13467995164477353,177,0,6,"[138, 64, 251, 107]",1467
TR1_1600869854,3,Gangplank,1,2,7,16,2.57,19308,18,52394,37513,12075,44737,0.12093091848828667,0.0953526763771104,303,0,6,"[46, 5, 105, 20]",1467
TR1_1600869854,4,Varus,2,7,6,8,2.5,13270,18,41454,42474,2984,22661,0.09568205118846966,0.10796311512000796,158,16,174,"[305, 107, 120, 67]",1467
TR1_1600869854,5,Ekko,2,8,5,7,3.0,15500,18,34396,26680,8133,27539,0.07939096592263133,0.06781656981482417,221,17,80,"[28, 16, 32, 180]",1467
TR1_1600869854,6,Sion,8,9,8,4,1.62,13020,17,61898,108663,28152,188454,0.14286901437484817,0.27620389231136333,171,11,118,"[39, 152, 170, 301]",1467
TR1_1600869854,7,Karma,6,1,6,1,0.33,6500,13,13611,35072,17839,58686,0.06410402768837788,0.13514531473400931,229,21,28,"[222, 238]",1467
TR1_1600869854,8,Warwick,5,9,5,4,2.6,11000,17,28484,37825,19484,56874,0.13415150677894297,0.14575357448169013,108,0,9,"[46, 227, 7, 2]",1467
TR1_1600869854,9,Belveth,4,6,9,4,1.11,11520,16,33324,36824,14769,42314,0.15694916215105156,0.14189868423231722,193,0,14,"[17, 68, 7]",1467
TR1_1600869854,10,Katarina,4,4,6,5,1.5,13500,16,45586,49859,12137,26851,0.2146976578644795,0.1921272555862732,105,0,36,"[120, 84, 214]",1467
TR1_1600869854,11,Yuumi,8,4,5,9,2.6,13500,17,25934,23445,20203,19890,0.05985880305096228,0.05959488656745251,278,85,21,"[237, 21, 76, 192]",1467
TR1_1600869854,12,Pantheon,7,10,6,12,3.67,17270,18,65174,54234,30228,48174,0.15042877289274778,0.13785527897747077,157,5,37,"[221, 150, 42, 238]",1467
TR1_1600869854,13,Kalista,7,12,8,9,2.62,19540,18,64374,47419,17397,40826,0.14858364511920472,0.12053362918699737,96,10,27,"[22, 36, 138, 63]",1467
TR1_1600869854,14,Kaisa,3,8,6,2,1.67,10270,15,26230,15922,2692,10428,0.12354008708138765,0.06135345710986045,104,1,27,"[93, 52, 32]",1467
TR1_1600869854,15,Lucian,3,2,7,8,1.43,10000,15,27396,21396,2606,11918,0.12902777358026052,0.0824470309796071,91,1,53,"[26, 211, 39]",1467
TR1_1600869854,16,Briar,6,1,9,1,0.22,6500,13,4645,15896,3532,9971,0.0218806293794398,0.06125547916990765,31,7,11,"[206, 90]",1467
TR1_1600862167,1,Mordekaiser,5,2,8,16,2.25,20762,18,34251,55840,21296,122123,0.08363882210556804,0.16107727924966045,173,0,27,"[129, 205, 198, 64]",1497
TR1_1600862167,2,Lillia,5,18,5,2,4.0,22003,18,60750,38049,13648,31652,0.14834535193054862,0.10975707230910575,198,28,68,"[65, 32, 50, 151]",1497
TR1_1600862167,3,Vayne,7,20,8,4,3.0,26856,18,84028,38363,10727,45642,0.20518631601008055,0.11066273541458865,220,81,127,"[63, 221, 21, 238]",1497
TR1_1600862167,4,Caitlyn,8,0,8,2,0.25,6250,12,3535,14371,0,5206,0.017598175456287328,0.05406262714411676,1,2,2,"[61, 305]",1497
TR1_1600862167,5,Zyra,2,5,8,3,1.0,14000,15,28791,23185,3038,22126,0.14329326376315746,0.08721838536705719,229,15,25,"[180, 60, 133]",1497
TR1_1600862167,6,Volibear,2,3,7,5,1.14,9500,15,13487,52663,11029,53754,0.06712784402932519,0.1981056037685879,120,0,15,"[67, 311, 13]",1497
TR1_1600862167,7,Malphite,3,8,6,16,4.0,23590,18,55284,35387,4266,63164,0.1349977165395786,0.10207851401073782,229,0,11,"[154, 32, 16, 211]",1497
TR1_1600862167,8,Yasuo,3,16,5,7,4.6,19009,18,57419,30085,11115,48927,0.14021049347702752,0.08678453748506353,214,12,17,"[238, 51, 36, 52]",1497
TR1_1600862167,9,Briar,4,2,6,5,1.17,9506,15,28729,42871,19241,26235,0.14298446901519749,0.16127018271708662,93,9,22,"[149, 120, 33]",1497
TR1_1600862167,10,Vayne,4,5,7,2,1.0,9506,15,27021,19296,5999,9932,0.1344841419311141,0.07258771575197377,106,27,54,"[71, 187, 47]",1497
TR1_1600862167,11,Aatrox,1,5,7,8,1.86,11250,17,39684,66035,43743,77713,0.1975084335804874,0.2484065081594742,257,11,32,"[211, 171, 70, 84]",1497
TR1_1600862167,12,Jhin,1,9,9,4,1.44,17153,17,45564,30172,5989,17584,0.22677177851825744,0.11350172592174716,175,13,39,"[82, 311, 239, 116]",1497
TR1_1600862167,13,KogMaw,6,6,10,6,1.2,10774,17,50652,32679,6088,32071,0.1236875849561048,0.09426707253970476,97,15,34,"[107, 22, 52, 71]",1497
TR1_1600862167,14,Tryndamere,8,2,6,0,0.33,6250,12,14111,17238,3662,19867,0.07023189370617358,0.06484725116995639,43,0,3,"[116, 73]",1497
TR1_1600862167,15,Warwick,7,4,8,17,2.62,21006,18,45343,73087,39030,140184,0.11072412472489414,0.21082775652848307,150,0,43,"[92, 237, 20, 238]",1497
TR1_1600862167,16,Volibear,6,6,5,6,2.4,11253,17,21790,43175,8565,96915,0.05320959025619774,0.12454503246265596,141,0,16,"[149, 181, 103, 63]",1497
TR1_1600852059,1,Volibear,6,5,6,3,1.33,9784,15,23736,35349,20434,34955,0.1397119800224253,0.1588011340204399,178,0,12,"[84, 32, 241]",1568
TR1_1600852059,2,Belveth,7,0,9,0,0.0,5765,12,17293,30805,5814,35638,0.10178611701286104,0.13838868713556,141,0,55,"[74, 22]",1568
TR1_1600852059,3,Warwick,6,3,6,5,1.33,13500,15,19131,30394,9076,30857,0.11260924997269807,0.136541063931963,98,0,16,"[250, 171, 175]",1568
TR1_1600852059,4,Blitzcrank,5,8,6,8,2.67,17796,18,45662,58979,16425,95664,0.11205334775914244,0.1641375969014369,350,20,51,"[64, 46, 2, 81]",1568
TR1_1600852059,5,Pantheon,5,8,10,6,1.4,16272,18,42203,33874,4861,28259,0.10356478732144304,0.09427215946052483,244,3,18,"[16, 207, 238, 58]",1568
TR1_1600852059,6,Yuumi,7,0,6,0,0.0,5750,12,3886,13117,6748,13910,0.02287374186582336,0.05892997884202156,101,64,14,"[72, 37]",1568
TR1_1600852059,7,Kalista,3,18,5,6,4.8,27949,18,82867,37669,18411,65789,0.20335160899110888,0.10483242657779339,231,15,55,"[63, 73, 36, 27]",1568
TR1_1600852059,8,Nautilus,3,6,3,18,8.0,18759,18,25825,57723,7122,131847,0.06337287050827324,0.16064011202387643,219,13,52,"[13, 56, 74, 41]",1568
TR1_1600852059,9,Pyke,2,10,5,9,3.8,18294,18,31550,55114,29349,79674,0.07742310469481915,0.1533796430204272,283,45,86,"[150, 46, 89, 195]",1568
TR1_1600852059,10,Gragas,2,9,8,10,2.38,25000,18,69767,41771,12615,102746,0.17120524562909176,0.11624795936112378,428,10,69,"[180, 102, 71, 30]",1568
TR1_1600852059,11,Kindred,8,8,7,4,1.71,15010,18,32100,33203,11958,16545,0.1889410032044814,0.14916070997820108,135,25,36,"[238, 206, 52, 19]",1568
TR1_1600852059,12,Naafiri,1,9,7,10,2.71,16210,18,41895,40533,10640,41925,0.10280926320798243,0.1128020458889627,189,1,49,"[52, 7, 84, 19]",1568
TR1_1600852059,13,Ambessa,1,13,5,8,4.2,17760,18,67736,33665,17053,109924,0.16621977188813905,0.09368805676585476,249,16,66,"[63, 221, 118, 27]",1568
TR1_1600852059,14,Garen,4,4,11,0,0.36,6784,14,25662,23209,5304,28121,0.15104852459537577,0.10426348718852896,110,0,14,"[23, 80, 103]",1568
TR1_1600852059,15,Rammus,4,1,6,4,0.83,10768,14,20167,31076,9222,58637,0.11870415627350515,0.13960580666161004,131,0,9,"[312, 85, 149]",1568
TR1_1600852059,16,Caitlyn,8,5,7,7,1.71,16345,17,27918,25445,4974,13613,0.16432522705282993,0.11430913224167549,73,14,24,"[38, 102, 36, 134]",1568
TR1_1600845549,1,Veigar,4,5,8,9,1.75,11000,17,28769,26963,2918,39000,0.06907290136579664,0.0687200345676626,165,23,39,"[32, 180, 205, 211]",1553
TR1_1600845549,2,Kayn,4,10,5,5,3.0,11000,17,48242,33093,15755,36894,0.11582570766935166,0.08434371886427922,201,0,24,"[187, 63, 136, 92]",1553
TR1_1600845549,3,Belveth,5,10,8,2,1.5,10510,16,41762,29595,8672,36056,0.241731295547589,0.13351861508010973,171,0,11,"[46, 36, 251]",1553
TR1_1600845549,4,Kayn,5,2,8,8,1.25,13600,16,33030,31812,9863,20816,0.19119087814435073,0.14352457662591875,147,0,13,"[25, 84, 237]",1553
TR1_1600845549,5,Ornn,8,3,7,14,2.43,22000,18,34196,63811,11337,123773,0.08210131543020209,0.16263199395189354,152,35,141,"[171, 238, 187, 67]",1553
TR1_1600845549,6,Samira,3,0,4,1,0.25,3750,9,8742,7997,1068,3056,0.05060456835981667,0.0360820013551467,56,6,17,[80],1553
TR1_1600845549,7,Milio,3,1,4,0,0.25,3750,9,4622,6516,1604,3062,0.026756527974548264,0.029400956815061247,71,11,12,[34],1553
TR1_1600845549,8,Senna,2,15,6,3,3.0,19670,18,64028,34382,13101,16599,0.15372600121909585,0.08762858065206859,159,16,45,"[17, 154, 34, 24]",1553
TR1_1600845549,9,Zac,1,6,5,7,2.6,10500,16,24835,91932,84655,54843,0.14375280303616886,0.4147563802356675,172,13,62,"[60, 217, 108]",1553
TR1_1600845549,10,Karma,2,3,6,15,3.0,14450,18,21267,53982,37295,66958,0.05106131997391044,0.13758310217772013,448,33,89,"[28, 68, 136, 192]",1553
TR1_1600845549,11,Jhin,1,7,9,4,1.22,10500,16,37514,24853,3015,11749,0.21714340792875977,0.11212913750100628,173,4,29,"[305, 71, 51]",1553
TR1_1600845549,12,Senna,6,0,7,2,0.29,6758,13,13047,14358,3304,6258,0.07552228878041768,0.06477954933899942,76,4,13,"[28, 211]",1553
TR1_1600845549,13,Aurora,7,13,5,8,4.2,18810,18,75783,35123,12725,11990,0.18194860301319665,0.0895180862678702,353,64,137,"[171, 89, 207, 50]",1553
TR1_1600845549,14,Kayle,6,2,6,0,0.33,6750,13,9208,14586,2353,6468,0.05329823022834903,0.06580878304809036,61,3,14,"[51, 238]",1553
TR1_1600845549,15,Gwen,8,15,6,2,2.83,23300,18,100213,43652,25213,90520,0.24060387504569453,0.1112543001255947,275,92,259,"[97, 68, 22, 227]",1553
TR1_1600845549,16,Briar,7,8,8,12,2.5,21250,18,44008,101355,86448,97649,0.10566027628275214,0.258320183392911,182,8,78,"[138, 82, 226, 98]",1553
TR1_1600823351,1,Corki,6,6,7,4,1.43,14006,15,30926,19816,2444,13848,0.14820457847728133,0.08503671520962323,148,18,40,"[226, 19, 16]",1515
TR1_1600823351,2,Vi,6,4,5,6,2.0,9772,15,20182,29752,5646,37211,0.09671673167921668,0.12767441010054498,147,0,24,"[46, 219, 82]",1515
TR1_1600823351,3,KSante,8,7,5,5,2.4,13006,18,53330,55540,17151,166703,0.12952608725108156,0.13902908618615836,363,0,17,"[28, 1, 33, 172]",1515
TR1_1600823351,4,Urgot,4,7,7,4,1.57,14578,16,20051,46768,11428,97572,0.09609117992239714,0.20069261974589594,253,83,156,"[251, 58, 20]",1515
TR1_1600823351,5,Udyr,4,4,7,7,1.57,10532,16,50660,30176,9331,58619,0.24277388976637104,0.12949329690882946,262,0,115,"[205, 58, 84]",1515
TR1_1600823351,6,Amumu,5,8,7,2,1.43,11753,14,30863,24226,4993,34398,0.14790272998236953,0.10396003751038643,104,28,86,"[232, 19, 211]",1515
TR1_1600823351,7,Sett,7,10,5,9,3.8,19753,18,85461,81397,21555,84691,0.20756461873241822,0.20375283425321103,166,0,31,"[237, 166, 82, 40]",1515
TR1_1600823351,8,Nocturne,8,5,7,7,1.71,12785,18,33768,50241,22303,56576,0.08201531042198348,0.1257649182959821,135,10,25,"[22, 79, 227, 176]",1515
TR1_1600823351,9,Caitlyn,7,12,8,9,2.62,19331,18,50499,31855,11826,19083,0.12265066529781479,0.07974037599389994,166,8,24,"[39, 81, 52, 187]",1515
TR1_1600823351,10,Leona,3,4,7,8,1.71,10770,16,23593,36180,6968,61947,0.057302763290655666,0.0905655459542453,145,16,50,"[237, 75, 24]",1515
TR1_1600823351,11,Zyra,3,9,9,4,1.44,13530,22,38383,28655,3793,17539,0.09322487865254715,0.0717299214372606,250,11,28,"[97, 96, 92]",1515
TR1_1600823351,12,Thresh,2,2,4,20,5.5,18516,18,27441,71172,21177,108851,0.06664852443332188,0.17815857800139748,313,21,77,"[60, 18, 103, 12]",1515
TR1_1600823351,13,AurelionSol,2,21,8,2,2.88,20056,18,99255,44446,29963,30271,0.24106715192017725,0.11125873987784521,205,0,44,"[171, 135, 238, 56]",1515
TR1_1600823351,14,Maokai,5,2,6,8,1.67,7500,14,17937,34792,13182,66811,0.08595734441799628,0.14930053733334384,162,32,112,"[218, 41, 301]",1515
TR1_1600823351,15,MonkeyKing,1,1,6,4,0.83,11000,14,15609,25678,6350,25261,0.07480371026366966,0.1101920864724588,127,0,1,"[207, 88, 150]",1515
TR1_1600823351,16,Teemo,1,5,9,0,0.56,11003,15,22442,21823,4820,17077,0.10754983549069834,0.09365029671891735,137,0,2,"[7, 86, 236]",1515
TR1_1600814688,1,Jhin,6,10,6,2,2.0,10956,15,37119,23165,11067,13684,0.15952464590561966,0.09260792321451489,152,3,50,"[68, 238, 109]",1396
TR1_1600814688,2,KSante,6,3,5,10,2.6,10004,15,30802,41447,17224,61828,0.13237963023817984,0.16569562953335842,260,0,59,"[152, 67, 94]",1396
TR1_1600814688,3,Rakan,2,2,8,10,1.5,10004,15,8497,23365,11703,30414,0.03651704557520627,0.09340962772495753,198,17,75,"[231, 165, 192]",1396
TR1_1600814688,4,Belveth,2,10,8,2,1.5,10004,15,61639,33179,12334,33442,0.2649047417476605,0.13264045238068692,242,0,51,"[165, 151, 71]",1396
TR1_1600814688,5,Lux,5,7,3,16,7.67,21308,18,34329,37962,16588,73374,0.08513715792017199,0.09498115280343268,404,23,202,"[116, 150, 241, 312]",1396
TR1_1600814688,6,Maokai,8,4,7,10,2.0,20006,18,40952,90705,44791,128646,0.10156326240942029,0.22694428441138334,275,22,217,"[13, 150, 63, 64]",1396
TR1_1600814688,7,Sylas,1,7,6,5,2.0,10506,16,24325,38745,16050,40393,0.0603276198802022,0.09694031420146945,226,13,44,"[238, 180, 198]",1396
TR1_1600814688,8,Jax,1,5,6,6,1.83,10554,16,23730,26203,3337,20099,0.05885235269458338,0.06556158703527697,139,0,50,"[74, 16, 238]",1396
TR1_1600814688,9,Renata,3,7,9,11,2.0,15758,18,72352,65015,18358,45025,0.1794360298845178,0.16266787355444617,286,37,123,"[217, 129, 47, 90]",1396
TR1_1600814688,10,Aurora,3,12,6,7,3.17,18258,18,49388,37716,10517,23536,0.1224850211581613,0.09436550516260452,436,46,123,"[16, 98, 116, 50]",1396
TR1_1600814688,11,Nunu,7,2,7,7,1.29,7500,14,15863,44794,26265,43096,0.0681755983790237,0.17907733388951452,159,69,143,"[84, 2, 149]",1396
TR1_1600814688,12,Olaf,8,10,12,3,1.08,20002,18,72804,71152,47862,79140,0.18055803256310085,0.1780227367512844,224,28,151,"[223, 107, 52, 71]",1396
TR1_1600814688,13,Yorick,4,1,10,3,0.4,6754,13,17517,24390,4155,23210,0.0752815803771853,0.09750574069370173,104,2,31,"[104, 211]",1396
TR1_1600814688,14,Zac,4,3,6,1,0.67,6750,13,17391,37436,21265,24895,0.07474018053879944,0.14966102399490191,96,4,36,"[65, 67]",1396
TR1_1600814688,15,Corki,5,18,4,7,6.25,20250,18,85337,32180,15198,35867,0.2116405234898422,0.08051654608010246,294,48,186,"[84, 103, 211, 20]",1396
TR1_1600814688,16,Talon,7,8,6,2,1.67,11500,14,43856,22363,6474,17241,0.1884765772383253,0.08940226856836408,259,45,175,"[33, 227, 92]",1396
TR1_1600271860,1,Sion,5,7,5,5,2.4,10500,17,34226,70106,4087,114387,0.09177532062259418,0.1981641155561613,119,6,59,"[216, 150, 82, 108]",1374
TR1_1600271860,2,Ashe,7,1,6,3,0.67,6750,13,10493,15626,2079,7916,0.07959958766908508,0.1030309173615884,109,26,189,"[58, 68]",1374
TR1_1600271860,3,Jax,4,3,7,7,1.43,12750,16,25193,27230,5402,34434,0.19111167812184238,0.17953620351938004,119,0,10,"[66, 129, 2]",1374
TR1_1600271860,4,Kennen,1,11,3,15,8.67,22750,18,80149,27357,4748,35172,0.21491523645228455,0.07732854650189855,391,45,69,"[30, 16, 84, 172]",1374
TR1_1600271860,5,Chogath,2,2,5,3,1.0,6500,12,11067,21885,2039,20571,0.08395240578690916,0.14429428020260004,77,0,36,"[45, 301]",1374
TR1_1600271860,6,Vex,2,3,5,2,1.0,6500,12,13464,14050,1681,10242,0.1021374024607255,0.09264076585248537,115,9,28,"[48, 133]",1374
TR1_1600271860,7,Ambessa,1,16,4,9,6.25,18750,18,68429,48763,36429,84214,0.18348834011840054,0.13783499432179516,270,0,35,"[27, 23, 63, 46]",1374
TR1_1600271860,8,Jhin,4,7,6,3,1.67,10550,16,23627,26090,7100,15739,0.17922823679464495,0.17201900584516688,76,3,11,"[220, 154, 241]",1374
TR1_1600271860,9,Riven,6,11,4,4,3.75,17500,18,31935,45983,21006,50638,0.08563276260400213,0.12997839972274336,326,6,44,"[27, 82, 23, 221]",1374
TR1_1600271860,10,Rakan,3,0,7,13,1.86,17750,18,18917,50455,23792,57427,0.050726938042016466,0.14261782137042844,362,10,37,"[19, 50, 13, 222]",1374
TR1_1600271860,11,Belveth,3,13,10,0,1.3,22489,18,58265,42445,12213,31938,0.15623464516955185,0.11997847215502239,259,0,29,"[115, 217, 107, 28]",1374
TR1_1600271860,12,Zed,7,3,6,1,0.67,6750,13,23743,14918,2312,14101,0.1801100039997764,0.0983620969539375,207,25,71,"[219, 211]",1374
TR1_1600271860,13,Evelynn,6,6,4,11,4.25,13500,18,47873,32910,15118,28304,0.1283692302464827,0.09302690695751348,220,31,54,"[156, 2, 68, 97]",1374
TR1_1600271860,14,Corki,8,3,6,3,1.0,11450,14,15700,14842,492,6242,0.11910142801514388,0.09786113931124416,103,13,24,"[86, 217, 72]",1374
TR1_1600271860,15,Pantheon,8,3,5,3,1.2,7250,14,8537,17025,1752,17219,0.06475925715187267,0.11225559095359763,80,1,14,"[79, 165, 63]",1374
TR1_1600271860,16,Viego,5,5,11,3,0.73,10515,17,33138,35756,11063,29312,0.08885752674466761,0.10107074341443732,349,15,66,"[58, 107, 71, 60]",1374
TR1_1600268252,1,Zed,3,2,7,4,0.86,9250,15,16296,20700,1112,9306,0.10967889534824797,0.1194642572840963,101,10,39,"[233, 112, 60]",1442
TR1_1600268252,2,Jhin,3,4,5,2,1.2,9550,15,20188,17489,2836,8723,0.1358758366900356,0.10092989926434143,68,3,28,"[208, 32, 108]",1442
TR1_1600268252,3,Zed,7,10,6,3,2.17,11000,16,37637,20398,3787,14948,0.08378800033563101,0.04486474426787289,264,15,48,"[27, 206, 9]",1442
TR1_1600268252,4,Chogath,1,16,2,10,13.0,23300,18,101162,72633,15936,322413,0.2252049654919474,0.15975224341827954,126,0,40,"[125, 204, 57, 207]",1442
TR1_1600268252,5,Evelynn,1,13,5,13,5.2,23310,18,89654,51307,13664,44870,0.1995878389256023,0.11284768901289957,335,22,49,"[41, 93, 46, 226]",1442
TR1_1600268252,6,Udyr,4,5,7,6,1.57,10000,15,29623,23321,4047,32786,0.19937382073631682,0.13458880244635288,116,0,37,"[48, 80, 40]",1442
TR1_1600268252,7,Zed,4,6,6,4,1.67,10000,15,26086,21353,3627,13142,0.17557008049972986,0.12323113802354772,255,21,49,"[1, 44, 28]",1442
TR1_1600268252,8,Riven,8,11,5,10,4.2,18350,18,48903,103650,70913,175976,0.10886871382858641,0.22797072022343848,576,10,37,"[58, 42, 110, 73]",1442
TR1_1600268252,9,Singed,6,5,9,8,1.44,33850,18,41246,57500,12903,91403,0.09182154374908415,0.12646914781743626,91,2,36,"[234, 232, 205, 229]",1442
TR1_1600268252,10,Ryze,6,10,9,2,1.33,14100,18,48033,55426,6265,39146,0.10693060908828361,0.12190763811453692,626,55,115,"[1, 218, 56, 311]",1442
TR1_1600268252,11,Viego,5,2,7,5,1.0,7515,14,12368,18430,4152,11491,0.08324470294967534,0.10636392711550097,90,9,32,"[225, 51, 87]",1442
TR1_1600268252,12,Warwick,5,5,6,2,1.17,8500,14,19918,25471,8641,24348,0.13405700174685187,0.1469975284554495,108,0,22,"[234, 73, 32]",1442
TR1_1600268252,13,Lissandra,7,4,8,9,1.62,15000,16,27128,26987,4968,17150,0.06039239870717188,0.059356970197782064,157,21,47,"[30, 226, 240]",1442
TR1_1600268252,14,Garen,8,10,12,9,1.58,22350,18,55434,66758,13567,104459,0.12340592987369323,0.14683084694775425,134,0,7,"[62, 28, 214, 49]",1442
TR1_1600268252,15,Ashe,2,2,7,2,0.57,7000,13,12707,17677,984,7603,0.08552766844736302,0.10201745776662657,48,16,147,"[86, 7]",1442
TR1_1600268252,16,Chogath,2,2,6,2,0.67,7000,13,11391,28835,1814,33392,0.07667199358177954,0.16640698964408462,91,0,49,"[228, 187]",1442
TR1_1600260941,1,Varus,7,8,6,11,3.17,15750,18,54079,34253,3269,21885,0.13041288755883923,0.08864422808387344,135,35,204,"[72, 48, 238, 29]",1388
TR1_1600260941,2,Rengar,4,5,6,4,1.5,7000,14,19924,26769,7065,17940,0.12377759496021094,0.13173751879934448,185,0,11,"[152, 27, 84]",1388
TR1_1600260941,3,Aatrox,8,2,6,1,0.5,6250,12,25536,20265,7431,18533,0.15864299445861962,0.09973203417429216,182,0,27,"[16, 11]",1388
TR1_1600260941,4,Braum,5,1,7,6,1.0,7250,14,11024,41426,8273,66336,0.06848600353212882,0.20386906187220327,106,26,53,"[67, 41, 238]",1388
TR1_1600260941,5,Garen,6,5,5,4,1.8,9250,20,30839,39104,15064,56611,0.19158422756444768,0.19244142684892535,117,0,124,"[238, 96, 24]",1388
TR1_1600260941,6,Kayle,5,6,12,1,0.58,7250,14,39398,28124,8616,20219,0.2447601726725847,0.13840484230177108,95,8,37,"[52, 220, 180]",1388
TR1_1600260941,7,Fiora,3,10,3,15,8.33,16750,18,79733,46470,41686,58480,0.19227833664467558,0.12026114438979046,673,7,54,"[82, 58, 84, 71]",1388
TR1_1600260941,8,Belveth,3,17,2,8,12.5,16750,18,56667,58197,20438,102964,0.13665425849630475,0.15061016573216504,253,0,57,"[13, 125, 71, 150]",1388
TR1_1600260941,9,KSante,8,0,8,1,0.12,6250,12,2539,16997,818,11967,0.015777448234970355,0.08364623182245842,57,0,7,"[2, 19]",1388
TR1_1600260941,10,Camille,1,6,6,8,2.33,10750,17,31675,36168,14063,61670,0.07638509634257815,0.0936015657717328,232,3,52,"[154, 228, 72, 227]",1388
TR1_1600260941,11,Lillia,1,8,8,8,2.0,10750,17,63953,40402,16392,40257,0.15422414407958604,0.10455813860015094,219,10,54,"[239, 156, 180, 211]",1388
TR1_1600260941,12,Draven,4,2,8,7,1.12,10990,14,17144,19690,2669,9943,0.10650949320572575,0.09689997662852068,161,12,31,"[77, 195, 74]",1388
TR1_1600260941,13,Yuumi,6,4,5,7,2.2,9250,15,14561,10824,6311,5881,0.09046206537131211,0.05326890755248458,182,111,22,"[198, 48, 141]",1388
TR1_1600260941,14,Sejuani,2,6,6,7,2.17,10500,17,37068,61373,5480,59577,0.08939053274529131,0.15882879832824115,192,4,24,"[64, 18, 13, 149]",1388
TR1_1600260941,15,TahmKench,2,6,5,5,2.2,12500,17,32453,79763,30002,75123,0.07826165994049611,0.20642038043045743,184,20,38,"[133, 41, 67, 150]",1388
TR1_1600260941,16,Ekko,7,11,4,7,4.5,23820,18,59047,29782,8727,25680,0.14239308419222885,0.07707557866358875,242,75,206,"[38, 208, 103, 223]",1388
TR1_1600158510,1,Hwei,7,7,8,8,1.88,10785,17,32708,35361,5452,20718,0.10382544222944973,0.12124114312266183,191,18,42,"[97, 69, 45, 172]",1304
TR1_1600158510,2,Gwen,6,11,6,8,3.17,13750,18,43841,41761,15439,47211,0.1391662710913028,0.14318427652035454,174,53,261,"[170, 28, 88, 37]",1304
TR1_1600158510,3,Tristana,5,4,8,3,0.88,9820,15,22511,27768,9572,16613,0.1447891889232857,0.14174043034418424,96,0,49,"[226, 34, 79]",1304
TR1_1600158510,4,Malphite,7,8,6,7,2.5,12255,17,27595,36005,4685,99070,0.08759708769735633,0.12344760663022818,261,0,28,"[34, 39, 233, 112]",1304
TR1_1600158510,5,Udyr,4,5,7,6,1.57,11040,17,33209,46490,10337,62671,0.10541522678908158,0.15939826829706685,140,0,50,"[181, 37, 195, 110]",1304
TR1_1600158510,6,AurelionSol,4,9,6,5,2.33,11020,18,44495,42899,7550,27052,0.141242246632972,0.1470861920139955,170,94,147,"[56, 205, 45, 311]",1304
TR1_1600158510,7,Heimerdinger,6,9,5,11,4.0,16750,18,38922,31364,4998,15783,0.12355113432018304,0.1075355542912375,230,73,262,"[97, 222, 208, 28]",1304
TR1_1600158510,8,Fizz,8,6,7,6,1.71,12260,16,25834,24464,2389,16199,0.16615924391623438,0.12487608229059569,314,4,67,"[73, 49, 1]",1304
TR1_1600158510,9,Veigar,8,7,6,6,2.17,12275,16,32761,20512,5090,14373,0.21071327026940587,0.10470484606952693,321,13,57,"[46, 57, 35]",1304
TR1_1600158510,10,Varus,1,9,7,13,3.14,14260,18,38813,34211,7997,21690,0.12320580797010489,0.11729705293943424,117,13,262,"[7, 51, 220, 240]",1304
TR1_1600158510,11,Lillia,1,16,1,9,25.0,14295,18,55444,23569,16695,13168,0.17599678326954962,0.08080990618502136,269,16,120,"[171, 44, 30, 49]",1304
TR1_1600158510,12,Yuumi,2,1,6,3,0.67,7300,13,4098,14047,8471,8779,0.026357687489842185,0.07170173249291135,190,12,15,"[17, 40]",1304
TR1_1600158510,13,Yuumi,3,0,6,0,0.0,5750,12,7925,15831,8012,7478,0.05097360750994715,0.08080862021276573,120,67,33,"[76, 44]",1304
TR1_1600158510,14,Sett,2,3,6,1,0.67,7305,13,27130,30647,1022,45095,0.17449593063133798,0.15643529849497378,72,0,65,"[32, 136]",1304
TR1_1600158510,15,Soraka,3,0,6,0,0.0,5750,12,10343,35383,18823,18731,0.06652413506555004,0.1806072927688923,99,39,148,"[60, 76]",1304
TR1_1600158510,16,Singed,5,3,7,4,1.0,9535,15,24874,27256,2404,40112,0.1599869361943967,0.13912569732614996,107,1,38,"[26, 232, 41]",1304
TR1_1600151944,1,Jax,5,13,10,6,1.9,22010,18,101490,34255,16966,82837,0.21956298769915994,0.0687464439873913,617,0,47,"[97, 58, 237, 221]",1568
TR1_1600151944,2,Ornn,5,7,4,13,5.0,19010,18,69946,53368,30338,106853,0.1513208211762307,0.10710377198346613,236,47,64,"[60, 234, 110, 85]",1568
TR1_1600151944,3,Darius,4,12,9,13,2.78,18250,18,67010,89541,31443,188876,0.14497018059407044,0.17969734557088493,216,0,17,"[187, 79, 138, 206]",1568
TR1_1600151944,4,Alistar,3,4,6,7,1.83,10000,15,53702,46092,16574,85031,0.18064206903136118,0.14837299142918622,111,0,23,"[232, 75, 42]",1568
TR1_1600151944,5,TahmKench,3,7,8,4,1.38,10000,15,23226,60517,16959,63544,0.0781273417570428,0.1948074533653832,98,12,27,"[44, 41, 85]",1568
TR1_1600151944,6,Nasus,4,14,4,12,6.5,22250,18,55735,99086,43568,328964,0.12057688650078975,0.1988540829966464,333,0,10,"[138, 78, 7, 32]",1568
TR1_1600151944,7,DrMundo,2,7,7,8,2.14,10750,17,46542,96773,32377,137745,0.10068947690906799,0.19421190544986092,261,49,107,"[251, 216, 181, 37]",1568
TR1_1600151944,8,Zed,2,8,8,6,1.75,14260,17,52545,47187,19344,54150,0.1136763836037154,0.0946980748626328,325,53,77,"[93, 234, 46, 251]",1568
TR1_1600151944,9,Katarina,1,2,7,4,0.86,7000,14,21049,21438,3774,11310,0.07080590303512604,0.06901032713194061,95,0,23,"[237, 19, 205]",1568
TR1_1600151944,10,Kayn,1,4,6,2,1.0,7000,14,34170,26543,10115,19563,0.11494115857264768,0.08544475606054724,126,6,29,"[221, 27, 311]",1568
TR1_1600151944,11,XinZhao,6,3,7,7,1.43,13497,16,44069,36109,9985,30572,0.09533929892297102,0.07246657663680373,129,0,27,"[108, 310, 237]",1568
TR1_1600151944,12,Lucian,7,5,7,4,1.29,9950,15,33007,36355,20724,30365,0.1110285625670967,0.11702849325222688,184,12,20,"[17, 81, 87]",1568
TR1_1600151944,13,Urgot,6,7,6,3,1.67,10000,16,24898,41966,15667,57421,0.05386396459399481,0.08422179851231382,138,25,82,"[39, 18, 136]",1568
TR1_1600151944,14,Morgana,8,12,5,4,3.2,11550,15,43128,25884,9861,25826,0.1450762826597049,0.08332419756583168,200,21,32,"[136, 135, 97]",1568
TR1_1600151944,15,Blitzcrank,8,4,10,12,1.6,11560,15,37294,49974,9373,63270,0.12544936441125054,0.1608678167035068,219,15,42,"[17, 41, 60]",1568
TR1_1600151944,16,Belveth,7,4,11,5,0.82,12062,15,51706,43846,15545,40657,0.17392931796577016,0.1411439644913774,176,0,10,"[105, 219, 51]",1568
TR1_1600137992,1,Warwick,4,1,9,6,0.78,10000,16,17889,35559,12771,41850,0.07593883510228665,0.12438666317802642,65,0,152,"[79, 181, 64]",1461
TR1_1600137992,2,Vex,3,12,7,5,2.43,20750,18,53955,39392,2831,35227,0.13677007255791374,0.11150020684093713,231,27,59,"[195, 49, 133, 172]",1461
TR1_1600137992,3,Ezreal,3,7,7,9,2.29,22450,18,51494,37090,6068,26483,0.1305308967503228,0.10498269673149305,317,38,74,"[220, 311, 133, 46]",1461
TR1_1600137992,4,Taliyah,4,7,6,1,1.33,10000,16,31762,26420,3539,11008,0.1348285884761229,0.09242066352398909,438,143,412,"[1, 56, 50]",1461
TR1_1600137992,5,Singed,5,9,9,5,1.56,11050,17,48441,48252,10530,71273,0.12279209558543447,0.13657914666324356,139,0,50,"[41, 9, 84, 136]",1461
TR1_1600137992,6,Mordekaiser,5,6,8,7,1.62,11000,17,35487,46275,19162,71512,0.0899568562758405,0.13098158808839447,198,0,22,"[156, 138, 301, 93]",1461
TR1_1600137992,7,Ezreal,6,4,6,0,0.67,7100,13,25166,24473,2641,12212,0.10683099954179405,0.08560978052139986,162,50,90,"[27, 22]",1461
TR1_1600137992,8,Vi,7,7,8,6,1.62,12000,16,40960,27870,4936,35477,0.17387450728517279,0.09748994784686882,133,0,18,"[233, 17, 52]",1461
TR1_1600137992,9,DrMundo,8,10,10,2,1.2,10750,16,59587,84795,52984,64789,0.25294654713305564,0.29661652430658303,574,73,185,"[1, 110, 223]",1461
TR1_1600137992,10,Tryndamere,2,16,5,0,3.2,11000,17,60375,49848,23187,42876,0.15304376386467938,0.1410956483021878,128,0,40,"[41, 138, 151, 305]",1461
TR1_1600137992,11,Milio,2,0,5,15,3.0,13500,17,11851,29846,25105,36196,0.03004084550465703,0.0844789689785032,278,13,57,"[78, 76, 5, 34]",1461
TR1_1600137992,12,Leona,8,2,5,10,2.4,15750,16,23078,43912,10328,183166,0.09796880269656513,0.15360544403872767,192,23,85,"[18, 240, 67]",1461
TR1_1600137992,13,Kaisa,7,7,7,4,1.57,12503,16,27893,24056,5697,20154,0.11840512293916142,0.08414982051487031,128,2,28,"[234, 102, 71]",1461
TR1_1600137992,14,Soraka,6,0,6,4,0.67,7000,13,9236,18788,14945,9133,0.039206596825841426,0.06572115606953477,115,53,115,"[156, 311]",1461
TR1_1600137992,15,Aphelios,1,10,5,6,3.2,18075,18,92034,74597,47778,50477,0.233295697637291,0.21114594854633362,153,37,125,"[134, 7, 74, 80]",1461
TR1_1600137992,16,Rengar,1,10,5,6,3.2,18700,18,40857,27993,9117,17626,0.10356977182386108,0.07923579584890722,210,0,68,"[219, 93, 16, 87]",1461
TR1_1599925568,1,Lillia,1,6,7,8,2.0,17500,18,42889,40346,14518,36125,0.10662934613816616,0.09672571942306245,281,10,114,"[214, 65, 30, 97]",1649
TR1_1599925568,2,Pyke,2,11,3,15,8.67,30578,18,69927,41219,21301,67694,0.17384861972793672,0.09881769498844922,276,29,105,"[136, 63, 27, 73]",1649
TR1_1599925568,3,Lissandra,2,15,5,11,5.2,25700,18,67830,46330,15180,53387,0.1686346458151994,0.11107153354372708,291,46,97,"[28, 92, 48, 80]",1649
TR1_1599925568,4,Ziggs,1,8,8,4,1.5,22500,18,27755,33320,2455,17299,0.06900379707554052,0.07988289439411644,272,28,133,"[97, 133, 135, 12]",1649
TR1_1599925568,5,Udyr,6,10,12,3,1.08,15750,16,47760,37424,12148,38223,0.11873894942628753,0.08972132658153935,182,0,27,"[34, 107, 41]",1649
TR1_1599925568,6,Ziggs,8,5,9,6,1.22,10626,15,32506,26368,962,12657,0.17034111646262834,0.12161224528254501,356,43,139,"[205, 38, 86]",1649
TR1_1599925568,7,Shen,3,2,6,2,0.67,12000,13,13954,22391,1921,34369,0.07312281535760753,0.10327302270844686,93,0,15,"[181, 2]",1649
TR1_1599925568,8,Kayn,3,2,7,2,0.57,7000,13,18664,22937,8417,27174,0.09780403068269312,0.10578878190885194,130,0,28,"[138, 82]",1649
TR1_1599925568,9,Trundle,4,9,7,5,2.0,11000,16,43439,36998,20713,43081,0.22763062644909016,0.17063807128508965,195,0,19,"[22, 103, 115]",1649
TR1_1599925568,10,Morgana,4,5,7,9,2.0,15500,17,26844,35960,7698,28710,0.14066982124493718,0.16585257898444908,152,5,43,"[311, 211, 234]",1649
TR1_1599925568,11,Smolder,7,2,7,2,0.57,7450,13,16332,18276,2425,13110,0.08558719951793513,0.08429314319709909,138,24,56,"[87, 231]",1649
TR1_1599925568,12,Rammus,8,7,7,4,1.57,10250,15,18255,37070,5461,69205,0.09566126312678865,0.17097446549586637,126,0,129,"[25, 152, 54]",1649
TR1_1599925568,13,Viktor,7,3,7,2,0.71,7450,13,20835,16818,2598,14262,0.1091831271583199,0.077567691137652,127,50,36,"[17, 16]",1649
TR1_1599925568,14,Chogath,5,14,8,12,3.25,23250,18,42838,94305,14941,187297,0.10650252494260647,0.22608709300297347,299,0,70,"[44, 29, 78, 87]",1649
TR1_1599925568,15,Poppy,6,5,7,8,1.86,15750,16,24960,70565,12359,130403,0.062053866397225765,0.1691721495634232,183,0,32,"[305, 152, 58]",1649
TR1_1599925568,16,Kaisa,5,13,10,13,2.6,24150,18,78269,53609,10868,32013,0.1945882504770374,0.12852158850270876,317,16,71,"[46, 71, 81, 49]",1649
TR1_1599917593,1,Malphite,3,1,6,5,1.0,7250,14,17639,24593,1920,40814,0.09677394916694484,0.103408029061977,161,0,21,"[28, 97, 68]",1576
TR1_1599917593,2,Lissandra,3,5,6,1,1.0,7250,14,31116,23945,3386,17374,0.17071569137496,0.10068396146266534,254,23,38,"[110, 97, 180]",1576
TR1_1599917593,3,Neeko,7,7,5,18,5.0,26660,18,57740,27510,3274,21173,0.1418021215669388,0.07533340495867734,313,30,67,"[240, 102, 133, 2]",1576
TR1_1599917593,4,Sylas,6,9,7,4,1.86,13751,16,32488,38134,10802,29866,0.0797876764796887,0.10442700248940857,282,6,28,"[112, 138, 150]",1576
TR1_1599917593,5,Graves,2,0,6,1,0.17,6000,12,9525,13236,1603,8992,0.05226205178428728,0.05565665590856201,65,9,30,"[172, 73]",1576
TR1_1599917593,6,Garen,2,1,6,0,0.17,6000,12,9907,17833,1204,32632,0.05435518678731594,0.07498348359350031,64,0,20,"[181, 305]",1576
TR1_1599917593,7,Katarina,6,4,10,8,1.2,16034,16,33611,36823,7530,32723,0.08254456720395825,0.10083539154578339,125,2,40,"[205, 49, 107]",1576
TR1_1599917593,8,Alistar,8,4,5,12,3.2,15501,18,32926,58023,21836,109478,0.08086404272736696,0.15889056749200756,112,0,32,"[85, 42, 312, 47]",1576
TR1_1599917593,9,Viego,8,13,7,2,2.14,19339,18,49355,39421,16270,37346,0.12121139416086288,0.10795060358578978,195,20,49,"[46, 136, 211, 107]",1576
TR1_1599917593,10,Veigar,7,18,3,7,8.33,25500,18,82087,20135,4015,17930,0.20159574614279951,0.05513704754384651,377,42,57,"[172, 46, 133, 129]",1576
TR1_1599917593,11,Warwick,4,6,9,5,1.22,10225,15,30995,38709,20808,46756,0.17005325140412875,0.16276579227234694,89,0,3,"[22, 17, 238]",1576
TR1_1599917593,12,Poppy,4,5,6,6,1.83,10200,15,23346,32180,2154,55327,0.12808681505074843,0.1353130634078737,162,0,4,"[305, 39, 74]",1576
TR1_1599917593,13,Udyr,1,6,9,4,1.11,9750,15,41307,43697,16997,38485,0.22662697077391486,0.18373538298230088,231,0,10,"[32, 205, 67]",1576
TR1_1599917593,14,Alistar,1,4,6,6,1.67,14251,15,18432,43630,13077,71866,0.1011260836576999,0.18345363131077386,109,0,5,"[25, 9, 16]",1576
TR1_1599917593,15,Aatrox,5,10,8,12,2.75,20775,18,62547,94970,39936,74666,0.15360948051491502,0.2600635373280037,326,13,33,"[136, 120, 47, 82]",1576
TR1_1599917593,16,Nasus,5,12,6,9,3.5,21476,18,56430,50162,21227,66607,0.1385849712034699,0.13736244505648315,325,0,9,"[46, 7, 116, 68]",1576
TR1_1599908237,1,Viego,6,23,7,3,3.71,19944,18,67215,38921,16232,27615,0.15549652315238685,0.10024651835469485,269,22,94,"[233, 52, 71, 82]",1636
TR1_1599908237,2,Pyke,5,3,7,6,1.29,11850,14,14047,29823,12145,25072,0.06277664036913488,0.0913163156141334,150,29,55,"[166, 63, 227]",1636
TR1_1599908237,3,Leblanc,5,7,7,3,1.43,7850,14,19468,22514,1668,13150,0.08700393179900709,0.06893607822922677,213,11,25,"[135, 211, 241]",1636
TR1_1599908237,4,DrMundo,4,5,7,4,1.29,7500,14,33901,74694,46723,98813,0.15150270903622481,0.22870496466797643,245,54,81,"[78, 2, 118]",1636
TR1_1599908237,5,Taric,4,4,10,5,0.9,7500,14,24497,39910,23859,51567,0.10947593586435075,0.12220210553298577,247,0,31,"[15, 67, 118]",1636
TR1_1599908237,6,Diana,6,3,6,22,4.17,22250,18,50879,36470,9852,51424,0.11770384966003122,0.09393147442287182,251,67,146,"[27, 29, 180, 2]",1636
TR1_1599908237,7,Yone,8,11,10,7,1.8,15750,18,54925,49458,16976,73371,0.12706464449978627,0.1273840011703603,386,20,76,"[19, 154, 36, 175]",1636
TR1_1599908237,8,Alistar,1,4,5,8,2.4,10750,17,28609,44230,10140,67115,0.06618510697644917,0.11392013924880934,168,0,4,"[41, 133, 165, 16]",1636
TR1_1599908237,9,Belveth,1,9,9,4,1.44,10770,17,47654,37413,10899,28588,0.11024294740154862,0.09636149524695062,300,0,6,"[27, 165, 107, 29]",1636
TR1_1599908237,10,Teemo,3,24,13,5,2.23,19000,18,103545,58096,11399,38208,0.23954120958523378,0.14963229601221623,422,0,28,"[45, 103, 36, 238]",1636
TR1_1599908237,11,Alistar,3,6,5,23,5.8,23000,18,26879,81104,24643,197148,0.06218374480329673,0.20889208819921615,212,0,37,"[125, 61, 64, 149]",1636
TR1_1599908237,12,Ornn,7,5,7,7,1.71,10000,15,36639,41933,2013,83338,0.16373772109277582,0.12839629400972294,154,15,34,"[224, 149, 231]",1636
TR1_1599908237,13,Fiora,7,7,9,5,1.33,10000,15,49444,55216,37821,50757,0.2209637699463779,0.16906642447222156,213,3,44,"[81, 70, 103]",1636
TR1_1599908237,14,Vladimir,2,7,10,1,0.8,7560,14,31935,30527,20026,15303,0.14271581121569102,0.09347164356540516,245,0,7,"[216, 50, 238]",1636
TR1_1599908237,15,Alistar,2,2,8,5,0.88,7510,14,13834,31975,5951,108956,0.06182348067643771,0.09790617390832794,120,0,2,"[18, 215, 13]",1636
TR1_1599908237,16,Fizz,8,10,10,11,2.1,15930,18,52555,42565,9439,40417,0.12158197392126738,0.10963198734488071,189,5,37,"[35, 129, 20, 71]",1636
TR1_1599813986,1,Mel,7,21,4,3,6.0,18752,18,60252,23344,7891,33794,0.1618710603249144,0.07730939520886594,287,63,289,"[205, 46, 30, 180]",1435
TR1_1599813986,2,Katarina,8,5,7,2,1.0,9750,15,20679,28745,10456,16785,0.12297644445211398,0.1190098703190215,97,3,46,"[93, 205, 177]",1435
TR1_1599813986,3,Warwick,2,11,4,10,5.25,18755,18,52118,46452,20209,52101,0.14001972135800278,0.1538340007503793,87,0,49,"[232, 181, 195, 36]",1435
TR1_1599813986,4,Jinx,2,11,3,11,7.33,22750,18,48510,33391,8347,28260,0.13032650032347712,0.1105806234000383,163,33,100,"[46, 7, 81, 107]",1435
TR1_1599813986,5,Caitlyn,6,5,6,1,1.0,7465,14,19477,18019,1920,9288,0.11582504227199748,0.07460278627861064,112,12,29,"[69, 7, 62]",1435
TR1_1599813986,6,Briar,7,3,12,18,1.75,18750,18,65039,50808,35350,52806,0.17473116474094377,0.1682626122055116,188,5,130,"[51, 37, 79, 23]",1435
TR1_1599813986,7,Varus,5,8,6,5,2.17,17000,18,49366,29662,3745,20801,0.13262547142613196,0.09823376918658801,184,23,185,"[34, 56, 79, 84]",1435
TR1_1599813986,8,Zac,3,5,6,2,1.17,10501,15,28500,67778,46972,55377,0.1694830271477069,0.2806064935056009,116,15,26,"[181, 42, 41]",1435
TR1_1599813986,9,Jhin,3,3,10,5,0.8,10500,15,21848,25704,4454,15587,0.12992657650202705,0.1064188103987527,139,6,12,"[17, 138, 35]",1435
TR1_1599813986,10,Morgana,4,5,6,5,1.67,7526,14,23437,25510,4999,14118,0.13937436761359767,0.10561740668689239,178,19,48,"[76, 32, 86]",1435
TR1_1599813986,11,Illaoi,4,6,8,5,1.38,7500,14,21967,33877,10123,38045,0.13063509288973948,0.14025579761113624,184,10,67,"[112, 57, 41]",1435
TR1_1599813986,12,Yuumi,1,2,6,12,2.33,14155,16,18687,23968,15900,11803,0.05020372426014579,0.07937432240806576,225,44,9,"[120, 76, 193]",1435
TR1_1599813986,13,Gwen,1,12,7,2,2.0,14175,16,52294,48292,14715,54115,0.14049199753039116,0.15992780856120328,206,30,170,"[17, 93, 194]",1435
TR1_1599813986,14,Kayle,6,1,6,4,0.83,14505,14,7742,22599,5896,11200,0.04604019965209444,0.09356375600386693,128,4,43,"[97, 240, 166]",1435
TR1_1599813986,15,Lucian,8,4,6,5,1.5,9755,15,24507,19305,2941,11082,0.14573924947072295,0.07992507919611871,153,18,39,"[87, 9, 115]",1435
TR1_1599813986,16,Pantheon,5,5,10,8,1.3,24255,18,25955,46042,13271,60173,0.06973036003599302,0.1524774682793478,161,7,154,"[218, 229, 19, 74]",1435
TR1_1599813013,1,Jayce,6,8,7,2,1.43,13500,15,30391,20338,2072,13623,0.08724263710458965,0.06469381774726704,284,5,32,"[82, 84, 90]",1395
TR1_1599813013,2,Vayne,6,2,6,8,1.67,10000,15,28382,20730,5976,17977,0.0814743108565733,0.06593953377156413,153,60,55,"[107, 92, 36]",1395
TR1_1599813013,3,MissFortune,2,2,3,1,1.0,3750,9,7822,6922,673,1570,0.06767153023197128,0.04276187732405245,51,13,102,[52],1395
TR1_1599813013,4,Varus,2,1,4,2,0.75,3750,9,6045,8173,728,1545,0.05229751267536536,0.05048684608333448,34,10,138,[152],1395
TR1_1599813013,5,Ambessa,1,5,8,5,1.25,13300,15,18917,34469,13363,41078,0.16365179795670828,0.2129162483342104,183,0,16,"[301, 58, 63]",1395
TR1_1599813013,6,Samira,1,4,5,4,1.6,9750,15,28606,33211,11744,29436,0.2474737378052728,0.20514738935212096,202,7,30,"[23, 41, 74]",1395
TR1_1599813013,7,Seraphine,5,6,6,3,1.5,9750,15,29331,22756,5969,15292,0.2537393985488372,0.14056351764572747,213,41,121,"[65, 98, 238]",1395
TR1_1599813013,8,Varus,4,0,4,0,0.0,3500,9,3135,6358,265,1204,0.02712325082868443,0.03927581976874509,8,0,1,[250],1395
TR1_1599813013,9,Volibear,5,3,7,6,1.29,9751,15,16041,42753,8689,78846,0.13877672047701364,0.2640842856353502,110,0,112,"[2, 154, 238]",1395
TR1_1599813013,10,Darius,8,13,4,6,4.75,19351,18,64860,36461,12965,73763,0.18618787160854378,0.11597718879174032,178,0,53,"[227, 23, 241, 151]",1395
TR1_1599813013,11,Vi,8,6,5,13,3.8,15750,18,51785,33929,10062,67868,0.1486552362821515,0.10792392298668525,209,0,48,"[29, 107, 47, 74]",1395
TR1_1599813013,12,Belveth,7,12,10,3,1.5,13250,18,48870,42049,13828,57757,0.1402886820103861,0.1337528010780612,367,132,103,"[63, 69, 92, 52]",1395
TR1_1599813013,13,Ivern,4,0,4,0,0.0,3500,9,5694,7246,847,4456,0.04926605147614697,0.04476401585645894,54,4,10,[141],1395
TR1_1599813013,14,Braum,7,3,6,12,2.5,13251,18,28541,58582,16373,98163,0.08193118356022562,0.18634042251738833,196,50,197,"[64, 42, 33, 94]",1395
TR1_1599813013,15,Shen,3,5,7,15,2.86,19500,18,35849,47161,7048,119191,0.10290914120154157,0.15001103001997507,179,0,5,"[33, 35, 68, 195]",1395
TR1_1599813013,16,Vladimir,3,16,5,5,4.2,16001,18,59677,55131,59076,46907,0.17131093737598846,0.17536128308731866,430,0,7,"[68, 53, 231, 135]",1395
TR1_1599809222,1,Trundle,7,8,7,7,2.14,11000,16,37294,51836,23404,68624,0.130747597597996,0.14010354771280023,178,0,73,"[39, 10, 175]",1446
TR1_1599809222,2,Varus,6,9,7,7,2.29,11250,17,36892,31534,7626,53089,0.0999329088906629,0.10752523611091937,101,40,230,"[226, 172, 116, 89]",1446
TR1_1599809222,3,Nunu,5,4,5,8,2.4,13270,16,30886,75686,49206,60763,0.10828387702872047,0.20456357045272572,303,103,214,"[60, 12, 92]",1446
TR1_1599809222,4,Neeko,2,6,7,4,1.43,10290,17,41434,48077,16588,32453,0.14526292022081566,0.12994399987440494,194,37,115,"[56, 102, 211]",1446
TR1_1599809222,5,Lux,2,5,6,6,1.83,13750,16,40783,31518,5683,27540,0.14297931314750462,0.08518829475675825,355,26,124,"[40, 49, 50]",1446
TR1_1599809222,6,Evelynn,8,9,8,6,1.88,18630,18,37212,31429,7196,17374,0.10080006936183325,0.10716692676760266,217,10,63,"[187, 28, 238, 129]",1446
TR1_1599809222,7,Aatrox,7,7,7,7,2.0,14500,16,56841,69745,47915,57070,0.1992767488878034,0.18850609133350976,256,7,64,"[7, 120, 84]",1446
TR1_1599809222,8,Pantheon,1,7,6,0,1.17,10925,14,24689,34691,3660,36873,0.08655739321333471,0.09376265907778077,112,5,51,"[46, 17, 109]",1446
TR1_1599809222,9,Nami,1,0,6,7,1.17,7400,14,15194,24090,24104,15023,0.05326872092405206,0.06511066548705577,154,14,52,"[76, 97, 141]",1446
TR1_1599809222,10,Singed,3,9,6,8,2.83,11890,17,53281,39204,5260,48193,0.14432846070122876,0.1336798069202666,126,0,89,"[102, 44, 16, 133]",1446
TR1_1599809222,11,Talon,3,9,9,8,1.89,15350,17,49001,31877,4195,23340,0.1327352935020706,0.10869677087173736,359,34,149,"[73, 171, 16, 82]",1446
TR1_1599809222,12,Garen,4,11,7,4,2.14,16990,18,45121,45077,15214,54170,0.12222332313652026,0.15370465201900577,113,0,74,"[138, 305, 151, 23]",1446
TR1_1599809222,13,Aphelios,5,8,10,3,1.1,10750,16,38114,34342,8217,24525,0.1336234289797731,0.09282117130496456,153,21,107,"[80, 7, 36]",1446
TR1_1599809222,14,Graves,8,9,7,9,2.57,16120,18,45886,39925,14804,54962,0.12429682420531593,0.1361370250264245,211,20,104,"[57, 305, 84, 63]",1446
TR1_1599809222,15,Gwen,4,7,9,8,1.67,16970,18,49766,42546,16669,37152,0.13480658310162813,0.14507407334075859,226,72,156,"[237, 17, 116, 74]",1446
TR1_1599809222,16,Elise,6,7,8,7,1.75,11250,17,52007,31677,7832,28788,0.14087653710074013,0.1080155089432852,539,1,143,"[97, 73, 180, 89]",1446
TR1_1599807248,1,Yasuo,6,7,8,5,1.5,11060,17,65122,36910,15363,52758,0.1328623742125702,0.08050098952510046,229,18,26,"[33, 71, 10, 77]",1636
TR1_1599807248,2,JarvanIV,6,7,6,7,2.33,11010,17,31033,55048,16092,62260,0.06331331996952001,0.1200595958239985,148,0,10,"[152, 90, 60, 94]",1636
TR1_1599807248,3,Karma,1,3,8,7,1.25,10272,16,21489,60366,36594,141428,0.09681819851553532,0.20991774961027668,440,44,118,"[151, 118, 76]",1636
TR1_1599807248,4,Alistar,1,7,6,3,1.67,10252,16,46259,77598,47762,152269,0.20841859268219365,0.2698414753199862,186,0,98,"[154, 70, 181]",1636
TR1_1599807248,5,Teemo,7,5,5,11,3.2,15500,18,58396,34659,7807,29250,0.11913986172592972,0.0755921404469387,361,0,12,"[36, 52, 105, 129]",1636
TR1_1599807248,6,Maokai,2,4,5,16,4.0,18296,18,40519,128669,64405,188706,0.08266788118639361,0.28062687680469794,221,7,169,"[13, 149, 56, 64]",1636
TR1_1599807248,7,Kayle,2,17,11,4,1.91,18294,18,93166,60940,31328,57815,0.19007807530612847,0.13290993152951638,220,144,311,"[52, 36, 26, 107]",1636
TR1_1599807248,8,Malzahar,5,3,9,10,1.44,10750,16,30887,27735,3756,14821,0.13916162222898124,0.09644811185617241,206,100,195,"[65, 151, 237]",1636
TR1_1599807248,9,Malphite,5,12,5,3,3.0,13250,16,26880,42117,7395,54948,0.12110854042264509,0.14645905819036484,193,3,127,"[149, 154, 46]",1636
TR1_1599807248,10,Kayle,4,2,8,4,0.75,13452,13,15740,17723,4893,9582,0.07091882570817117,0.0616300824199129,99,6,25,"[33, 217]",1636
TR1_1599807248,11,Shyvana,4,4,7,2,0.86,7252,13,29671,19513,2353,19820,0.1336806400460342,0.06785619457717912,152,10,28,"[133, 50]",1636
TR1_1599807248,12,Katarina,8,6,7,2,1.14,13778,15,27255,22816,3388,15202,0.1227967638566596,0.07934073089183466,90,6,32,"[211, 29, 187]",1636
TR1_1599807248,13,Cassiopeia,7,12,5,4,3.2,15502,18,46462,44731,20630,61518,0.0947914253278312,0.09755779410256382,472,10,132,"[65, 5, 39, 301]",1636
TR1_1599807248,14,Tristana,8,2,8,6,1.0,9776,15,23770,19700,1708,8270,0.10709681653977976,0.0685065971342732,78,0,12,"[47, 74, 22]",1636
TR1_1599807248,15,Evelynn,3,17,9,2,2.11,24088,18,101437,38197,12068,40782,0.20695154428821982,0.08330802266110753,433,40,72,"[38, 133, 311, 20]",1636
TR1_1599807248,16,Skarner,3,4,5,13,3.4,20352,18,54012,59351,14332,197991,0.11019551798340697,0.1294446491060767,256,0,97,"[152, 20, 110, 74]",1636
TR1_1599724241,1,Naafiri,7,7,7,5,1.71,10256,16,35586,37627,14495,36748,0.16730599811347108,0.16227774563756953,251,2,81,"[41, 237, 207]",1402
TR1_1599724241,2,Jinx,1,7,7,12,2.71,15801,18,34346,29654,10314,13919,0.07809472516281563,0.06990134183405591,94,5,23,"[81, 80, 138, 74]",1402
TR1_1599724241,3,Ryze,1,10,7,8,2.57,15807,18,62664,44913,13567,31409,0.14248508371507698,0.10587088983180908,356,13,42,"[48, 39, 187, 16]",1402
TR1_1599724241,4,Rammus,8,1,5,12,2.6,10777,17,22153,53003,3934,87807,0.10415159728612107,0.2285944307276996,103,0,52,"[41, 251, 181, 149]",1402
TR1_1599724241,5,Katarina,2,9,9,11,2.22,18548,18,77179,78524,15317,33091,0.17548819817065558,0.18509841620810272,137,12,60,"[27, 120, 205, 133]",1402
TR1_1599724241,6,Sylas,2,10,7,10,2.86,18530,18,59108,76108,39637,82636,0.13439937249919195,0.17940153483174764,350,16,79,"[30, 251, 237, 129]",1402
TR1_1599724241,7,Sona,3,6,6,13,3.17,18500,18,27159,35399,25810,59748,0.0617535168377539,0.08344359169466255,269,10,33,"[15, 76, 37, 72]",1402
TR1_1599724241,8,Zyra,3,14,8,6,2.5,18533,18,85961,49389,3994,34988,0.19545528923070443,0.11642123694934858,428,42,72,"[135, 97, 28, 50]",1402
TR1_1599724241,9,Ahri,7,5,6,7,2.0,12768,16,44621,26663,6229,23506,0.20977979855076015,0.114994732359767,305,78,105,"[35, 97, 60]",1402
TR1_1599724241,10,Talon,4,3,6,1,0.67,6253,12,13607,12541,1109,5954,0.06397287338645193,0.05408983304097165,198,26,95,"[53, 73]",1402
TR1_1599724241,11,Garen,4,0,5,3,0.6,6259,12,5247,9928,450,10391,0.024670543928208527,0.04281768563705764,44,0,33,"[88, 305]",1402
TR1_1599724241,12,Rakan,6,2,6,12,2.33,10648,17,13817,43552,21479,73619,0.03141861487378605,0.10266111683992,256,16,65,"[18, 34, 73, 141]",1402
TR1_1599724241,13,Vladimir,6,11,5,2,2.6,10660,17,79562,66690,71793,36949,0.18090519951001546,0.15720187181035353,370,0,30,"[30, 102, 28, 180]",1402
TR1_1599724241,14,Nami,5,1,8,3,0.5,7274,13,13276,19108,6531,9666,0.06241570859078618,0.08241195273588042,94,8,26,"[224, 237]",1402
TR1_1599724241,15,Jinx,5,4,6,1,0.83,7271,13,26588,46052,28030,28401,0.12499999483496214,0.1986154270363061,76,11,50,"[134, 138]",1402
TR1_1599724241,16,Kennen,8,13,7,2,2.14,10831,17,51624,26942,4464,17190,0.2427034853092389,0.11619819282474803,201,94,149,"[156, 34, 205, 211]",1402
TR1_1599716077,1,Camille,7,5,6,4,1.5,10020,16,28297,28670,6972,39533,0.12786069397089783,0.10415641611499116,239,2,23,"[107, 241, 74]",1521
TR1_1599716077,2,Sion,8,8,9,4,1.33,14790,16,40942,74389,5621,147029,0.18499571326012415,0.2702468499349887,155,13,42,"[152, 301, 150]",1521
TR1_1599716077,3,Shaco,1,4,6,2,1.0,7800,13,14067,14705,2601,9391,0.06356418041637195,0.05342361425123935,204,0,88,"[211, 73]",1521
TR1_1599716077,4,Singed,1,2,6,4,1.0,7555,13,19689,29892,4504,24565,0.08896373854902129,0.10859685150733912,46,0,65,"[13, 57]",1521
TR1_1599716077,5,MissFortune,6,14,7,6,2.86,17805,24,64141,48978,14526,38418,0.15329399161519247,0.11888102052078095,216,63,655,"[116, 96, 187, 113]",1521
TR1_1599716077,6,Gragas,6,6,7,11,2.43,16760,18,46074,53381,27893,37429,0.11011385123058869,0.12956940933138816,380,13,321,"[64, 48, 85, 150]",1521
TR1_1599716077,7,Nilah,7,4,10,5,0.9,10320,16,14565,29335,4664,20647,0.06581049388626616,0.1065714356830909,120,0,25,"[250, 71, 238]",1521
TR1_1599716077,8,Katarina,8,6,11,2,0.73,11285,16,39296,38256,10707,28345,0.17755493888472398,0.13898201265168783,96,1,32,"[65, 23, 74]",1521
TR1_1599716077,9,Rumble,2,10,7,17,3.86,17510,18,66756,57588,14564,69525,0.1595428203699862,0.13978042349717665,400,28,84,"[16, 50, 41, 68]",1521
TR1_1599716077,10,Aurora,2,18,2,7,12.5,17510,18,57919,20619,6901,15357,0.13842356583607843,0.05004843505211008,362,3,66,"[29, 133, 135, 89]",1521
TR1_1599716077,11,Sett,3,8,8,1,1.12,10040,15,31592,31806,4285,56448,0.14274565799361158,0.11554814463217161,93,0,13,"[82, 227, 2]",1521
TR1_1599716077,12,Sylas,3,1,7,8,1.29,9770,15,32866,28207,9248,49034,0.1485045830389831,0.10247467522449134,248,8,41,"[180, 63, 129]",1521
TR1_1599716077,13,Kayle,5,8,8,6,1.75,13510,18,41083,32321,8660,14969,0.0981870969165472,0.07845188509154546,171,5,34,"[129, 92, 238, 48]",1521
TR1_1599716077,14,Pyke,4,11,7,3,2.0,15295,17,26672,50651,21271,60923,0.0637446470706982,0.122943317660675,189,27,64,"[63, 27, 24, 195]",1521
TR1_1599716077,15,Alistar,4,4,7,11,2.14,14210,17,59162,106018,36128,177439,0.14139394660474128,0.25732893076133934,144,0,44,"[33, 41, 133, 208]",1521
TR1_1599716077,16,Xayah,5,6,9,7,1.44,15377,18,56612,42434,14065,21318,0.1353000803561675,0.10299657808498434,143,12,52,"[154, 38, 227, 115]",1521
TR1_1599706311,1,DrMundo,8,9,6,6,2.5,18775,18,53770,142673,82398,292193,0.0955630874969603,0.2704852506868964,243,41,132,"[13, 181, 78, 67]",1616
TR1_1599706311,2,Illaoi,4,3,6,2,0.83,11500,14,24196,31654,6808,28356,0.12026660311401212,0.1219060919540619,134,18,36,"[2, 112, 166]",1616
TR1_1599706311,3,Alistar,4,2,8,3,0.62,7010,14,16728,37931,11429,61625,0.08314782984877635,0.14607925444429262,130,0,24,"[65, 237, 310]",1616
TR1_1599706311,4,Kalista,7,5,7,2,1.0,7750,14,24778,21499,5538,14951,0.12316375140804069,0.08279868612662679,138,11,35,"[82, 172, 81]",1616
TR1_1599706311,5,Maokai,8,6,6,9,2.5,15330,18,45680,116691,55161,232025,0.08118566831832257,0.22122779390036942,257,26,151,"[152, 42, 193, 64]",1616
TR1_1599706311,6,Warwick,7,3,8,5,1.0,7765,14,35654,40791,24370,40782,0.17722150500906736,0.15709282556224521,124,0,35,"[23, 138, 81]",1616
TR1_1599706311,7,Smolder,6,18,7,2,2.86,28610,18,100524,46233,16255,72802,0.1786562946678607,0.08765122160159536,249,53,98,"[74, 204, 134, 92]",1616
TR1_1599706311,8,Malphite,5,14,4,13,6.75,22000,18,51777,76055,7328,143150,0.09202049649868814,0.1441877184381759,245,2,27,"[64, 97, 45, 149]",1616
TR1_1599706311,9,Yasuo,5,13,5,14,5.4,26510,18,158324,50441,25613,94938,0.2813807840735914,0.0956295356001552,251,17,27,"[36, 57, 79, 52]",1616
TR1_1599706311,10,Smolder,3,3,7,0,0.43,6775,13,20799,19755,5143,13699,0.10338540497910739,0.07607870498500231,142,14,38,"[77, 87]",1616
TR1_1599706311,11,TahmKench,3,0,7,3,0.43,6775,13,11837,33360,6656,62178,0.05883818225700247,0.1284760229467137,100,8,32,"[152, 57]",1616
TR1_1599706311,12,Velkoz,6,2,7,17,2.71,20315,18,31155,36623,1787,43230,0.05537124963528435,0.06943130099268278,228,55,111,"[29, 32, 135, 133]",1616
TR1_1599706311,13,Trundle,1,5,10,3,0.8,10280,15,29393,36883,10532,52886,0.14610117851710971,0.1420423947143295,109,0,29,"[217, 251, 79]",1616
TR1_1599706311,14,Alistar,1,6,6,5,1.83,10250,15,37798,37788,11920,80212,0.1878755448668839,0.14552601926672795,124,0,35,"[149, 136, 58]",1616
TR1_1599706311,15,Udyr,2,9,5,3,2.4,16000,18,68331,27567,6808,54791,0.12144183386983247,0.05226362382733268,214,0,64,"[129, 305, 228, 47]",1616
TR1_1599706311,16,Ahri,2,5,4,9,3.5,16020,18,53105,31186,8859,31429,0.09438058543946004,0.059123554952792236,393,118,145,"[227, 172, 58, 236]",1616
TR1_1599700034,1,Lissandra,1,5,6,12,2.83,11270,18,25633,38806,11053,19100,0.10971437437541558,0.16090095922053663,210,35,92,"[138, 65, 44, 28]",1494
TR1_1599700034,2,Cassiopeia,1,13,8,5,2.25,11525,18,55514,33711,5683,13430,0.23761328024180914,0.13977403492674562,510,24,162,"[237, 133, 102, 311]",1494
TR1_1599700034,3,Jayce,7,7,9,2,1.0,7510,14,30353,17838,1658,8994,0.12992004284873937,0.07396447224390562,219,11,29,"[28, 103, 136]",1494
TR1_1599700034,4,Talon,6,9,11,9,1.64,16815,18,85346,51463,9199,33992,0.19329961144986935,0.11443313504793869,315,42,199,"[187, 238, 120, 73]",1494
TR1_1599700034,5,Vladimir,7,2,6,7,1.5,8291,14,25969,37015,29067,17667,0.11115613045980689,0.1534739253761136,230,0,13,"[226, 38, 9]",1494
TR1_1599700034,6,Sylas,5,9,10,3,1.2,10505,18,62700,82777,30094,32089,0.14200979983625653,0.1840602175008039,264,13,77,"[120, 198, 222, 226]",1494
TR1_1599700034,7,Viktor,2,6,8,17,2.88,18250,18,65738,37621,9538,37835,0.14888883934472177,0.08365471858343171,327,50,35,"[311, 65, 26, 56]",1494
TR1_1599700034,8,Elise,2,17,10,5,2.2,17000,18,51853,47421,21211,32767,0.11744241331053594,0.10544456253940039,777,6,81,"[138, 129, 237, 221]",1494
TR1_1599700034,9,Pyke,6,9,6,5,2.33,15400,18,35534,41319,19993,32839,0.08048231423635717,0.09187591852818658,233,10,109,"[17, 63, 108, 237]",1494
TR1_1599700034,10,Janna,3,1,6,6,1.17,10500,14,6677,27878,11279,23357,0.028582989509839694,0.11558911267599828,174,7,23,"[26, 94, 97]",1494
TR1_1599700034,11,Kled,4,16,5,8,4.8,20335,18,74992,66339,50004,123595,0.1698488000491195,0.14750919601967913,195,46,142,"[7, 70, 105, 80]",1494
TR1_1599700034,12,DrMundo,5,3,9,9,1.33,13450,17,29086,80949,22671,103384,0.06587633988218751,0.17999587372651163,154,24,80,"[39, 175, 34, 222]",1494
TR1_1599700034,13,Galio,4,8,5,15,4.6,20525,18,36272,41836,5648,89704,0.08215188189095222,0.093026378054048,215,34,86,"[218, 151, 49, 242]",1494
TR1_1599700034,14,Garen,3,6,6,1,1.17,7000,14,27300,23296,7227,24779,0.1168518377621883,0.09659241649255494,90,0,25,"[87, 52, 251]",1494
TR1_1599700034,15,Ornn,8,4,6,6,1.67,13255,15,28798,34926,3793,80126,0.12326232048858649,0.14481319069975312,218,40,82,"[57, 238, 181]",1494
TR1_1599700034,16,Zed,8,6,10,4,1.0,9755,15,33386,27709,4731,15397,0.14289902431361456,0.1148918883643922,197,35,62,"[32, 16, 214]",1494
TR1_1599480447,1,Mordekaiser,1,6,9,2,0.89,9500,15,23219,30499,5487,28553,0.13198563977758607,0.14304288312998079,132,0,4,"[107, 16, 41]",1467
TR1_1599480447,2,Singed,1,2,6,6,1.33,14000,15,20697,26477,5528,28063,0.11764725473885475,0.12418136003307421,107,0,11,"[133, 65, 30]",1467
TR1_1599480447,3,Leona,2,6,4,18,6.0,21025,18,39150,72917,24540,146174,0.10639534038799293,0.21652313035459217,275,15,19,"[154, 67, 125, 18]",1467
TR1_1599480447,4,Vladimir,2,19,9,5,2.67,21550,18,69926,63881,45903,25894,0.19003137980695733,0.1896905455554867,353,0,4,"[65, 175, 135, 1]",1467
TR1_1599480447,5,Ryze,8,5,7,4,1.29,9770,15,26715,30192,2225,24494,0.1518550311802636,0.14160281565074304,293,31,56,"[149, 180, 4]",1467
TR1_1599480447,6,Malphite,3,3,11,3,0.55,11805,13,14978,23171,2033,17854,0.0851415779094489,0.1086736005610299,81,0,0,"[211, 67]",1467
TR1_1599480447,7,Chogath,3,3,6,1,0.67,7250,13,12699,35342,3326,22756,0.07218534218534152,0.16575643948347005,91,0,0,"[154, 64]",1467
TR1_1599480447,8,JarvanIV,4,20,4,7,6.75,23850,18,106063,41551,8018,57648,0.2882341896660572,0.1233850588112826,197,0,5,"[82, 92, 41, 48]",1467
TR1_1599480447,9,Vi,4,7,4,18,6.25,21785,18,36550,41292,32187,73147,0.09932793861611551,0.12261343909196842,194,0,8,"[63, 33, 19, 195]",1467
TR1_1599480447,10,LeeSin,8,5,7,4,1.29,10360,15,23102,21723,1690,16885,0.13131664118565822,0.10188312760829542,184,20,44,"[151, 211, 88]",1467
TR1_1599480447,11,Kaisa,7,6,11,7,1.18,13825,16,27760,26374,2532,12453,0.07544035607948875,0.0783156491393415,200,3,11,"[103, 71, 48]",1467
TR1_1599480447,12,Garen,7,8,7,5,1.86,14500,16,29828,29565,10031,33011,0.08106176957831414,0.0877930364727624,126,0,9,"[90, 20, 234]",1467
TR1_1599480447,13,Shaco,5,4,9,5,1.0,10150,15,16667,19437,2472,13171,0.09473965940888679,0.0911635748713121,106,0,1,"[72, 63, 6]",1467
TR1_1599480447,14,Renekton,5,6,6,3,1.5,9750,15,37847,26374,6769,32125,0.21512885361396014,0.12369619866209451,115,0,3,"[84, 103, 310]",1467
TR1_1599480447,15,Trundle,6,6,6,5,1.83,10750,17,40516,41848,19947,27764,0.11010606044184167,0.1242654450941614,153,0,6,"[74, 71, 79, 115]",1467
TR1_1599480447,16,Vayne,6,5,5,6,2.2,15020,17,18179,19334,3726,7224,0.0494029654232325,0.057413695480404786,119,17,24,"[165, 61, 6, 195]",1467
TR1_1599470521,1,Pyke,2,4,5,7,2.2,10500,15,12488,26460,9057,15392,0.06248330984459793,0.129167788461731,180,24,69,"[154, 237, 44]",1365
TR1_1599470521,2,Jhin,2,9,6,4,2.17,12200,15,40501,18387,2558,8399,0.20264040298389074,0.08976028389158604,149,0,29,"[71, 51, 87]",1365
TR1_1599470521,3,XinZhao,3,12,14,4,1.14,15850,17,35063,39147,9649,28764,0.08699772039870789,0.09763372564023318,94,0,36,"[107, 17, 181, 36]",1365
TR1_1599470521,4,Leona,3,5,7,12,2.43,12100,17,42427,69967,12218,138003,0.10526907308606981,0.17449949685575275,188,24,48,"[13, 102, 136, 149]",1365
TR1_1599470521,5,Chogath,4,8,5,8,3.2,20000,18,36107,80717,6305,152934,0.08958840637761116,0.20130989745895692,187,0,48,"[152, 57, 42, 21]",1365
TR1_1599470521,6,Gwen,4,11,7,8,2.71,16500,18,61022,58693,18249,73609,0.1514052281766489,0.1463815992649258,236,27,136,"[63, 46, 97, 227]",1365
TR1_1599470521,7,Ashe,5,7,6,12,3.17,16500,18,50082,27581,6615,18319,0.12426362473779701,0.06878772729414234,134,29,297,"[227, 112, 305, 52]",1365
TR1_1599470521,8,Kalista,5,13,6,6,3.17,20250,18,88612,34111,11024,29478,0.21986169258370308,0.08507511039732593,130,7,75,"[52, 32, 73, 29]",1365
TR1_1599470521,9,Camille,1,3,6,1,0.67,6900,14,21182,23667,6107,24234,0.1059813617888616,0.11553691773449258,157,1,84,"[154, 49, 40]",1365
TR1_1599470521,10,Talon,8,4,7,6,1.43,10000,15,29201,19418,1594,10024,0.1461057388766182,0.09479218666583425,176,57,200,"[150, 206, 240]",1365
TR1_1599470521,11,Mel,1,1,7,3,0.57,6900,14,18396,21307,4463,9628,0.09204431797117366,0.10401599740940423,135,149,310,"[133, 17, 97]",1365
TR1_1599470521,12,Yasuo,6,11,8,5,2.0,11500,17,43797,30439,2481,29416,0.10866825747565666,0.07591685437560136,355,31,38,"[238, 87, 305, 250]",1365
TR1_1599470521,13,Trundle,6,5,5,9,2.8,11250,17,45924,60303,29088,47513,0.11394599716380552,0.15039558871306172,169,0,44,"[67, 112, 120, 16]",1365
TR1_1599470521,14,Chogath,7,5,7,2,1.0,11000,15,27714,33615,5374,28260,0.1386664552763543,0.1640948758028657,100,0,19,"[129, 204, 205]",1365
TR1_1599470521,15,Nautilus,7,3,6,5,1.33,7500,14,20095,33879,8383,57869,0.10054197008950208,0.1653860357818985,124,4,51,"[67, 108, 181]",1365
TR1_1599470521,16,XinZhao,8,6,5,3,1.8,9750,15,30287,28115,10719,23023,0.1515364431690015,0.1372459142521877,93,0,99,"[77, 28, 226]",1365
TR1_1599459700,1,Ezreal,4,11,5,9,4.0,22750,18,41531,22098,5004,12559,0.11553270777831302,0.07290869967772967,227,56,83,"[170, 69, 58, 223]",1447
TR1_1599459700,2,Nautilus,8,10,6,10,3.33,22500,18,45751,52748,8312,113105,0.12727087875283263,0.17403235998474126,168,18,91,"[181, 136, 75, 129]",1447
TR1_1599459700,3,Rammus,6,2,6,9,1.83,12750,15,10593,53965,7175,118523,0.06324216622636858,0.2310926857771769,163,0,72,"[57, 69, 41]",1447
TR1_1599459700,4,Riven,7,10,7,9,2.71,19500,18,36846,30716,6215,33514,0.10249845986002333,0.10134292816719945,382,2,36,"[32, 17, 166, 227]",1447
TR1_1599459700,5,Caitlyn,3,13,6,2,2.5,14750,17,66487,41666,7548,19807,0.1849537027572971,0.13747012896677352,168,12,53,"[187, 305, 81, 116]",1447
TR1_1599459700,6,Renata,3,2,7,11,1.86,10750,17,12316,32889,9449,25125,0.034260985115025074,0.1085130716109229,212,22,87,"[76, 222, 225, 150]",1447
TR1_1599459700,7,Zilean,6,9,9,1,1.11,9780,15,39181,36722,21741,17545,0.2339110066876986,0.1572525238372865,674,35,56,"[46, 39, 30]",1447
TR1_1599459700,8,Kayn,4,9,5,10,3.8,22650,18,54269,42023,24602,47880,0.15096568932834956,0.1386491246536013,192,0,41,"[206, 49, 41, 84]",1447
TR1_1599459700,9,Jax,5,3,8,2,0.62,7000,14,21469,30690,9191,27131,0.12817106695308592,0.131425146041006,102,0,7,"[138, 46, 166]",1447
TR1_1599459700,10,Ornn,1,2,7,5,1.0,11250,14,19356,24696,7230,57686,0.11556041260549589,0.1057565948328885,160,16,54,"[60, 39, 19]",1447
TR1_1599459700,11,TwistedFate,1,6,7,1,1.0,14184,14,18684,24818,5808,17985,0.11154832865194685,0.10627833055675352,145,11,49,"[42, 237, 58]",1447
TR1_1599459700,12,Kaisa,7,12,5,9,4.2,18700,18,44620,31201,2900,34095,0.12412385475965565,0.10294386643542554,177,20,36,"[97, 206, 35, 250]",1447
TR1_1599459700,13,Hwei,5,3,7,2,0.71,7000,14,22127,20099,6257,11356,0.13209859147268363,0.08607177469701591,112,15,30,"[102, 171, 54]",1447
TR1_1599459700,14,Rumble,2,4,7,3,1.0,7500,14,21342,24848,4878,23285,0.12741519749557156,0.10640509909792185,217,19,33,"[97, 138, 45]",1447
TR1_1599459700,15,Udyr,2,3,7,3,0.86,7800,14,14749,17681,4121,20421,0.08805322990714898,0.07571784515995084,124,0,14,"[22, 226, 62]",1447
TR1_1599459700,16,Brand,8,10,10,10,2.0,18500,18,57658,49749,11989,23611,0.16039372164850363,0.16413982050360634,242,119,162,"[171, 49, 45, 133]",1447
TR1_1599451815,1,Milio,1,4,5,7,2.2,14500,17,32621,31862,25551,58897,0.08115724204896448,0.1020546437733601,239,16,83,"[215, 15, 76, 141]",1408
TR1_1599451815,2,Gnar,1,7,6,4,1.83,10505,17,54127,51095,11157,74714,0.1346576913304257,0.1636564035196076,212,25,123,"[113, 45, 34, 82]",1408
TR1_1599451815,3,Ivern,7,7,5,13,4.0,18020,18,35886,26973,3075,67613,0.08927760465629328,0.08639584789288211,394,23,79,"[151, 219, 76, 133]",1408
TR1_1599451815,4,Vladimir,8,11,6,1,2.0,10550,16,28047,63308,44588,39679,0.15876197566166622,0.23234189135619274,253,0,30,"[67, 135, 37]",1408
TR1_1599451815,5,Rell,6,2,6,6,1.33,9550,15,19201,36129,5723,75023,0.1086885383415335,0.1325941775835376,236,0,18,"[103, 224, 136]",1408
TR1_1599451815,6,Samira,6,6,9,1,0.78,9900,15,38362,25812,4027,32265,0.21714836118596967,0.0947293921248161,123,8,25,"[36, 208, 206]",1408
TR1_1599451815,7,Varus,5,10,5,14,4.8,22590,18,67336,24504,5845,17256,0.16751942662038,0.07848565028263807,181,44,469,"[90, 48, 46, 92]",1408
TR1_1599451815,8,DrMundo,2,0,7,4,0.57,10750,14,15739,43321,6461,34245,0.08909185006188988,0.15898719057110325,117,4,50,"[152, 123, 80]",1408
TR1_1599451815,9,TahmKench,4,0,6,2,0.33,6000,12,11916,24001,6266,35366,0.06745456030404745,0.0880838414598143,78,15,73,"[65, 41]",1408
TR1_1599451815,10,Vayne,4,2,8,0,0.25,6010,12,11756,14033,2427,7229,0.06654787383335459,0.051501662919805846,45,32,63,"[154, 81]",1408
TR1_1599451815,11,Leona,3,4,5,8,2.4,13000,16,12788,46724,2778,81433,0.03181466671741084,0.1496552395189109,128,26,34,"[13, 18, 232]",1408
TR1_1599451815,12,Kaisa,2,4,6,0,0.67,6750,14,26493,17061,3693,12408,0.14996276380589418,0.06261647016089326,140,2,40,"[107, 195, 102]",1408
TR1_1599451815,13,Trundle,5,14,3,9,7.67,18611,18,54009,71768,59529,79614,0.13436412020308633,0.229870206678124,198,0,114,"[71, 79, 22, 67]",1408
TR1_1599451815,14,Jhin,3,9,7,3,1.71,11800,16,63403,21069,2860,13905,0.15773607089292296,0.06748570982516355,201,8,13,"[238, 193, 7]",1408
TR1_1599451815,15,Illaoi,8,1,6,11,2.0,14701,16,25147,48813,12666,43817,0.14234407680564448,0.1791453738238369,149,16,42,"[23, 75, 9]",1408
TR1_1599451815,16,Yasuo,7,12,4,8,5.0,18005,18,81788,38213,13407,59079,0.20347317753051644,0.12239629850931365,319,16,39,"[64, 11, 181, 21]",1408
TR1_1599441787,1,Ambessa,8,0,5,0,0.0,3500,11,6294,11108,992,8782,0.03512616789892354,0.07057180167789147,64,0,10,"[71, 82]",1767
TR1_1599441787,2,Lillia,7,13,7,5,2.57,11350,17,40813,28030,9530,33307,0.06565569506253621,0.04097707677094628,235,10,127,"[180, 238, 92, 32]",1767
TR1_1599441787,3,Varus,7,6,8,13,2.38,11350,17,49021,38099,10877,27136,0.07885860655518802,0.05569775178152647,209,37,332,"[217, 2, 68, 172]",1767
TR1_1599441787,4,Lulu,4,1,6,5,1.0,7250,13,11129,19432,3416,12633,0.06210906851782228,0.12344967950981536,152,45,50,"[192, 215]",1767
TR1_1599441787,5,Renata,4,5,5,1,1.2,7250,13,26204,17970,1730,15366,0.14623826997947187,0.11415922116946968,98,40,74,"[217, 24]",1767
TR1_1599441787,6,Fiora,8,0,5,0,0.0,3500,11,5782,10503,3379,9052,0.03226747540018514,0.06672287216141325,41,1,12,"[84, 227]",1767
TR1_1599441787,7,Lux,6,8,7,5,1.86,15030,15,29119,21051,2351,23646,0.16250775732192507,0.13373244619491637,237,16,114,"[65, 61, 211]",1767
TR1_1599441787,8,Amumu,3,7,7,15,3.14,20500,18,49229,121076,34288,265894,0.07919391721664187,0.17700059752042857,245,36,90,"[152, 64, 238, 39]",1767
TR1_1599441787,9,Karma,2,4,5,8,2.4,10250,15,27001,31205,14974,72726,0.15068769186992878,0.19823583864969038,464,49,105,"[150, 180, 151]",1767
TR1_1599441787,10,Belveth,3,15,16,6,1.31,20500,18,169247,70367,30220,83749,0.27226114731531226,0.10286935864870084,327,0,46,"[52, 16, 90, 51]",1767
TR1_1599441787,11,Seraphine,2,8,7,4,1.71,10250,15,42137,25148,7047,24342,0.2351550309964658,0.15976110997981585,259,70,111,"[116, 103, 238]",1767
TR1_1599441787,12,DrMundo,1,18,6,4,3.67,20500,18,107206,174785,104248,261478,0.1724578244464163,0.25551711913830283,374,26,120,"[118, 92, 47, 112]",1767
TR1_1599441787,13,Hecarim,1,4,17,16,1.18,20500,18,49239,95879,44728,107219,0.07920984040429062,0.1401647912180318,287,4,155,"[67, 84, 29, 240]",1767
TR1_1599441787,14,Teemo,6,5,5,8,2.6,15000,15,31521,20993,5057,13718,0.17590853801527753,0.13336703065698763,210,0,38,"[33, 36, 50]",1767
TR1_1599441787,15,TahmKench,5,9,5,19,5.6,21360,18,49769,109183,57326,222171,0.0800625918261766,0.15961329583186992,344,91,194,"[98, 103, 175, 97]",1767
TR1_1599441787,16,Fizz,5,19,11,7,2.36,16850,18,107108,46624,14414,43963,0.17230037717343813,0.06816000909019328,269,9,110,"[129, 154, 68, 120]",1767
TR1_1599421513,1,Zed,8,4,7,5,1.29,10250,16,25349,24519,2046,12408,0.12938223407533966,0.11501989520834911,330,47,56,"[19, 82, 84]",1505
TR1_1599421513,2,Nasus,7,13,2,10,11.5,16250,18,42285,54834,35338,80571,0.11648756414619602,0.15027627584832495,214,0,38,"[75, 90, 312, 62]",1505
TR1_1599421513,3,Evelynn,6,8,9,4,1.33,14250,16,37687,32375,6428,21062,0.1038218068848729,0.08872510829286157,232,10,23,"[88, 211, 63]",1505
TR1_1599421513,4,Renekton,6,5,8,8,1.62,10750,16,29482,60649,18702,74071,0.08121668442417702,0.1662110385388087,156,0,18,"[15, 74, 175]",1505
TR1_1599421513,5,Tryndamere,4,2,6,3,0.83,7000,14,19283,26748,9745,18744,0.09842274124869056,0.1254778959865636,80,0,5,"[27, 217, 305]",1505
TR1_1599421513,6,Twitch,4,3,6,1,0.67,7000,14,16029,18461,3126,8401,0.08181326977703204,0.08660443452146707,71,2,12,"[81, 107, 237]",1505
TR1_1599421513,7,Karma,3,6,6,14,3.33,15950,18,27014,63859,47220,65119,0.07441912958178189,0.1750103059083054,396,63,130,"[15, 1, 78, 151]",1505
TR1_1599421513,8,Mordekaiser,3,15,8,4,2.38,15950,18,62871,50863,15748,46523,0.17319630166503758,0.13939218970801703,284,0,96,"[48, 1, 58, 103]",1505
TR1_1599421513,9,Singed,5,1,7,10,1.57,10250,15,19503,35126,11054,58791,0.09954712307345029,0.1647779420088621,88,1,181,"[195, 238, 92]",1505
TR1_1599421513,10,Mel,5,11,6,1,2.0,10250,15,48257,16043,2040,22510,0.24630693838418305,0.07525845345992487,208,352,599,"[135, 180, 133]",1505
TR1_1599421513,11,Ryze,7,10,9,10,2.22,16250,18,61748,40035,11260,34025,0.17010490601909628,0.10971880660515052,383,26,60,"[135, 50, 180, 30]",1505
TR1_1599421513,12,Gragas,1,6,8,0,0.75,7250,14,17419,23692,3577,25603,0.08891135683162518,0.11114143898872633,176,7,25,"[156, 36, 103]",1505
TR1_1599421513,13,Poppy,1,1,6,6,1.17,7250,14,17930,35523,4668,55231,0.09151770841312462,0.16663724964847432,114,0,13,"[18, 152, 227]",1505
TR1_1599421513,14,Zed,2,14,7,2,2.29,13900,18,73283,23696,5250,18451,0.201880001699573,0.06494239696307674,389,21,34,"[6, 211, 82, 41]",1505
TR1_1599421513,15,MonkeyKing,2,2,5,14,3.2,13700,18,28631,38577,10542,58129,0.07887360557926533,0.10572387813545511,256,0,34,"[41, 74, 68, 208]",1505
TR1_1599421513,16,Lillia,8,6,7,4,1.43,10250,16,32151,33059,11810,18277,0.1640986281965546,0.15508269017763265,210,7,31,"[30, 98, 198]",1505
TR1_1599418181,1,TwistedFate,6,9,7,9,2.57,21992,18,56102,24878,2130,27655,0.1591446233692997,0.06893405319918286,294,44,219,"[135, 29, 150, 180]",1488
TR1_1599418181,2,RekSai,1,7,6,5,2.0,10290,15,41053,39678,15558,40261,0.2389937472693705,0.21200398773707504,225,16,33,"[195, 82, 151]",1488
TR1_1599418181,3,Alistar,1,6,4,7,3.25,10560,15,35708,33286,12420,121843,0.20787836367412854,0.17785392510139314,161,0,29,"[18, 238, 2]",1488
TR1_1599418181,4,Vladimir,2,11,5,6,3.4,14295,18,52917,137252,85230,83226,0.15010916605057908,0.3803066117988019,245,0,102,"[41, 152, 118, 312]",1488
TR1_1599418181,5,Kaisa,2,7,8,6,1.62,13815,18,31551,32899,6036,18028,0.08950088659931844,0.09116086477873067,149,9,37,"[86, 312, 71, 72]",1488
TR1_1599418181,6,Lux,6,10,9,9,2.11,18575,18,44789,31202,5872,21438,0.12705343401336042,0.08645837422088298,255,112,302,"[54, 103, 129, 118]",1488
TR1_1599418181,7,Thresh,3,6,4,4,2.5,10030,15,21615,24871,6859,46987,0.061315555498329406,0.06891525248036763,117,7,50,"[79, 154, 29]",1488
TR1_1599418181,8,Leona,3,4,8,5,1.12,9755,15,19304,37506,1371,42453,0.054762157417216115,0.10392590343393397,93,11,71,"[75, 13, 151]",1488
TR1_1599418181,9,Katarina,7,9,6,10,3.17,19335,18,47595,26402,5497,40632,0.13501254725481096,0.07315637859385224,221,2,175,"[30, 180, 238, 74]",1488
TR1_1599418181,10,MissFortune,7,13,6,8,3.5,20655,18,78648,45885,20575,21938,0.2231016297970859,0.1271425614942478,167,35,396,"[195, 16, 77, 82]",1488
TR1_1599418181,11,Skarner,4,1,6,5,1.0,7020,12,16105,25323,2100,45533,0.09376016624336607,0.1353042286883372,142,0,23,"[216, 152]",1488
TR1_1599418181,12,Vi,4,6,7,1,1.0,7005,12,17574,16923,2549,41184,0.10230815706898819,0.0904232249003084,105,0,20,"[115, 36]",1488
TR1_1599418181,13,Shaco,8,3,6,6,1.5,7510,14,21915,23885,12815,15561,0.12757905798558372,0.12762154938786027,391,0,8,"[30, 92, 133]",1488
TR1_1599418181,14,Shaco,5,2,5,2,0.8,4500,11,8007,8420,420,4300,0.04661758623564636,0.04498888820743671,76,0,17,"[233, 71]",1488
TR1_1599418181,15,Yasuo,5,2,5,2,0.8,4550,11,10239,12618,965,9479,0.059611887043541596,0.06742155287965045,128,8,20,"[81, 77]",1488
TR1_1599418181,16,Hwei,8,6,10,2,0.8,7858,14,21171,27022,4181,13948,0.12325103447937502,0.14438264309793877,153,19,21,"[53, 38, 20]",1488
TR1_1599113942,1,Nasus,3,4,6,2,1.0,9250,15,22348,36434,9785,64756,0.135025730306881,0.1636128855665727,136,0,7,"[175, 20, 41]",1324
TR1_1599113942,2,Lissandra,3,2,8,2,0.5,9250,15,20783,25651,7500,12374,0.1255670789569747,0.11519247585997444,177,6,14,"[16, 65, 88]",1324
TR1_1599113942,3,Kayn,5,4,5,6,2.0,10500,16,31769,23279,6859,15608,0.08493684031355861,0.06836606442954689,193,0,6,"[68, 103, 19]",1324
TR1_1599113942,4,Vladimir,4,7,4,12,4.75,16000,18,44712,76148,35351,60516,0.11954072197377667,0.22362606380871147,207,0,4,"[152, 129, 41, 242]",1324
TR1_1599113942,5,Veigar,8,9,8,6,1.88,17000,18,51561,27632,3488,28037,0.1378509662919959,0.08114835669844131,340,27,45,"[65, 241, 48, 105]",1324
TR1_1599113942,6,Pantheon,5,7,5,4,2.2,10500,16,39801,19806,6881,17951,0.10640981417866702,0.05816438606776499,175,1,6,"[82, 217, 166]",1324
TR1_1599113942,7,Sett,2,7,7,5,1.71,18750,18,52947,62983,3501,107353,0.14155465930087327,0.18496332035077614,259,0,3,"[150, 64, 1, 136]",1324
TR1_1599113942,8,Malphite,2,8,4,7,3.75,17250,18,42441,49046,16764,163214,0.11346845293342436,0.14403458498356977,230,0,0,"[20, 71, 193, 226]",1324
TR1_1599113942,9,Akshan,6,1,4,3,1.0,6250,12,12074,12432,2393,6021,0.07295331607266779,0.055828138838764196,42,10,33,"[52, 71]",1324
TR1_1599113942,10,KogMaw,7,5,7,4,1.29,10750,16,32823,24476,3150,11584,0.19831337537043328,0.10991425407912844,97,16,21,"[227, 36, 75]",1324
TR1_1599113942,11,Morgana,6,3,4,1,1.0,6250,12,10712,14052,2042,5235,0.06472524782369013,0.0631067447266175,73,9,27,"[129, 67]",1324
TR1_1599113942,12,Jax,7,4,7,4,1.14,10750,16,33831,23939,4301,23247,0.2044001675439066,0.10750478381798242,165,0,8,"[107, 52, 58]",1324
TR1_1599113942,13,Darius,8,6,6,9,2.5,14837,18,25577,28010,7240,23054,0.06838222213361568,0.08225785910298551,115,3,22,"[82, 38, 228, 46]",1324
TR1_1599113942,14,Karma,1,3,5,6,1.8,10000,16,22678,57364,30766,71104,0.13701896493486299,0.257601468815934,333,8,15,"[141, 74, 15]",1324
TR1_1599113942,15,Nunu,1,6,6,2,1.33,10000,16,10261,28334,4876,20184,0.06199611899058354,0.1272392482950263,106,0,6,"[64, 231, 53]",1324
TR1_1599113942,16,Fiora,4,14,8,7,2.62,16000,18,85227,53611,28658,64695,0.2278563228740885,0.1574393645582039,593,5,23,"[103, 63, 27, 7]",1324
TR1_1599109669,1,Singed,5,3,6,6,1.5,9750,15,27611,36498,16653,34894,0.14424903448654422,0.1579083529949228,95,0,31,"[70, 75, 172]",1526
TR1_1599109669,2,Leona,6,6,6,15,3.5,18400,18,46769,49483,11253,120067,0.10093713931423916,0.11035804463562027,239,24,251,"[149, 193, 308, 151]",1526
TR1_1599109669,3,Viktor,7,5,7,3,1.14,7250,14,18326,17018,331,19060,0.09574585629073379,0.07362980488753923,143,8,26,"[180, 219, 218]",1526
TR1_1599109669,4,Bard,1,7,10,7,1.4,11000,17,41259,59876,33343,42112,0.08904543294667185,0.1335354228940324,244,67,124,"[133, 174, 76, 68]",1526
TR1_1599109669,5,Karma,1,8,5,7,3.0,11000,17,52673,68779,40974,120058,0.11367965393658132,0.1533914387645371,576,18,79,"[165, 88, 56, 133]",1526
TR1_1599109669,6,Varus,6,16,11,5,1.91,16400,18,93407,45635,13971,22151,0.2015911339306962,0.10177583156022561,159,116,428,"[65, 48, 51, 21]",1526
TR1_1599109669,7,Aatrox,8,4,7,13,2.43,13525,18,35147,86003,36239,77115,0.07585532949878786,0.1918021964466294,325,19,182,"[152, 27, 136, 63]",1526
TR1_1599109669,8,Ambessa,2,18,5,5,4.6,16400,18,98302,45019,34928,97211,0.21215543408005996,0.10040125782043303,352,0,87,"[68, 224, 73, 63]",1526
TR1_1599109669,9,Rell,2,6,4,18,6.0,18400,18,30006,36455,14166,145756,0.06475943963753972,0.08130336310853371,264,0,147,"[94, 177, 240, 238]",1526
TR1_1599109669,10,Vladimir,3,7,6,3,1.67,9750,15,33141,52787,47594,49567,0.17314224406353487,0.22838321975782547,314,0,2,"[118, 156, 305]",1526
TR1_1599109669,11,Alistar,3,3,9,7,1.11,9750,15,24960,34800,5047,47341,0.1304018797229565,0.15056266892506234,121,0,1,"[238, 233, 28]",1526
TR1_1599109669,12,Tryndamere,5,6,7,1,1.0,10050,15,28282,24931,6319,20664,0.14775512531786536,0.10786264495394449,52,0,10,"[154, 79, 112]",1526
TR1_1599109669,13,Anivia,8,14,7,4,2.57,17000,18,65784,57140,2350,41527,0.14197643665542395,0.1274324447699885,278,184,300,"[151, 195, 205, 180]",1526
TR1_1599109669,14,Fizz,4,2,8,3,0.62,7000,14,14745,20982,386,10484,0.07703579227754638,0.09077808585553974,97,1,9,"[129, 19, 56]",1526
TR1_1599109669,15,LeeSin,4,3,6,2,0.83,7000,14,16957,23372,4849,26730,0.08859024048565044,0.10111824994345223,230,14,25,"[82, 19, 138]",1526
TR1_1599109669,16,Pantheon,7,3,7,5,1.14,7250,14,27387,20746,2179,20829,0.14307982735516844,0.08975697268171372,149,1,26,"[84, 62, 34]",1526
TR1_1599101929,1,Briar,7,3,9,5,0.89,10500,16,26449,50110,41625,59324,0.07569802075868838,0.16447988712073475,182,3,17,"[23, 239, 52]",1478
TR1_1599101929,2,MonkeyKing,1,5,8,3,1.0,9550,15,32741,37845,10016,62015,0.19822445783332124,0.165972064848096,152,0,17,"[16, 84, 88]",1478
TR1_1599101929,3,Karma,1,3,6,5,1.33,9545,15,22091,57282,43609,134186,0.1337471057465789,0.2512145456597449,286,30,44,"[231, 198, 194]",1478
TR1_1599101929,4,Shaco,7,6,6,3,1.5,12525,16,38618,24187,5845,20055,0.11052417117195923,0.07939088272195986,532,0,12,"[129, 211, 68]",1478
TR1_1599101929,5,LeeSin,8,1,5,2,0.6,4000,11,11219,16258,4747,17004,0.06792699011136166,0.07130464444734017,181,7,15,"[116, 187]",1478
TR1_1599101929,6,FiddleSticks,2,7,6,7,2.33,13075,18,23536,32597,9543,35041,0.0673609542521246,0.10699727549453995,113,0,9,"[238, 65, 211, 62]",1478
TR1_1599101929,7,Kaisa,2,7,5,7,2.8,13010,18,56580,28112,8384,31925,0.16193202778224322,0.09227527724598256,251,11,15,"[217, 52, 107, 220]",1478
TR1_1599101929,8,MonkeyKing,6,5,6,3,1.33,13280,15,17982,27826,6715,50966,0.10887069524977588,0.12203482199070856,123,0,12,"[154, 13, 39]",1478
TR1_1599101929,9,Katarina,6,3,6,5,1.33,13295,15,34425,31913,13772,51003,0.20841739253164696,0.139960281375901,77,0,35,"[63, 20, 240]",1478
TR1_1599101929,10,Yasuo,4,17,2,9,13.0,16750,18,97759,43607,27466,99218,0.27978276394660145,0.14313526613440425,321,20,49,"[154, 27, 150, 84]",1478
TR1_1599101929,11,TahmKench,4,10,1,16,26.0,16745,18,35151,39554,37465,99265,0.10060361837877081,0.12983102850323125,152,33,83,"[67, 78, 149, 94]",1478
TR1_1599101929,12,Senna,8,2,6,1,0.5,4016,11,8451,11724,2564,4452,0.05116916953593552,0.051417280223397754,39,4,8,"[217, 17]",1478
TR1_1599101929,13,Udyr,5,10,6,4,2.33,15400,18,46722,33583,11595,46435,0.13371737127268463,0.11023300356470454,322,0,15,"[103, 238, 81, 36]",1478
TR1_1599101929,14,Volibear,5,5,5,10,3.0,15335,18,24591,52906,26571,107788,0.07038107243692766,0.17365737921444283,170,0,9,"[118, 23, 78, 67]",1478
TR1_1599101929,15,Ezreal,3,3,7,1,0.57,9098,15,21593,20558,2730,17599,0.1307306412845303,0.09015997131500277,367,44,64,"[113, 250, 61]",1478
TR1_1599101929,16,Pantheon,3,1,8,3,0.5,9010,15,16668,24611,2234,25009,0.10091354770684954,0.10793639013980887,154,1,23,"[16, 150, 82]",1478
TR1_1599094719,1,Vayne,1,8,5,16,4.8,19250,18,102417,50878,30235,59528,0.179377028520982,0.08424347926468202,145,69,101,"[154, 166, 138, 74]",1613
TR1_1599094719,2,Orianna,1,17,10,9,2.6,24048,18,90624,41212,12927,34040,0.15872264218954474,0.06823895088041661,189,24,76,"[129, 30, 172, 238]",1613
TR1_1599094719,3,Neeko,8,8,6,6,2.33,12422,16,32166,23369,3496,17405,0.134944614093051,0.10082488667420894,205,9,47,"[38, 45, 28]",1613
TR1_1599094719,4,Lissandra,2,3,7,3,0.86,11256,13,13319,24221,5003,14809,0.05587768716469205,0.10450113352334907,128,33,67,"[89, 219]",1613
TR1_1599094719,5,Malphite,2,4,7,2,0.86,7289,13,16627,19561,1413,20114,0.06975487763300496,0.08439831597750612,138,0,34,"[29, 194]",1613
TR1_1599094719,6,KSante,7,11,5,8,3.8,11750,16,63758,31213,6340,90767,0.2674768995625352,0.13466686638874445,321,0,57,"[63, 193, 39]",1613
TR1_1599094719,7,Pyke,3,8,7,10,2.57,16330,17,43026,40377,14624,30758,0.075358339044114,0.06685680073302111,278,58,132,"[103, 27, 136, 151]",1613
TR1_1599094719,8,Kayn,3,10,8,9,2.38,12227,17,77197,38540,17205,43022,0.13520528854858024,0.06381451812144726,238,0,84,"[82, 27, 237, 63]",1613
TR1_1599094719,9,Swain,6,11,10,10,2.1,19612,18,63687,168106,86646,117364,0.11154390056640258,0.2783460176981191,330,112,510,"[152, 135, 57, 98]",1613
TR1_1599094719,10,Akshan,8,5,7,10,2.14,14828,16,43271,25246,5399,18388,0.18152794195715252,0.10892508259812919,150,21,63,"[77, 234, 172]",1613
TR1_1599094719,11,Mel,5,12,10,3,1.5,15648,17,59418,33852,2415,19824,0.1040677841632569,0.056052163166041044,242,267,427,"[68, 48, 311, 133]",1613
TR1_1599094719,12,DrMundo,5,3,5,12,3.0,11006,17,46866,122030,57059,178771,0.08208407162649294,0.20205439532931238,243,31,264,"[13, 216, 37, 215]",1613
TR1_1599094719,13,MonkeyKing,6,12,8,10,2.75,19059,18,87723,108948,55764,185337,0.15364094534062658,0.18039367480696047,347,0,213,"[2, 41, 136, 90]",1613
TR1_1599094719,14,Naafiri,7,8,12,10,1.5,15250,16,27974,41357,6466,35044,0.11735466325550473,0.1784334806244333,286,0,100,"[68, 19, 73]",1613
TR1_1599094719,15,DrMundo,4,0,6,4,0.67,6512,13,22907,47326,14243,68850,0.09609898334559507,0.20418782007559788,132,16,90,"[13, 88]",1613
TR1_1599094719,16,Amumu,4,2,9,1,0.33,6506,13,18346,19484,3060,32696,0.07696433298846447,0.08406241413803106,93,6,55,"[65, 48]",1613
TR1_1599090789,1,Rengar,7,11,7,6,2.43,14550,18,38874,37045,15744,26867,0.12014726073993034,0.1262761608178385,239,0,36,"[118, 12, 150, 151]",1368
TR1_1599090789,2,Samira,3,9,10,5,1.4,13210,18,38453,39193,11426,30121,0.11884361119001981,0.13359719761528574,132,15,52,"[63, 138, 77, 107]",1368
TR1_1599090789,3,Morgana,3,6,8,9,1.88,13234,18,36143,32668,9523,56831,0.11170423358027297,0.11135617463171339,207,118,223,"[180, 237, 70, 227]",1368
TR1_1599090789,4,Kennen,1,15,6,6,3.5,16460,18,59580,35942,9173,33913,0.18414079168855352,0.1225165914529322,250,192,302,"[103, 97, 29, 150]",1368
TR1_1599090789,5,Malzahar,1,6,6,14,3.33,16450,18,23715,49938,4986,24815,0.07329420481216584,0.17022296673408785,225,0,71,"[13, 44, 238, 50]",1368
TR1_1599090789,6,Teemo,4,9,7,3,1.71,10266,16,35748,40655,7027,17077,0.21165790617190477,0.20127251698081602,148,0,43,"[129, 120, 107]",1368
TR1_1599090789,7,Leona,4,2,5,11,2.6,13756,16,17041,38965,2761,71202,0.10089813920781888,0.1929046054537286,98,18,48,"[64, 136, 103]",1368
TR1_1599090789,8,Lux,6,12,7,8,2.86,16348,18,43074,31799,5078,20344,0.13312668844667555,0.10839228850879436,447,22,93,"[238, 222, 68, 211]",1368
TR1_1599090789,9,Jhin,5,5,7,6,1.57,13422,17,35782,31122,5549,14626,0.21186210493702612,0.15407662263861238,135,3,43,"[47, 22, 84, 82]",1368
TR1_1599090789,10,Azir,7,5,9,10,1.67,13752,18,27833,30927,4573,27928,0.08602312338172606,0.10542031346774709,189,5,46,"[36, 176, 180, 71]",1368
TR1_1599090789,11,Thresh,2,0,4,4,1.0,4020,11,8859,11782,1542,10456,0.0524536069379381,0.05833066569966124,66,12,90,[312],1368
TR1_1599090789,12,Ashe,2,3,5,1,0.8,4002,11,9982,9882,1556,3067,0.05910202985922983,0.04892443297126277,35,15,153,"[74, 57]",1368
TR1_1599090789,13,Akshan,5,9,6,6,2.5,11706,17,30382,27524,6782,14647,0.17988880846447247,0.13626460864536477,213,17,72,"[82, 51, 227, 238]",1368
TR1_1599090789,14,Twitch,6,7,9,13,2.22,16218,18,55885,35855,4573,24354,0.17272008616065593,0.12221830677160087,81,1,34,"[154, 170, 71, 52]",1368
TR1_1599090789,15,Senna,8,3,7,4,1.0,9550,15,15773,20824,6170,13125,0.09338972933637553,0.10309387055160572,68,5,18,"[92, 171, 47]",1368
TR1_1599090789,16,Zoe,8,4,5,3,1.4,9502,15,15326,21236,2433,9657,0.0907476750852343,0.10513267705894846,188,12,47,"[151, 60, 16]",1368
TR1_1598633916,1,Ezreal,6,9,4,9,4.5,19115,18,44217,36788,15786,19180,0.12485787707032736,0.11478606831044542,220,71,95,"[166, 70, 22, 129]",1289
TR1_1598633916,2,Blitzcrank,8,2,7,11,1.86,13115,18,21848,33784,6544,39418,0.061693657000821134,0.10541232082675202,158,7,25,"[18, 211, 136, 71]",1289
TR1_1598633916,3,MonkeyKing,8,14,7,2,2.29,14000,18,60487,29024,8583,24564,0.17079903635884516,0.09056125345204692,145,0,25,"[224, 92, 226, 77]",1289
TR1_1598633916,4,Fiora,4,2,7,4,0.86,7500,14,12818,18364,3770,18495,0.08472740711868103,0.09573311960554416,54,1,25,"[48, 47, 80]",1289
TR1_1598633916,5,Leblanc,4,6,7,2,1.14,7540,14,20828,21252,1214,8445,0.1376724209915765,0.11078897759579075,119,1,35,"[19, 227, 120]",1289
TR1_1598633916,6,Mel,5,9,7,10,2.71,16390,18,51625,29754,7039,21626,0.14577574934595422,0.09283753092041319,272,156,526,"[88, 227, 69, 68]",1289
TR1_1598633916,7,Sett,5,11,6,7,3.0,16265,18,65089,49724,12269,84118,0.18379569808626106,0.15514647733530895,125,0,205,"[53, 16, 176, 82]",1289
TR1_1598633916,8,Heimerdinger,3,7,8,7,1.75,13325,18,38703,29374,2374,14921,0.10928716191944274,0.0916519774834856,211,54,171,"[135, 2, 172, 113]",1289
TR1_1598633916,9,Leona,3,7,6,7,2.33,15250,18,38166,58833,10927,80706,0.10777149652415098,0.1835698990101263,206,14,162,"[216, 36, 181, 149]",1289
TR1_1598633916,10,Darius,2,6,7,4,1.43,9765,15,17066,39892,12114,39714,0.11280694255677808,0.20795690672062744,88,0,24,"[75, 103, 172]",1289
TR1_1598633916,11,Sett,2,4,9,6,1.11,9760,15,26515,26697,1676,26965,0.17526429093622176,0.1391741408801573,76,0,7,"[6, 165, 222]",1289
TR1_1598633916,12,Ornn,1,6,5,6,2.4,17350,16,28640,28226,3098,58211,0.1893155001985826,0.14714148678132527,100,18,106,"[234, 239, 136]",1289
TR1_1598633916,13,TwistedFate,1,6,6,6,2.0,14758,16,19499,22034,2988,8345,0.12889175784915047,0.11486724257486558,180,48,125,"[48, 65, 105]",1289
TR1_1598633916,14,Neeko,6,9,6,9,3.0,20135,18,34004,53213,9461,22521,0.09601932369419734,0.1660344726614216,262,33,78,"[134, 211, 69, 71]",1289
TR1_1598633916,15,Senna,7,2,7,3,0.71,7010,13,14591,15857,3589,10704,0.09644585837175497,0.08266216697564473,63,7,23,"[79, 107]",1289
TR1_1598633916,16,Smolder,7,3,6,2,0.83,7000,13,11327,19504,6565,6378,0.07487582197725463,0.10167595886604475,70,10,27,"[62, 84]",1289
TR1_1598629223,1,Malzahar,4,11,6,5,2.67,11509,17,38384,22543,2041,15018,0.2539935710336121,0.1193595882596279,182,55,118,"[219, 110, 98, 36]",1426
TR1_1598629223,2,Evelynn,7,6,7,9,2.14,13515,18,27848,32243,6847,24443,0.08710598552637903,0.10953572434374585,169,13,18,"[48, 46, 133, 312]",1426
TR1_1598629223,3,Aphelios,1,1,6,13,2.33,11002,17,27700,30223,10085,30733,0.08664421372450637,0.1026750250216195,218,31,93,"[81, 22, 71, 52]",1426
TR1_1598629223,4,Zyra,1,14,9,3,1.89,11019,17,47346,29951,2593,22290,0.14809194205975926,0.10174987284747639,315,16,61,"[45, 112, 50, 74]",1426
TR1_1598629223,5,Tristana,2,8,7,5,1.86,12266,16,28740,22696,4051,12954,0.19017648567299922,0.12016992606543918,106,0,2,"[79, 87, 107]",1426
TR1_1598629223,6,Yasuo,2,2,8,7,1.12,10275,16,13442,23640,1891,22750,0.08895296113540227,0.1251685258744697,143,1,12,"[225, 305, 239]",1426
TR1_1598629223,7,Jhin,5,18,6,1,3.17,16012,18,95208,32692,4437,24725,0.2977962122805684,0.11106210533659747,104,2,23,"[220, 34, 113, 36]",1426
TR1_1598629223,8,Gragas,3,5,7,3,1.14,9758,15,21626,27355,8698,29326,0.14310507524431013,0.14483668870649619,170,3,49,"[30, 136, 67]",1426
TR1_1598629223,9,Nunu,3,4,10,5,0.9,9765,15,12024,33772,14330,24026,0.07956896382904555,0.17880939958143233,182,29,62,"[30, 308, 68]",1426
TR1_1598629223,10,Garen,6,1,6,3,0.67,6766,12,6533,12430,1288,12607,0.0432309280630933,0.06581307058376612,65,0,15,"[115, 12]",1426
TR1_1598629223,11,Lulu,5,1,9,18,2.11,19506,18,5764,36092,9140,37502,0.018030057411287596,0.12261047058692,165,26,30,"[88, 240, 5, 198]",1426
TR1_1598629223,12,Katarina,6,3,6,1,0.67,6760,12,11607,18353,3409,10713,0.07681053260504382,0.09717380652378808,44,0,29,"[195, 138]",1426
TR1_1598629223,13,MasterYi,8,13,7,8,3.0,16289,18,47936,46960,20448,66928,0.14993693996793994,0.1595303151156525,221,0,21,"[219, 206, 20, 24]",1426
TR1_1598629223,14,Leona,8,7,4,12,4.75,18261,18,31505,57342,7570,120882,0.09854326812871494,0.19480007469744234,280,20,54,"[1, 136, 71, 64]",1426
TR1_1598629223,15,Jinx,4,5,6,11,2.67,13018,17,18763,28079,3799,18087,0.12416148241649366,0.14866899440498052,91,16,78,"[14, 251, 52, 107]",1426
TR1_1598629223,16,FiddleSticks,7,10,5,7,3.4,20087,18,36399,28858,10355,44070,0.11385138090084447,0.09803641205054597,136,0,12,"[156, 37, 180, 211]",1426
TR1_1598623271,1,Zac,1,3,5,6,1.8,9818,15,25131,64350,56796,58771,0.15154606139550214,0.2597123579049295,139,10,40,"[136, 251, 118]",1440
TR1_1598623271,2,Olaf,1,7,6,4,1.83,13523,15,32520,37317,19756,39158,0.19610122001810062,0.15060857743969425,146,26,48,"[305, 226, 71]",1440
TR1_1598623271,3,Jhin,3,0,9,1,0.11,6004,12,9070,14655,196,6991,0.05469770970270684,0.05914896078562911,36,0,5,"[7, 170]",1440
TR1_1598623271,4,Rammus,3,1,6,0,0.17,6006,12,7045,19074,2377,34139,0.04248540971499836,0.0769837802793643,70,0,4,"[240, 85]",1440
TR1_1598623271,5,Jax,4,14,5,12,5.2,22037,18,72616,64404,23166,102659,0.1606548089174036,0.17287722530540936,246,0,13,"[51, 46, 63, 238]",1440
TR1_1598623271,6,Elise,6,13,8,2,1.88,11256,17,60657,37450,14211,25852,0.13419857878364883,0.1005264873118981,474,1,42,"[97, 138, 150, 129]",1440
TR1_1598623271,7,Malzahar,2,12,3,11,7.67,23410,18,68078,53231,21323,66774,0.15061535684225627,0.14288465170598608,322,0,2,"[56, 205, 67, 92]",1440
TR1_1598623271,8,Malphite,4,13,3,14,9.0,23167,18,58758,53735,7231,162275,0.12999623350297335,0.14423941120859812,243,0,8,"[44, 97, 64, 72]",1440
TR1_1598623271,9,Sett,2,10,3,12,7.33,24410,18,74423,50911,21715,61153,0.16465339883383692,0.13665756653775274,110,0,2,"[17, 305, 227, 70]",1440
TR1_1598623271,10,Lillia,8,6,5,9,3.0,11057,17,44106,34762,12890,31659,0.09758074879011773,0.09331170040855531,189,4,34,"[214, 28, 312, 98]",1440
TR1_1598623271,11,Fiora,7,6,10,1,0.7,7018,14,29060,27930,12143,32990,0.17523614980759408,0.1127248826322018,147,5,14,"[73, 49, 36]",1440
TR1_1598623271,12,Vi,5,1,10,0,0.1,10515,13,23362,25215,1344,18116,0.14087583408021415,0.10176699319273609,84,0,10,"[171, 120]",1440
TR1_1598623271,13,Ornn,6,2,5,10,2.4,10772,17,23593,42187,12573,137126,0.05219767881011016,0.11323984298143806,151,38,51,"[34, 42, 94, 13]",1440
TR1_1598623271,14,Thresh,5,1,7,0,0.14,6511,13,17849,24895,3561,31325,0.10763499896131849,0.10047629355578709,130,15,33,"[136, 308]",1440
TR1_1598623271,15,Corki,8,8,7,8,2.29,10885,17,49766,35862,9604,19142,0.11010319551965314,0.0962631145403622,194,25,63,"[138, 32, 82, 84]",1440
TR1_1598623271,16,Rell,7,1,6,6,1.17,7011,14,21794,34336,5540,69673,0.1314226163195653,0.13857815420965788,198,0,10,"[85, 218, 215]",1440
TR1_1598568064,1,Shaco,1,6,7,3,1.29,10483,15,33887,23361,3230,16546,0.13355270624777524,0.06626127255943924,242,18,58,"[221, 151, 150]",1622
TR1_1598568064,2,Pyke,1,3,8,5,1.0,10140,15,23877,38801,17522,23250,0.09410001164985635,0.11005615774185379,152,21,62,"[46, 103, 116]",1622
TR1_1598568064,3,DrMundo,6,6,6,6,2.0,11201,16,42859,112463,23228,98526,0.16890963156011127,0.31898979661457205,198,32,185,"[9, 152, 64]",1622
TR1_1598568064,4,Volibear,8,6,6,5,1.83,9823,16,21436,29093,14030,24429,0.08448254913481824,0.08252098954572855,121,0,31,"[22, 82, 198]",1622
TR1_1598568064,5,Mordekaiser,8,5,5,6,2.2,10115,15,33564,43566,15526,46486,0.13227809573380106,0.12357006652689997,119,0,75,"[97, 133, 151]",1622
TR1_1598568064,6,Shaco,2,13,6,8,3.5,23058,18,62792,43733,5022,25417,0.13722482961069377,0.11129471617481924,548,0,117,"[172, 84, 68, 45]",1622
TR1_1598568064,7,Heimerdinger,2,9,8,13,2.75,22056,18,77439,49750,12064,56418,0.1692336863921639,0.12660536681203635,491,221,531,"[305, 238, 180, 45]",1622
TR1_1598568064,8,DrMundo,5,6,7,7,1.86,13730,18,57212,66292,23693,163240,0.12503134648305778,0.16870216819593561,211,91,296,"[37, 2, 118, 48]",1622
TR1_1598568064,9,Chogath,7,4,7,7,1.57,10820,15,25291,40153,7843,58048,0.09967253011980494,0.11389145436583238,161,1,48,"[181, 150, 149]",1622
TR1_1598568064,10,Mel,6,6,11,5,1.0,10905,16,35793,35037,6899,22988,0.14106428115171396,0.09937837790105805,180,271,538,"[311, 50, 68]",1622
TR1_1598568064,11,Karthus,7,8,8,4,1.5,14990,15,37031,30084,4800,28798,0.14594019440211894,0.08533188474461599,251,21,83,"[311, 65, 89]",1622
TR1_1598568064,12,Yasuo,5,8,12,4,1.0,17345,18,64031,69965,8961,52006,0.13993242476792847,0.17805008976917946,273,8,142,"[120, 64, 239, 174]",1622
TR1_1598568064,13,Aphelios,3,14,8,7,2.62,20110,18,92996,49227,20344,31653,0.20323190094019644,0.12527591105302974,133,52,228,"[46, 238, 47, 220]",1622
TR1_1598568064,14,Leblanc,4,7,7,4,1.57,11060,16,34403,31417,7631,33647,0.07518447132107534,0.0799525963501659,354,12,91,"[22, 133, 63]",1622
TR1_1598568064,15,Ahri,3,8,7,12,2.86,22060,18,34778,59477,47484,80161,0.07600481527053142,0.15136026487083343,399,131,314,"[221, 239, 90, 27]",1622
TR1_1598568064,16,Xayah,4,8,5,6,2.8,11123,16,33933,23089,6923,11829,0.07415652521435293,0.05875888677400027,158,16,110,"[170, 154, 36]",1622
TR1_1598563227,1,Senna,1,12,4,12,6.0,17681,18,46905,27958,15135,15612,0.1258187366853462,0.0785009217797001,168,23,59,"[32, 187, 135, 36]",1510
TR1_1598563227,2,LeeSin,1,13,3,15,9.33,16750,18,82944,62232,21315,43524,0.22249103755575536,0.17473472027657433,339,37,85,"[120, 46, 6, 84]",1510
TR1_1598563227,3,MasterYi,6,2,7,3,0.71,6900,14,23773,37306,16231,27849,0.12452067606543715,0.1597519197138844,114,0,31,"[170, 17, 58]",1510
TR1_1598563227,4,Janna,6,3,6,3,1.0,10400,14,9200,23838,8847,32642,0.04819205868976461,0.1020814678485602,218,4,12,"[218, 305, 53]",1510
TR1_1598563227,5,Chogath,7,6,5,9,3.0,13010,18,24433,59004,9735,108981,0.06554072180240382,0.1656708616946906,212,0,29,"[56, 57, 233, 103]",1510
TR1_1598563227,6,Teemo,4,9,11,5,1.27,10500,17,47915,33370,2402,18052,0.12852869743801995,0.09369662507770199,180,0,25,"[170, 97, 86, 129]",1510
TR1_1598563227,7,Pyke,3,2,8,11,1.62,17447,18,23636,51212,22772,31929,0.06340185843588304,0.14379165576993863,251,24,89,"[40, 73, 27, 70]",1510
TR1_1598563227,8,Vladimir,3,12,7,2,2.0,15960,18,58717,50707,49709,25699,0.15750439133899985,0.14237481469849936,375,0,44,"[40, 240, 30, 16]",1510
TR1_1598563227,9,Mel,8,6,8,7,1.62,14100,16,27005,23055,1371,7982,0.14144813223021593,0.09872552723174538,265,227,521,"[171, 85, 135]",1510
TR1_1598563227,10,Alistar,5,4,8,2,0.75,7250,13,15142,30233,6409,41699,0.07931417934216217,0.1294645847103881,109,0,34,"[181, 32]",1510
TR1_1598563227,11,Irelia,2,9,6,6,2.5,10500,15,38552,27675,8196,25910,0.2019290989824065,0.11850979405851003,162,21,104,"[102, 39, 19]",1510
TR1_1598563227,12,Blitzcrank,2,6,6,14,3.33,10525,15,27742,30767,8786,33500,0.1453094032532229,0.13175096399688824,182,11,100,"[222, 110, 233]",1510
TR1_1598563227,13,Garen,7,9,10,5,1.4,13910,18,52183,34105,3988,37193,0.13997874763504242,0.09576007221938866,100,0,34,"[206, 251, 41, 82]",1510
TR1_1598563227,14,KSante,4,5,5,9,2.8,14000,17,36062,37563,14700,66820,0.09673580910854934,0.1054703284835063,330,0,28,"[76, 136, 41, 63]",1510
TR1_1598563227,15,TahmKench,5,2,6,4,1.0,7250,13,17423,35948,9257,60747,0.09126138870354038,0.1539339824634897,145,37,52,"[56, 218]",1510
TR1_1598563227,16,Karma,8,5,5,6,2.2,12500,16,32079,24703,3236,23261,0.16802506273325038,0.10578175997653395,279,24,87,"[93, 172, 195]",1510
TR1_1598559369,1,Gangplank,1,4,7,7,1.57,11512,17,25846,30999,9757,21404,0.10623605086069904,0.13773542535578132,263,0,15,"[84, 82, 195, 5]",1577
TR1_1598559369,2,KogMaw,1,10,10,3,1.3,14502,17,58182,31136,5252,14915,0.23914125753389243,0.13834301777124722,177,20,34,"[84, 107, 115, 16]",1577
TR1_1598559369,3,Chogath,8,9,5,9,3.6,19018,18,47965,67256,13080,79026,0.104459034154963,0.13263481905444618,169,0,29,"[94, 24, 211, 193]",1577
TR1_1598559369,4,Kaisa,6,1,6,0,0.17,6002,12,6837,13630,818,9650,0.028105208583804133,0.060561495229785565,43,7,13,"[89, 227]",1577
TR1_1598559369,5,Vladimir,4,12,5,7,3.8,16004,18,74282,63086,62682,54931,0.16177109814945317,0.12441204995445969,371,0,23,"[68, 21, 30, 48]",1577
TR1_1598559369,6,Teemo,4,7,5,10,3.4,16002,18,74811,50677,20346,47522,0.16292490386228445,0.09994078072959306,308,0,13,"[133, 65, 81, 45]",1577
TR1_1598559369,7,KSante,5,3,6,6,1.5,9754,15,14211,35578,18485,42269,0.058413383475091486,0.15808191331584923,241,0,7,"[198, 20, 136]",1577
TR1_1598559369,8,Quinn,5,6,7,3,1.29,9764,15,39710,22566,4657,12400,0.163217969438617,0.10026739707001348,100,2,11,"[71, 238, 51]",1577
TR1_1598559369,9,Malzahar,2,3,8,7,1.25,14280,17,31546,26555,2374,16797,0.06870146963695145,0.0523698978266141,248,69,88,"[154, 238, 45, 104]",1577
TR1_1598559369,10,Darius,2,9,7,3,1.71,10791,17,49629,67002,43146,80056,0.10808267996663891,0.13213445111599983,215,0,41,"[23, 150, 53, 231]",1577
TR1_1598559369,11,Senna,8,9,6,8,2.83,15622,18,59563,35079,22126,17715,0.12971626060441283,0.06918034702889955,134,43,84,"[68, 217, 238, 195]",1577
TR1_1598559369,12,Lux,7,9,9,4,1.44,11022,16,39893,25880,3062,32079,0.16397253224100453,0.11498961773260048,245,16,89,"[211, 16, 129]",1577
TR1_1598559369,13,Pantheon,7,4,6,7,1.83,11036,16,42987,48866,25540,53779,0.1766880642360179,0.21712158545146668,210,0,57,"[82, 154, 150]",1577
TR1_1598559369,14,Poppy,3,7,6,9,2.67,15028,18,27325,100698,52348,177545,0.059510275276622435,0.1985855689030316,208,1,32,"[67, 13, 78, 149]",1577
TR1_1598559369,15,Camille,3,11,7,6,2.43,13044,18,94055,96721,35839,113510,0.20483427834867374,0.19074208538695595,372,1,58,"[152, 23, 166, 2]",1577
TR1_1598559369,16,Smolder,6,0,6,1,0.17,6122,12,15625,16407,2093,6971,0.0642255336308735,0.07289954807325602,89,10,19,"[47, 133]",1577
TR1_1598555793,1,Chogath,4,7,5,6,2.6,15330,16,54439,62620,7214,116730,0.10462613595796022,0.12796703289992692,323,6,162,"[13, 149, 57]",1671
TR1_1598555793,2,Kaisa,8,6,8,1,0.88,9500,15,21881,26708,7582,16868,0.11963455709795871,0.113908840031777,198,2,26,"[103, 52, 22]",1671
TR1_1598555793,3,Kaisa,6,2,9,2,0.44,9500,15,18381,26217,3616,15948,0.10049866143383267,0.11181561829528709,226,11,77,"[107, 36, 9]",1671
TR1_1598555793,4,Malphite,5,14,7,11,3.57,23760,18,76853,66807,17278,191231,0.14770272289228822,0.1365238711722806,284,0,325,"[20, 109, 32, 237]",1671
TR1_1598555793,5,Ivern,7,2,7,10,1.71,29250,18,26034,39835,28769,66744,0.05003536580104329,0.08140456506211856,361,27,200,"[118, 227, 229, 222]",1671
TR1_1598555793,6,Swain,7,8,6,2,1.67,15000,18,68118,93850,56147,110608,0.13091554178855438,0.19178575360262246,315,496,1139,"[238, 151, 138, 240]",1671
TR1_1598555793,7,Swain,8,1,6,6,1.17,9500,15,32851,38335,14024,36244,0.17961041985716925,0.16349495160568003,196,9,74,"[301, 238, 311]",1671
TR1_1598555793,8,Swain,6,6,5,2,1.6,9500,15,38484,49429,30154,56034,0.2104063180863423,0.2108097494993538,237,76,374,"[238, 141, 108]",1671
TR1_1598555793,9,Milio,2,1,6,4,0.83,7000,13,10211,26121,7468,30794,0.055831626260787054,0.11140629836902848,135,38,70,"[231, 13]",1671
TR1_1598555793,10,Kennen,2,4,6,1,0.83,7466,13,30792,23323,2521,18680,0.16835378137247187,0.09947132265313115,166,50,91,"[38, 211]",1671
TR1_1598555793,11,Gwen,1,0,7,2,0.29,6500,13,19561,20313,3457,24701,0.1069472756834969,0.08663670773668472,123,31,103,"[180, 71]",1671
TR1_1598555793,12,Kayn,4,6,8,7,1.62,16401,16,38239,40336,15850,73027,0.07349176890887955,0.08242910935092874,231,10,141,"[63, 38, 226]",1671
TR1_1598555793,13,Warwick,1,2,6,0,0.33,6500,13,10739,24023,7972,23326,0.058717360207941265,0.10245651180905771,72,0,78,"[74, 152]",1671
TR1_1598555793,14,Teemo,3,2,5,21,4.6,25250,18,58435,48659,5798,46934,0.11230526353191672,0.0994364024557931,293,0,67,"[175, 236, 108, 49]",1671
TR1_1598555793,15,Cassiopeia,3,21,4,2,5.75,23850,18,119706,54138,53669,121485,0.23006105776030297,0.11063331737275738,571,16,254,"[65, 180, 76, 56]",1671
TR1_1598555793,16,Karma,5,11,4,15,6.5,20800,18,78497,83101,61470,186418,0.15086214335905465,0.16981994808357223,549,30,348,"[198, 90, 42, 85]",1671
TR1_1523955408,1,Morgana,7,8,6,6,2.33,8045,14,24099,24202,11612,29018,0.12730911769781206,0.10060946996936027,198,15,40,"[136, 205, 30]",1416
TR1_1523955408,2,Sett,2,7,8,5,1.5,10255,15,34649,55290,20150,70388,0.18304208507876865,0.2298463635143613,106,0,72,"[60, 181, 81]",1416
TR1_1523955408,3,Rakan,1,0,5,22,4.4,16259,18,15485,32652,17837,67686,0.05278411930361575,0.11748459526420282,268,16,41,"[43, 76, 78, 118]",1416
TR1_1523955408,4,Nunu,2,5,7,7,1.71,10277,15,27392,46955,30128,60399,0.14470742867803266,0.19519488556768996,292,94,179,"[207, 97, 88]",1416
TR1_1523955408,5,Samira,1,22,4,0,5.5,16299,18,70016,29567,7460,35216,0.23865934623625934,0.10638651785950332,224,10,47,"[7, 93, 11, 84]",1416
TR1_1523955408,6,Vi,5,5,7,1,0.86,7005,14,17792,16430,1467,18538,0.09399227247194564,0.06830420267245872,53,0,15,"[116, 187, 14]",1416
TR1_1523955408,7,Naafiri,5,1,7,5,0.86,7000,14,25220,30714,3862,21098,0.13323458043602965,0.1276793838071551,102,0,23,"[120, 172, 88]",1416
TR1_1523955408,8,JarvanIV,3,4,7,2,0.86,7262,14,13988,17914,2482,23705,0.07389622880314288,0.07446962076160236,104,0,21,"[116, 57, 58]",1416
TR1_1523955408,9,LeeSin,3,2,8,4,0.75,7259,14,20962,27256,12571,26375,0.11074175533192414,0.1133054680121089,218,11,36,"[32, 181, 88]",1416
TR1_1523955408,10,Chogath,4,11,5,7,3.6,17409,18,38942,46822,19715,76052,0.13274132369916278,0.1684694404450919,215,0,32,"[56, 17, 45]",1416
TR1_1523955408,11,Senna,4,7,11,11,1.64,17590,18,57781,40357,28933,22012,0.19695515552319576,0.14520692852849396,206,22,56,"[17, 204, 14, 68]",1416
TR1_1523955408,12,Garen,7,5,10,5,1.0,8021,14,25190,21792,2185,24097,0.1330765315023443,0.09059060569526337,120,0,18,"[22, 93, 195]",1416
TR1_1523955408,13,Briar,8,13,4,2,3.75,13031,17,39005,37839,33496,56131,0.1329558409772007,0.1361493513304643,138,8,32,"[7, 32, 125]",1416
TR1_1523955408,14,Illaoi,8,2,4,12,3.5,13153,17,19470,33595,14159,27893,0.06636839164935139,0.12087710377347843,244,11,28,"[138, 9, 1]",1416
TR1_1523955408,15,AurelionSol,6,8,8,3,1.38,10000,15,28988,26484,3382,15745,0.09881202286058344,0.09529227743454924,109,0,4,"[97, 57, 45]",1416
TR1_1523955408,16,FiddleSticks,6,3,6,8,1.83,10000,15,23682,30609,9504,16327,0.08072379975063082,0.11013378536421603,104,0,10,"[46, 73, 79]",1416
TR1_1523945108,1,Zed,8,11,7,9,2.86,16000,18,61246,31612,5471,28367,0.17613589663300716,0.11284550771644032,360,49,67,"[206, 88, 214, 194]",1303
TR1_1523945108,2,Fiora,7,3,6,9,2.0,9750,15,38487,37989,23740,33662,0.23533297850211884,0.1489664511729514,163,5,25,"[87, 81, 7]",1303
TR1_1523945108,3,Sett,6,5,5,3,1.6,9250,19,27413,30813,6787,42243,0.1676217720985808,0.12082556619561945,90,0,6,"[116, 96, 172]",1303
TR1_1523945108,4,MonkeyKing,6,2,9,5,0.78,9250,15,31473,37420,10416,21720,0.19244939199152897,0.14673391157088822,143,0,6,"[120, 194, 138]",1303
TR1_1523945108,5,Darius,7,8,8,3,1.38,9750,15,17290,38364,5720,23298,0.10572576901335853,0.15043448998203895,107,0,11,"[32, 58, 39]",1303
TR1_1523945108,6,Garen,3,8,10,6,1.4,13250,18,48074,34521,4621,37923,0.13825717185961828,0.12322863607041103,110,0,25,"[9, 79, 92, 41]",1303
TR1_1523945108,7,Zed,3,8,5,7,3.0,13250,18,33036,27021,14121,20101,0.09500927633791022,0.09645548315193572,232,18,29,"[32, 19, 46, 27]",1303
TR1_1523945108,8,Leona,2,3,6,3,1.0,7250,14,16352,42764,14885,57307,0.09998920100547387,0.1676874306701586,154,23,225,"[42, 18, 181]",1303
TR1_1523945108,9,Ezreal,1,6,3,16,7.33,16250,18,47139,34114,15829,45893,0.13556652581400336,0.12177704518938517,533,112,159,"[7, 54, 28, 58]",1303
TR1_1523945108,10,Volibear,2,3,7,2,0.71,7250,14,13431,40133,15033,48320,0.08213006449928627,0.15737052226106343,108,0,190,"[138, 123, 87]",1303
TR1_1523945108,11,Ekko,1,17,3,6,7.67,16250,18,55123,37606,19147,32523,0.15852730379392024,0.13423999513194232,337,42,120,"[105, 30, 93, 48]",1303
TR1_1523945108,12,Alistar,4,7,4,5,3.0,10250,16,21607,37040,16003,140909,0.062140367745928834,0.13222124039314362,154,0,197,"[85, 18, 42]",1303
TR1_1523945108,13,Sylas,4,5,9,6,1.22,10250,16,37164,42710,15687,39046,0.10687936257059286,0.1524606447543834,301,172,403,"[108, 58, 214]",1303
TR1_1523945108,14,Kindred,8,9,9,10,2.11,16000,18,44328,35514,14095,21661,0.12748409524501905,0.1267714475923584,163,22,48,"[28, 79, 34, 45]",1303
TR1_1523945108,15,Alistar,5,1,4,1,0.5,3750,11,7220,14606,2556,15119,0.04415150848995931,0.0572747050121512,47,0,5,[80],1303
TR1_1523945108,16,LeeSin,5,1,5,1,0.4,3750,11,11873,12931,2129,8500,0.07259931439969339,0.05070692313512874,140,13,17,[46],1303
TR1_1523514838,1,Chogath,7,8,5,0,1.6,10007,15,21539,38857,9553,46281,0.14732297127006777,0.23064015617863162,174,0,8,"[97, 49, 66]",1250
TR1_1523514838,2,Katarina,8,2,5,8,2.0,10005,15,28683,26782,14716,16760,0.19618730713789032,0.15896618602785526,83,0,22,"[112, 138, 41]",1250
TR1_1523514838,3,Smolder,6,16,8,4,2.5,16017,18,80265,46489,17789,42810,0.270878075878206,0.15413724873220114,286,30,48,"[9, 204, 174, 52]",1250
TR1_1523514838,4,Vi,8,8,7,2,1.43,10005,15,21025,19387,1696,23996,0.1438136898459031,0.11507348696154195,79,0,14,"[7, 28, 6]",1250
TR1_1523514838,5,Riven,1,8,4,7,3.75,14000,18,28785,26724,7185,39797,0.09714483655841744,0.08860489631690364,415,4,14,"[214, 17, 53, 63]",1250
TR1_1523514838,6,Sett,1,7,5,6,2.6,14002,18,29928,47230,6024,58160,0.10100334189795382,0.1565936396630153,77,0,15,"[22, 92, 41, 103]",1250
TR1_1523514838,7,Illaoi,3,12,4,2,3.5,10203,15,25695,31420,10487,29757,0.08671620396450029,0.10417417638347529,255,9,21,"[110, 39, 1]",1250
TR1_1523514838,8,Mordekaiser,3,3,9,9,1.33,10000,15,19272,38014,11357,26761,0.06504034650555832,0.12603717465802203,122,0,11,"[12, 37, 41]",1250
TR1_1523514838,9,Udyr,2,1,6,1,0.33,6250,12,9152,10128,447,7068,0.06260306109559569,0.06011790489704406,75,0,3,"[171, 93]",1250
TR1_1523514838,10,Vi,2,0,6,2,0.33,6251,12,10260,11233,868,10442,0.07017921615285275,0.0666794129853629,79,0,3,"[136, 9]",1250
TR1_1523514838,11,Viego,7,3,8,6,1.12,10021,15,19181,23804,6452,17208,0.13119954042827728,0.14129324995768616,135,6,24,"[22, 32, 6]",1250
TR1_1523514838,12,Rammus,6,3,4,16,4.75,16002,18,27616,22712,12295,119809,0.09320171085527597,0.07530447269553904,128,0,23,"[57, 116, 18, 67]",1250
TR1_1523514838,13,Rengar,4,5,6,5,1.67,7760,14,21632,19393,6982,10575,0.14796469859799272,0.11511228816997873,170,9,26,"[73, 26, 48]",1250
TR1_1523514838,14,Kalista,4,5,6,4,1.5,7753,14,14726,18889,4061,16705,0.10072951547142041,0.11211731482189932,50,6,23,"[87, 73, 79]",1250
TR1_1523514838,15,Bard,5,8,7,6,2.0,15510,18,44266,38450,22856,26765,0.14938879518155118,0.12748273139911587,200,20,42,"[37, 46, 208, 2]",1250
TR1_1523514838,16,Lillia,5,6,7,8,2.0,15505,18,40484,50569,19797,32734,0.13662668915853696,0.1676656601517277,272,5,36,"[28, 44, 195, 70]",1250
TR1_1523510890,1,Sion,1,14,6,4,3.0,14208,22,40498,55825,12696,65855,0.13187383392919416,0.17950537573322073,173,6,42,"[171, 96, 82, 187]",1383
TR1_1523510890,2,Rammus,2,10,4,9,4.75,16015,18,36875,40415,23594,138997,0.12007525383216344,0.12995427297170117,153,0,9,"[42, 125, 94, 181]",1383
TR1_1523510890,3,Kayn,2,9,10,8,1.7,16000,18,42303,41227,16366,39944,0.13775012039516707,0.13256426383096795,240,0,19,"[32, 53, 103, 7]",1383
TR1_1523510890,4,Bard,1,5,9,15,2.22,13500,18,38767,59248,16429,44446,0.126237657293276,0.19051042939704113,163,14,46,"[120, 123, 149, 60]",1383
TR1_1523510890,5,Rakan,3,1,8,7,1.0,7250,14,8233,24049,10782,14371,0.05568438233119468,0.13322356984908515,144,4,58,"[187, 41, 141]",1383
TR1_1523510890,6,Illaoi,3,7,6,1,1.33,7400,14,29620,30883,6367,21701,0.2003366009780725,0.1710838680812988,196,3,33,"[105, 58, 165]",1383
TR1_1523510890,7,Pyke,5,7,4,10,4.25,16450,23,23156,36808,20130,52351,0.07540318691390868,0.11835669727283174,239,25,57,"[116, 96, 63, 46]",1383
TR1_1523510890,8,Lucian,5,12,9,7,2.11,16100,18,71006,31719,6333,24773,0.2312146874815445,0.10199086034698135,187,21,42,"[34, 81, 107, 110]",1383
TR1_1523510890,9,JarvanIV,8,10,4,5,3.75,11515,15,26516,15277,5996,19192,0.17934463915394638,0.08463300094434544,182,0,17,"[207, 220, 21]",1383
TR1_1523510890,10,Nunu,7,0,5,0,0.0,4000,9,1666,6053,0,2189,0.011272092153430377,0.03353460395562607,1,0,3,[39],1383
TR1_1523510890,11,LeeSin,7,2,4,0,0.5,4000,9,8449,8077,2119,4905,0.05714571333586734,0.044748177947998916,88,7,12,[73],1383
TR1_1523510890,12,Pantheon,4,7,5,4,2.2,12750,17,23448,24422,7151,16470,0.07635509131353814,0.07852889567647509,131,0,35,"[136, 66, 16]",1383
TR1_1523510890,13,Ezreal,4,5,7,7,1.71,13760,17,31045,21331,1498,15453,0.10109016884120799,0.06858920477078083,258,48,71,"[34, 220, 63]",1383
TR1_1523510890,14,TwistedFate,8,5,8,9,1.75,12126,15,29605,21668,3115,10952,0.20023813355892067,0.12003261722621049,167,66,111,"[97, 48, 113]",1383
TR1_1523510890,15,Camille,6,4,7,4,1.14,10000,16,18539,38411,9262,60292,0.12539115130410958,0.2127843771334944,219,1,32,"[138, 41, 211]",1383
TR1_1523510890,16,Vladimir,6,5,9,3,0.89,10000,16,25221,36096,18663,14729,0.17058728718445845,0.19995978486194074,200,0,5,"[170, 195, 67]",1383
TR1_1523511412,1,Darius,3,3,7,2,0.71,7250,13,12809,16451,3319,11903,0.08571045169557237,0.08575615998137123,65,0,13,"[68, 79]",1400
TR1_1523511412,2,Shyvana,3,2,6,3,0.83,7250,13,15347,21326,9636,13040,0.10269534502707049,0.11116628246239892,109,5,11,"[129, 35]",1400
TR1_1523511412,3,Rakan,4,4,8,21,3.12,16000,18,33639,58505,34348,86480,0.08402705146012412,0.1396077988777643,413,25,64,"[150, 30, 67, 27]",1400
TR1_1523511412,4,Chogath,4,21,5,3,4.8,16000,18,68916,102661,58687,210657,0.17214716329962634,0.24497411456113274,295,0,31,"[13, 177, 33, 88]",1400
TR1_1523511412,5,MasterYi,7,0,8,7,0.88,9500,15,20741,29086,9538,25994,0.13878323473082071,0.1516204570442976,78,0,19,"[2, 208, 77]",1400
TR1_1523511412,6,Singed,7,5,8,1,0.75,9500,15,22417,29008,4989,28504,0.15000229488498365,0.15120968463431056,106,1,25,"[65, 1, 133]",1400
TR1_1523511412,7,Veigar,8,10,9,13,2.56,16500,18,74694,37374,14990,26947,0.18658009887189636,0.08918395369471206,439,51,86,"[103, 156, 149, 48]",1400
TR1_1523511412,8,Sion,1,7,5,6,2.6,10750,20,22234,63286,9379,142147,0.055538958190936044,0.15101773654068987,192,18,66,"[64, 96, 94]",1400
TR1_1523511412,9,Zed,2,8,7,10,2.57,13500,18,56228,40285,14646,29272,0.1404522562316957,0.09613126811334526,306,37,58,"[47, 125, 84, 166]",1400
TR1_1523511412,10,Malphite,2,10,5,9,3.8,13500,18,43973,40026,8027,97951,0.10984032476583422,0.09551188033922976,230,0,46,"[64, 75, 74, 88]",1400
TR1_1523511412,11,Khazix,1,7,12,5,1.0,10750,16,37428,34039,10365,19013,0.09349362816341525,0.08122676567624372,202,23,78,"[211, 19, 82]",1400
TR1_1523511412,12,Zeri,5,5,6,3,1.33,7508,13,16965,15789,2102,5183,0.11351741360293859,0.08230730375020286,324,148,203,"[71, 115]",1400
TR1_1523511412,13,Riven,5,3,6,5,1.33,7500,13,17520,20930,3228,15902,0.11723410790841934,0.10910600638866295,179,3,55,"[152, 27]",1400
TR1_1523511412,14,Ekko,8,14,4,8,5.5,16522,18,63221,42890,33534,50018,0.15792051901647197,0.10234648219688228,264,44,103,"[65, 48, 63, 27]",1400
TR1_1523511412,15,Vayne,6,4,8,3,0.88,9250,15,17110,24272,5953,11266,0.11448945944689927,0.12652199503404898,84,30,44,"[74, 79, 107]",1400
TR1_1523511412,16,Warwick,6,4,6,4,1.33,9250,15,26537,34974,21270,27118,0.1775676927032956,0.1823121107047069,161,0,18,"[103, 45, 90]",1400
TR1_1523508283,1,Galio,3,3,8,12,1.88,10876,15,21259,36548,16612,45837,0.1085874907618708,0.17108470074214077,131,20,22,"[42, 181, 78]",1280
TR1_1523508283,2,Brand,6,10,7,11,3.0,13758,18,42910,47418,12111,37684,0.15276456206585087,0.1646069087446063,272,49,68,"[97, 56, 135, 180]",1280
TR1_1523508283,3,Jhin,1,4,8,11,1.88,15983,17,30540,23867,3436,19214,0.10872488741142856,0.08285100345386448,92,3,20,"[26, 87, 81]",1280
TR1_1523508283,4,Pyke,1,13,6,4,2.83,15225,17,28684,28457,13642,25026,0.10211869597851407,0.09878722421003315,177,15,48,"[17, 93, 19]",1280
TR1_1523508283,5,Yorick,7,7,6,8,2.5,11909,16,22745,31470,8015,70219,0.11617797661722211,0.14731342128469846,163,3,20,"[116, 22, 15]",1280
TR1_1523508283,6,Brand,8,0,7,3,0.43,6306,12,14303,19531,2017,13845,0.07306008115651892,0.09142534302874646,84,13,18,"[56, 42]",1280
TR1_1523508283,7,Katarina,7,8,9,5,1.44,11876,16,33480,25444,4710,20155,0.17101350336241392,0.11910486704783282,94,0,17,"[112, 17, 1]",1280
TR1_1523508283,8,Samira,4,3,8,7,1.25,12941,17,28993,29828,8004,24874,0.10322007670532203,0.10354614847189296,82,6,20,"[93, 172, 66]",1280
TR1_1523508283,9,Zyra,2,7,8,4,1.38,10758,16,33239,26927,4587,14774,0.1697815250125589,0.12604941263282726,293,3,16,"[105, 85, 30]",1280
TR1_1523508283,10,Shaco,2,4,9,7,1.22,10806,16,20920,24857,2146,14227,0.10685965638975364,0.11636110335128812,154,0,9,"[43, 97, 53]",1280
TR1_1523508283,11,Singed,8,3,5,0,0.6,6260,12,12215,18543,4012,19394,0.062393475291340476,0.08680054338417606,51,0,14,"[85, 32]",1280
TR1_1523508283,12,Lucian,3,13,4,3,4.0,11063,15,37614,30305,5159,15300,0.19212629140832124,0.14186060852829002,127,7,28,"[51, 120, 135]",1280
TR1_1523508283,13,Senna,5,6,10,11,1.7,13569,18,38111,41190,19176,31551,0.13567800967087068,0.14298775092160423,157,13,43,"[32, 170, 81, 118]",1280
TR1_1523508283,14,Singed,5,11,6,6,2.83,13535,18,43657,52395,16484,93335,0.1554249446457066,0.1818820822678664,129,1,47,"[46, 136, 166, 70]",1280
TR1_1523508283,15,Udyr,4,8,5,2,2.0,12869,17,22078,33029,11302,65582,0.07860111144485933,0.11465582848538941,131,0,19,"[28, 207, 125]",1280
TR1_1523508283,16,Riven,6,11,7,10,3.0,13826,18,45917,31884,14201,72750,0.16346771207744784,0.11068305344474308,615,8,40,"[171, 112, 1, 211]",1280
TR1_1523249884,1,Shen,6,9,7,8,2.43,13517,17,36256,53202,9423,156720,0.10332101283639049,0.1497309321441368,151,0,20,"[13, 102, 19]",1279
TR1_1523249884,2,Shyvana,8,4,7,5,1.29,7505,14,24357,23754,8686,24069,0.13929828026413202,0.12516279087022897,162,16,19,"[154, 28, 14]",1279
TR1_1523249884,3,Zac,4,3,4,8,2.75,10500,16,15965,46268,38653,51440,0.045497048297897365,0.13021401421906736,161,9,28,"[74, 181, 62]",1279
TR1_1523249884,4,Aatrox,4,11,5,3,2.8,10515,16,35217,35651,20275,44971,0.1003614531237039,0.10033630403805822,144,4,16,"[154, 206, 48]",1279
TR1_1523249884,5,Illaoi,7,1,7,5,0.86,7262,14,17827,21486,5618,45835,0.10195502013775862,0.11321129272289286,167,4,17,"[150, 108, 125]",1279
TR1_1523249884,6,Garen,3,16,2,7,11.5,16267,18,67831,49693,30402,66341,0.19330127040676084,0.13985465595390684,169,0,1,"[77, 92, 41, 34]",1279
TR1_1523249884,7,Jax,3,8,7,15,3.29,16250,18,38919,60367,14079,40295,0.11091107175494083,0.169893453737549,205,0,3,"[103, 120, 41, 206]",1279
TR1_1523249884,8,Neeko,6,8,9,7,1.67,13524,17,49294,34511,3904,29338,0.14047619020452326,0.0971282058994407,450,20,45,"[71, 105, 45]",1279
TR1_1523249884,9,MasterYi,5,4,9,11,1.67,10003,15,26140,29199,7680,22527,0.1494968137792616,0.15385101122074626,66,0,17,"[52, 87, 6]",1279
TR1_1523249884,10,Lucian,2,10,11,9,1.73,16023,18,56176,40006,10549,40127,0.16008649176256556,0.11259203309726354,137,11,24,"[21, 32, 195, 46]",1279
TR1_1523249884,11,Vladimir,2,11,6,9,3.33,16017,18,51249,35621,43996,26718,0.14604546161321774,0.10025040091057755,385,0,10,"[68, 46, 30, 32]",1279
TR1_1523249884,12,Vayne,5,11,7,4,2.14,10032,15,27210,23487,7088,21601,0.15561368874547973,0.12375855680691096,167,50,83,"[103, 73, 81]",1279
TR1_1523249884,13,Mordekaiser,8,5,11,4,0.82,7504,14,19480,33170,12013,33698,0.11140794282619723,0.1747741214044899,112,0,13,"[36, 112, 75]",1279
TR1_1523249884,14,AurelionSol,1,0,6,5,0.83,7000,13,10202,20502,5303,12893,0.058345085986011506,0.10802843286857984,123,0,13,"[2, 60]",1279
TR1_1523249884,15,Graves,1,5,5,0,1.0,7004,13,21223,15544,3383,10646,0.1213755952323308,0.08190611550098913,76,26,57,"[211, 7]",1279
TR1_1523249884,16,Brand,7,5,8,1,0.75,7283,14,28415,22643,1226,13398,0.1625075730288285,0.11930767860516207,164,8,19,"[65, 9, 48]",1279
TR1_1523244868,1,Garen,8,0,5,0,0.0,3500,11,5910,11097,1306,7652,0.04857923987611975,0.08041047520267608,39,0,2,[23],1370
TR1_1523244868,2,Volibear,5,9,2,12,10.5,16000,18,52814,36389,17800,155705,0.15644687021394088,0.10360811654320184,555,0,34,"[68, 58, 175, 105]",1370
TR1_1523244868,3,Kayn,5,12,3,10,7.33,16050,18,63155,55622,34809,60560,0.18707838908436125,0.15836654868074634,243,0,17,"[13, 27, 72, 43]",1370
TR1_1523244868,4,Graves,6,9,7,1,1.43,12810,22,44248,29490,6406,41317,0.13107237707779157,0.0839640499889396,147,31,72,"[63, 96, 47, 80]",1370
TR1_1523244868,5,Sion,6,2,7,9,1.57,12800,18,22146,96689,24731,133139,0.06560158272087036,0.27529421050793257,191,7,77,"[64, 62, 94, 136]",1370
TR1_1523244868,6,Rengar,1,16,5,0,3.2,15500,18,75195,45947,18386,69534,0.2227436110822918,0.1308218061745921,263,7,68,"[103, 11, 90, 92]",1370
TR1_1523244868,7,Ivern,1,0,7,15,2.14,15500,18,23258,35717,20773,59964,0.06889684085150191,0.1016943359757042,292,10,27,"[198, 78, 98, 76]",1370
TR1_1523244868,8,Khazix,2,4,4,9,3.25,10750,16,14328,30167,14234,43303,0.042444523966963354,0.08589201647129856,214,15,40,"[63, 195, 82]",1370
TR1_1523244868,9,Jhin,2,8,5,6,2.8,10800,16,42439,21199,3516,10052,0.12571580500227886,0.060358915657584805,156,2,18,"[84, 166, 21]",1370
TR1_1523244868,10,Gragas,3,8,5,4,2.4,10050,15,28911,26247,6739,20763,0.23763021843708645,0.1901877940072809,300,6,47,"[68, 30, 129]",1370
TR1_1523244868,11,Vayne,3,4,4,8,3.0,10000,15,20670,17225,4861,14294,0.16989248924908745,0.12481537960737923,152,59,84,"[151, 115, 82]",1370
TR1_1523244868,12,Milio,4,1,6,2,0.5,6750,13,5133,18258,8432,13721,0.04219066746468388,0.13230127206265083,130,7,30,"[150, 1]",1370
TR1_1523244868,13,Vayne,4,2,7,1,0.43,6750,13,24777,18869,3067,21022,0.20365434366894536,0.13673012353370603,85,20,39,"[52, 27]",1370
TR1_1523244868,14,Morgana,7,3,6,2,0.83,7250,14,15824,17651,4670,12874,0.13006768012252584,0.12790216902752774,127,147,187,"[29, 1, 211]",1370
TR1_1523244868,15,Varus,8,0,5,0,0.0,3500,11,4662,8867,517,3155,0.03832278985733779,0.06425441383219055,23,13,46,[113],1370
TR1_1523244868,16,MasterYi,7,2,7,2,0.57,7300,14,15775,19789,2045,15430,0.12966257132421347,0.14339837272658865,54,0,39,"[107, 48, 71]",1370
TR1_1523242571,1,Nami,3,3,9,8,1.22,13000,17,12661,40297,26062,24765,0.0405468313279034,0.13292252636992496,237,14,32,"[141, 24, 76]",1190
TR1_1523242571,2,Caitlyn,3,9,7,3,1.71,13005,17,49165,37096,7246,21461,0.15745253754177865,0.12236486051055841,151,8,30,"[77, 36, 105]",1190
TR1_1523242571,3,Chogath,8,8,3,14,7.33,16318,18,41277,65963,15806,117899,0.1321893859940403,0.21758287312670008,368,0,10,"[103, 71, 44, 64]",1190
TR1_1523242571,4,Trundle,1,0,6,0,0.0,3500,11,5603,10872,1623,8398,0.04647884743236387,0.07104271972853494,53,0,0,[154],1190
TR1_1523242571,5,Zac,1,0,4,0,0.0,3500,11,8281,18896,12502,15623,0.06868937921035617,0.12346958152760396,69,5,7,"[67, 68]",1190
TR1_1523242571,6,Jhin,7,1,7,1,0.29,6501,13,8297,15514,774,8681,0.06882857585229551,0.10136771754839735,74,3,5,"[98, 84]",1190
TR1_1523242571,7,Jhin,8,15,6,8,3.83,16286,18,58062,37731,14323,20639,0.18594321484040865,0.12445949129469372,146,7,24,"[70, 29, 9, 109]",1190
TR1_1523242571,8,Pantheon,5,8,4,3,2.75,10260,15,20578,20486,5584,19394,0.17069556863310598,0.13385311735813277,153,1,8,"[71, 150, 85]",1190
TR1_1523242571,9,Sett,5,5,5,7,2.4,10272,15,23323,24496,2690,18582,0.19346285457740267,0.16005555425140425,72,0,6,"[47, 107, 69]",1190
TR1_1523242571,10,Vladimir,7,1,6,1,0.33,6500,13,10557,23546,8807,17508,0.08757001366709487,0.1538474692591984,108,0,1,"[180, 67]",1190
TR1_1523242571,11,Teemo,2,4,6,2,1.0,9510,15,22934,21650,3618,14554,0.19023654470127943,0.14146145462800733,110,0,4,"[129, 2, 39]",1190
TR1_1523242571,12,Viego,2,3,7,2,0.71,9509,15,20981,17585,3096,14638,0.1740382159261015,0.11490238569872101,111,3,14,"[16, 74, 34]",1190
TR1_1523242571,13,Garen,4,9,5,7,3.2,15100,17,34711,23815,3742,27629,0.11116223767975722,0.07855769959198669,120,0,7,"[154, 52, 26]",1190
TR1_1523242571,14,Gragas,4,6,7,6,1.71,13530,17,23829,28139,4891,23579,0.07631419043663527,0.09281805523417619,264,9,22,"[65, 68, 92]",1190
TR1_1523242571,15,Corki,6,10,5,7,3.4,16015,18,49627,26621,11836,17247,0.15892992653020244,0.08781176332098496,182,13,22,"[36, 61, 116, 82]",1190
TR1_1523242571,16,Naafiri,6,8,5,10,3.6,16001,18,42923,43498,8944,45179,0.13746167564927408,0.143482730550975,165,0,12,"[150, 175, 120, 84]",1190
TR1_1523185632,1,Jax,4,4,7,3,1.0,7510,14,21356,24178,4807,19803,0.1448930014769863,0.13085205044115222,82,0,12,"[36, 41, 52]",1107
TR1_1523185632,2,Annie,5,2,7,6,1.14,10003,15,14477,17877,1080,13367,0.09822376969895348,0.0967522918497131,131,0,5,"[2, 30, 104]",1107
TR1_1523185632,3,Annie,4,3,7,3,0.86,7527,14,15993,18399,1314,11070,0.10850515160307733,0.09957840203529571,259,0,23,"[129, 156, 150]",1107
TR1_1523185632,4,Jax,5,7,6,2,1.5,10022,15,23354,26972,10819,25820,0.15844685488234259,0.1459719148700568,173,0,26,"[151, 48, 25]",1107
TR1_1523185632,5,Shaco,1,5,6,4,1.5,10250,16,12779,24280,3303,14853,0.051260675455479084,0.10505925015334747,341,0,14,"[175, 48, 47]",1107
TR1_1523185632,6,Zed,1,5,8,6,1.38,10300,16,38036,21852,5957,14324,0.15257295308739036,0.09455375529346853,274,20,31,"[150, 35, 211]",1107
TR1_1523185632,7,Vayne,2,9,5,3,2.4,10022,15,28784,19329,3157,16292,0.1952901915735893,0.1046103235283992,113,19,44,"[63, 48, 47]",1107
TR1_1523185632,8,Rell,2,2,5,9,2.2,10061,15,9745,37454,6568,45452,0.06611769997204986,0.2026998560461388,146,0,35,"[94, 41, 72]",1107
TR1_1523185632,9,Poppy,8,11,3,7,6.0,13845,18,32331,32821,5880,39587,0.12968980230019592,0.14201659277767806,169,0,19,"[151, 193, 64, 149]",1107
TR1_1523185632,10,MonkeyKing,3,3,6,5,1.33,10102,15,13809,27073,10587,31453,0.055391235141226104,0.11714287467262761,127,0,33,"[103, 125, 165]",1107
TR1_1523185632,11,Kayle,3,8,8,3,1.38,10011,15,30786,25204,7475,10754,0.12349059986048913,0.1090556901225676,156,30,52,"[36, 156, 98]",1107
TR1_1523185632,12,Pantheon,7,7,4,9,4.0,13649,18,36354,31504,9178,46636,0.1458265578117614,0.13631813161698883,211,1,40,"[84, 41, 63, 98]",1107
TR1_1523185632,13,Kayn,6,6,4,3,2.25,7560,14,14948,23085,6764,22505,0.10141881612676691,0.12493520628135167,95,0,155,"[82, 15, 211]",1107
TR1_1523185632,14,Varus,6,3,5,5,1.6,7500,14,18734,17479,2278,8788,0.12710451466623426,0.09459995494789247,104,91,368,"[133, 88, 50]",1107
TR1_1523185632,15,Jayce,8,10,10,10,2.0,13802,18,51464,31878,14868,20685,0.20643651780643793,0.13793550767986368,357,19,60,"[16, 11, 113, 84]",1107
TR1_1523185632,16,Katarina,7,10,6,7,2.83,13619,18,33738,36496,7711,14702,0.1353316585370201,0.15791819768345822,106,1,76,"[65, 194, 133, 129]",1107
TR1_1523178575,1,Karma,3,4,7,4,1.14,10000,16,19604,41972,15881,32354,0.04826130515826467,0.08769915034366724,213,33,51,"[37, 129, 97]",1377
TR1_1523178575,2,Pyke,4,4,5,7,2.2,10001,15,19001,28294,14488,29428,0.0829882872144362,0.12764304744184687,168,34,61,"[93, 68, 172]",1377
TR1_1523178575,3,Galio,3,4,8,2,0.75,10020,16,28045,36892,2803,54526,0.06904024328223206,0.077084649151359,133,34,46,"[136, 149, 56]",1377
TR1_1523178575,4,Gragas,4,7,7,3,1.43,10424,15,43351,25824,7802,27260,0.1893414945428291,0.11650340207484389,220,7,38,"[136, 129, 97]",1377
TR1_1523178575,5,Twitch,8,9,13,9,1.38,16006,18,62778,42967,13578,33086,0.15454637871061508,0.0897772831147201,126,1,15,"[26, 70, 7, 71]",1377
TR1_1523178575,6,DrMundo,6,14,5,7,4.2,16313,18,47301,93192,50705,138203,0.11644534174297316,0.19471814402519425,250,15,44,"[93, 67, 80, 198]",1377
TR1_1523178575,7,Akshan,1,5,8,4,1.12,9775,15,26949,20363,2906,20399,0.11770353697518245,0.09186634520842628,165,40,63,"[92, 74, 51]",1377
TR1_1523178575,8,Vi,1,4,6,5,1.5,9770,15,32793,22809,3157,24122,0.1432259100379637,0.10289965804549188,116,0,22,"[7, 151, 120]",1377
TR1_1523178575,9,Briar,7,2,7,5,1.0,7250,14,24928,40999,30526,25451,0.10887659658995093,0.18495944426820501,154,14,21,"[60, 152, 12]",1377
TR1_1523178575,10,Galio,5,6,6,6,2.0,10315,15,29084,38440,10402,81620,0.12702899286500963,0.17341521014501504,149,55,64,"[85, 152, 181]",1377
TR1_1523178575,11,Graves,5,5,9,6,1.22,10253,15,35475,28782,1656,23962,0.15493906240817845,0.1298445132139205,116,42,91,"[73, 47, 120]",1377
TR1_1523178575,12,Shaco,7,6,5,2,1.6,7250,14,17377,16152,4987,8170,0.07589611936644958,0.07286837960225052,209,0,4,"[172, 154, 43]",1377
TR1_1523178575,13,MasterYi,2,11,8,5,2.0,13256,18,72562,52860,31005,43181,0.1786317339526851,0.11044825514123144,98,0,26,"[51, 151, 116, 36]",1377
TR1_1523178575,14,Sejuani,2,3,6,13,2.67,13251,18,39318,53633,6619,122008,0.09679381736401223,0.11206198155028606,195,7,27,"[39, 64, 120, 94]",1377
TR1_1523178575,15,Kayn,8,13,4,9,5.5,16058,18,69909,57979,39708,90850,0.17210130134715318,0.12114308475910711,302,0,19,"[46, 211, 138, 150]",1377
TR1_1523178575,16,Rammus,6,9,5,14,4.6,16278,18,66692,99102,51479,295395,0.16417987844206453,0.20706745191443485,325,0,40,"[42, 154, 46, 149]",1377
TR1_1519985757,1,Darius,6,9,13,11,1.54,14000,18,57977,80829,26472,76163,0.13128480842626047,0.16171763561257554,192,0,15,"[166, 28, 23, 150]",1483
TR1_1519985757,2,Maokai,1,4,5,6,2.0,9750,15,18526,40574,19005,67681,0.0866513205934471,0.1782277160372677,194,5,67,"[19, 108, 149]",1483
TR1_1519985757,3,Karthus,1,6,12,4,0.83,9750,15,39294,27824,1654,11897,0.1837801216441457,0.12221975583047738,304,0,25,"[75, 46, 72]",1483
TR1_1519985757,4,Sion,6,13,7,9,3.14,14000,18,54113,73545,22539,181690,0.12253549646149015,0.14714355164703696,210,22,48,"[66, 138, 74, 94]",1483
TR1_1519985757,5,RekSai,5,1,7,3,0.57,7000,13,12420,24884,7234,21392,0.058092330826825904,0.10930622396323256,117,4,21,"[58, 40]",1483
TR1_1519985757,6,Hwei,5,4,6,1,0.83,7000,13,20331,15486,3261,5324,0.09509124370571786,0.06802424395166112,129,3,19,"[48, 44]",1483
TR1_1519985757,7,Pyke,8,12,7,6,2.57,16350,18,67482,69621,29416,34321,0.15280832124852695,0.13929323501068533,258,24,90,"[27, 120, 82, 103]",1483
TR1_1519985757,8,Brand,2,8,9,3,1.22,10250,15,32904,25075,2913,10426,0.15389633091510516,0.1101446999249663,160,3,20,"[135, 40, 133]",1483
TR1_1519985757,9,Garen,2,3,7,7,1.43,10255,15,23752,19357,4473,20314,0.11109184163694306,0.08502832420494566,98,0,11,"[195, 32, 52]",1483
TR1_1519985757,10,Aatrox,4,6,6,6,2.0,10005,15,41686,50077,31214,46164,0.19496770937531607,0.21996990853364265,217,14,31,"[125, 187, 13]",1483
TR1_1519985757,11,Vayne,4,6,9,5,1.22,10000,15,24893,24377,6983,10893,0.11642910130249912,0.10707912755380664,208,67,102,"[19, 105, 74]",1483
TR1_1519985757,12,Anivia,3,18,2,7,12.5,16255,18,79745,47217,18441,40142,0.1805754364532484,0.09446839562461586,555,174,261,"[11, 105, 98, 180]",1483
TR1_1519985757,13,Gragas,3,9,10,15,2.4,16255,18,50611,63860,27879,57551,0.11460515738152428,0.12776663940547495,710,11,120,"[30, 44, 24, 211]",1483
TR1_1519985757,14,Garen,7,10,7,6,2.29,13250,17,48803,38101,10716,37028,0.11051015143196774,0.07622988073837568,135,0,17,"[53, 7, 89]",1483
TR1_1519985757,15,Darius,7,7,7,10,2.43,13250,17,41708,55218,24068,86152,0.09444583571907054,0.11047724227144433,193,0,12,"[41, 116, 2]",1483
TR1_1519985757,16,TahmKench,8,7,11,10,1.55,17755,18,41174,71425,27197,108157,0.09323479287791148,0.14290341968979137,231,43,111,"[48, 22, 103, 47]",1483
TR1_1519982603,1,Katarina,5,10,9,3,1.44,11542,16,40936,38139,4985,30944,0.18583402320876288,0.14254582809806213,140,1,59,"[129, 84, 220]",1403
TR1_1519982603,2,DrMundo,5,2,5,11,2.6,10510,16,37158,72739,19760,107331,0.16868185389626708,0.2718604859050948,263,16,86,"[64, 71, 41]",1403
TR1_1519982603,3,Kayle,6,1,7,1,0.29,6254,12,9909,15282,2828,5765,0.04498632380450751,0.057116479845657854,64,6,14,"[71, 47]",1403
TR1_1519982603,4,Briar,4,8,10,13,2.1,14014,18,49397,67389,50518,57934,0.11241108466794678,0.14703882035629826,176,5,72,"[107, 152, 195, 34]",1403
TR1_1519982603,5,Shyvana,4,19,5,6,5.0,14006,18,101074,45100,27075,71364,0.23001014403718545,0.0984049187595124,410,18,62,"[65, 90, 58, 176]",1403
TR1_1519982603,6,Sylas,1,16,14,4,1.43,14000,18,63981,67790,22432,64403,0.1456002483804824,0.14791310110615633,278,57,200,"[84, 133, 62, 181]",1403
TR1_1519982603,7,Gragas,1,6,5,17,4.6,14016,18,51652,111027,88244,195620,0.11754413255757072,0.24225203225229852,769,22,149,"[13, 67, 1, 136]",1403
TR1_1519982603,8,Olaf,7,12,9,2,1.56,13008,17,59586,33642,12806,74977,0.13559717727034662,0.07340528610436528,195,24,101,"[47, 82, 125]",1403
TR1_1519982603,9,Viego,8,7,9,5,1.33,13532,17,48273,42826,11738,74816,0.10985373889647146,0.09344286539758424,203,26,130,"[98, 154, 41]",1403
TR1_1519982603,10,Gragas,8,7,6,7,2.33,13504,17,39514,33149,13791,35451,0.089921217626877,0.07232810485409659,406,86,221,"[151, 165, 48]",1403
TR1_1519982603,11,Poppy,2,10,4,5,3.75,11522,16,42401,50265,18220,103493,0.1924852881435236,0.187865525196875,218,0,74,"[103, 67, 41]",1403
TR1_1519982603,12,Gragas,2,7,8,9,2.0,11504,16,38368,40654,18602,34184,0.1741748436194805,0.15194399368501577,422,33,123,"[50, 68, 30]",1403
TR1_1519982603,13,Malzahar,3,2,8,3,0.62,7000,13,15799,17176,3075,12162,0.07172223234383827,0.06419752922402204,172,0,17,"[154, 68]",1403
TR1_1519982603,14,Qiyana,3,3,7,2,0.71,7000,13,22083,15602,3179,10802,0.10024736390271806,0.058312707959732556,189,4,40,"[16, 150]",1403
TR1_1519982603,15,Ahri,6,1,6,1,0.33,6264,12,13628,17701,5489,7602,0.0618680710809021,0.06615745008553986,205,31,70,"[133, 70]",1403
TR1_1519982603,16,Gragas,7,4,6,12,2.67,13004,17,25953,57387,33439,124405,0.059062256563119524,0.1252148711696884,309,15,149,"[149, 20, 41]",1403
TR1_1519709332,1,Gangplank,3,4,5,2,1.2,7804,19,18915,25085,6245,20958,0.1330049501582146,0.156829113366623,281,0,23,"[64, 96, 51]",1346
TR1_1519709332,2,Morgana,3,3,6,4,1.17,7023,14,16437,22340,5174,20981,0.1155762161826926,0.13966733297559325,167,2,31,"[149, 135, 138]",1346
TR1_1519709332,3,Urgot,8,6,10,6,1.2,10605,16,32732,44808,41254,76253,0.11216702043941576,0.14974853596774448,189,22,120,"[74, 4, 60]",1346
TR1_1519709332,4,Veigar,7,3,5,3,1.2,7266,13,11424,18547,3004,6233,0.08032996412975701,0.11595589786822048,141,15,49,"[16, 156]",1346
TR1_1519709332,5,Malzahar,4,11,6,7,3.0,16015,18,39257,29421,6899,23875,0.13452419859213324,0.09832444929542403,191,0,24,"[74, 45, 207, 211]",1346
TR1_1519709332,6,Kayn,4,7,9,11,2.0,16000,18,40008,35793,15565,40287,0.13709981225083404,0.11962146719948244,171,0,63,"[82, 19, 214, 63]",1346
TR1_1519709332,7,Ryze,2,5,7,2,1.0,7259,13,21827,18646,3847,10805,0.15347376706738688,0.11657518457199283,355,23,69,"[154, 4]",1346
TR1_1519709332,8,Lillia,2,2,6,4,1.0,7282,13,18618,21585,8303,12323,0.13090995179976656,0.13494580606401566,150,6,39,"[65, 30]",1346
TR1_1519709332,9,Kayle,5,4,5,3,1.4,7334,13,20090,18515,7081,8495,0.1412666329230631,0.11575332745109869,103,2,36,"[71, 58]",1346
TR1_1519709332,10,Zyra,5,3,6,4,1.17,7256,13,15315,17308,915,8874,0.10768860250153799,0.10820807393422166,148,5,19,"[211, 194]",1346
TR1_1519709332,11,Taliyah,6,4,4,17,5.25,18501,18,19782,22276,3637,27536,0.06778907234572237,0.07444874223794258,231,59,168,"[68, 135, 28, 180]",1346
TR1_1519709332,12,Rumble,7,3,7,3,0.86,7258,13,19590,17925,1307,14766,0.13774991523758126,0.11206526376823443,197,31,89,"[151, 48]",1346
TR1_1519709332,13,Caitlyn,6,17,3,4,7.0,18529,18,69074,39514,16090,28328,0.23669878279512405,0.13205693363727172,166,16,51,"[52, 115, 69, 71]",1346
TR1_1519709332,14,Maokai,8,6,6,7,2.17,10575,16,21562,59175,19688,141727,0.07388918847094042,0.19776243769386848,247,34,159,"[72, 1, 73]",1346
TR1_1519709332,15,AurelionSol,1,6,7,12,2.57,18035,18,24651,41159,9302,25054,0.08447364533401296,0.13755408242483044,215,129,242,"[133, 66, 60, 24]",1346
TR1_1519709332,16,Jhin,1,12,5,6,3.6,18032,18,44753,27074,9452,9112,0.1533582797718172,0.09048335154343584,220,5,44,"[77, 195, 22, 113]",1346
TR1_1517938969,1,Poppy,1,15,5,4,3.8,13280,18,60684,40086,6257,111012,0.1600612060168944,0.10108364437254462,172,0,21,"[63, 18, 46, 25]",1399
TR1_1517938969,2,Zac,1,4,5,14,3.6,14350,18,46699,82078,89752,105036,0.12317573353059864,0.2069731279969884,220,17,47,"[67, 220, 37, 150]",1399
TR1_1517938969,3,Aatrox,8,11,4,5,4.0,13500,17,36307,57870,34668,40453,0.0957642158261649,0.14592892433482413,245,3,22,"[16, 41, 73]",1399
TR1_1517938969,4,Brand,8,6,5,11,3.4,13520,17,34683,37231,16478,16051,0.09148106605119273,0.09388400671550375,263,19,53,"[133, 45, 60]",1399
TR1_1517938969,5,Galio,4,4,5,10,2.8,10780,16,38659,35527,6333,109907,0.1019692311521906,0.08958801021631892,166,21,21,"[65, 193, 93]",1399
TR1_1517938969,6,LeeSin,5,5,6,1,1.0,7500,13,18360,23987,1619,37991,0.09983839746236936,0.12265063804774039,242,13,32,"[151, 125]",1399
TR1_1517938969,7,Gragas,7,3,6,1,0.67,7035,14,29113,24670,8504,22631,0.15831256937055652,0.12614322978087122,219,8,24,"[180, 195, 40]",1399
TR1_1517938969,8,Kayn,4,10,6,4,2.33,10795,16,39756,32345,14530,55615,0.10486099321169294,0.08156392648973718,195,0,32,"[63, 88, 112]",1399
TR1_1517938969,9,Singed,3,9,8,8,2.12,13545,18,47610,60849,33461,87325,0.12557749879664462,0.15344114603194686,170,0,60,"[50, 78, 60, 24]",1399
TR1_1517938969,10,Lillia,3,8,9,9,1.89,17344,18,74730,50577,21881,48006,0.19711005541462118,0.12753721384213618,325,32,77,"[38, 30, 97, 180]",1399
TR1_1517938969,11,Camille,6,7,8,4,1.38,10020,15,26919,27993,8053,39554,0.1463813344849287,0.1431328864918747,207,2,44,"[82, 81, 34]",1399
TR1_1517938969,12,Kayn,7,2,10,3,0.5,7040,14,12298,27288,6726,14619,0.06687647737122053,0.13953022314326172,123,0,4,"[152, 48, 187]",1399
TR1_1517938969,13,Ornn,6,5,6,6,1.83,10020,15,30543,29885,5164,80293,0.16608974916128774,0.1528074245132179,164,25,48,"[82, 193, 108]",1399
TR1_1517938969,14,Yuumi,2,0,5,10,2.0,11010,15,4058,5416,9556,4345,0.0220719484212747,0.027694428402667146,237,42,6,"[151, 220, 205]",1399
TR1_1517938969,15,Lillia,2,10,6,0,1.67,10035,15,49983,37551,12679,34231,0.27179880941088363,0.19200454395442001,203,12,67,"[16, 75, 34]",1399
TR1_1517938969,16,Shaco,5,1,6,5,1.0,7500,13,12621,18782,2627,9754,0.0686307143174788,0.09603662566594694,310,5,16,"[133, 166]",1399
TR1_1517450626,1,Poppy,6,4,6,6,1.67,10320,15,25803,26699,11592,74797,0.16793653691026741,0.13302387693466708,113,0,21,"[149, 60, 2]",1346
TR1_1517450626,2,Gangplank,6,7,10,2,0.9,11109,15,33803,26225,6072,16736,0.22000287784489078,0.13065870302575813,214,0,20,"[211, 17, 150]",1346
TR1_1517450626,3,Darius,7,12,3,7,6.33,16085,18,47258,51533,32236,77501,0.13372420030920223,0.15650512509610592,205,0,3,"[82, 32, 103, 181]",1346
TR1_1517450626,4,AurelionSol,7,8,8,13,2.62,16083,18,44405,23811,1835,29674,0.125650312313719,0.07231380890376303,192,0,2,"[65, 40, 90, 97]",1346
TR1_1517450626,5,Tristana,3,17,7,1,2.57,13681,18,67412,43725,11335,64630,0.19075081409588188,0.13279210620595358,180,0,71,"[151, 46, 36, 51]",1346
TR1_1517450626,6,Lulu,3,0,4,18,4.5,13515,18,17605,59400,46630,73528,0.04981783772198834,0.18039896270415828,277,77,96,"[20, 37, 70, 105]",1346
TR1_1517450626,7,Shaco,8,4,7,4,1.14,9502,15,25716,23819,5600,21167,0.16736999297571958,0.11867321878678479,393,0,43,"[150, 205, 104]",1346
TR1_1517450626,8,Nunu,8,4,9,4,0.89,9500,15,21721,41285,18990,49652,0.14136768561527535,0.20569376257389618,189,69,97,"[180, 108, 67]",1346
TR1_1517450626,9,Ivern,1,0,6,1,0.17,5750,12,4398,18751,7007,14421,0.028626548525879883,0.0934213723083296,243,2,22,"[67, 37]",1346
TR1_1517450626,10,AurelionSol,1,0,6,0,0.0,5750,12,9812,15768,824,8152,0.06386001369264363,0.07856362636256158,87,16,21,"[133, 44]",1346
TR1_1517450626,11,Xayah,4,16,4,0,4.0,11105,16,66220,47390,18932,24832,0.18737952149145704,0.14392276646754246,214,50,153,"[71, 80, 24]",1346
TR1_1517450626,12,Soraka,4,0,4,16,4.0,10815,16,4713,31220,48589,29031,0.013337466493603015,0.0948161419628847,294,16,90,"[175, 56, 192]",1346
TR1_1517450626,13,Fiora,2,3,6,3,1.0,7360,13,20251,22078,8900,35402,0.13179843187960644,0.10999703185562591,190,5,33,"[52, 138]",1346
TR1_1517450626,14,Galio,2,4,5,3,1.4,7280,13,12144,26086,5155,52455,0.07903791255571693,0.1299684081523767,103,12,31,"[152, 34]",1346
TR1_1517450626,15,RekSai,5,4,7,11,2.14,16650,18,38169,41975,14544,55491,0.10800502655365726,0.12747891628184116,275,33,75,"[68, 28, 103, 32]",1346
TR1_1517450626,16,Kaisa,5,12,6,4,2.67,16815,18,67618,30218,8561,28310,0.1913348210204912,0.0917721723777509,235,8,42,"[36, 17, 52, 49]",1346
TR1_1517448389,1,Ashe,5,4,7,4,1.14,7759,13,24023,20282,3879,14678,0.12283175612941298,0.08174088386024755,110,37,289,"[36, 58]",1398
TR1_1517448389,2,Nunu,2,4,6,2,1.0,7260,13,12023,21514,9159,16816,0.06147506203356736,0.08670489778582728,112,46,74,"[38, 45]",1398
TR1_1517448389,3,Viego,2,2,7,4,0.86,7006,13,11289,19122,3962,17664,0.057723808025479995,0.07706546569354125,80,8,37,"[154, 115]",1398
TR1_1517448389,4,Amumu,5,6,6,3,1.5,7750,13,23725,28091,5773,21773,0.1213084717190306,0.11321350920966339,111,6,57,"[90, 79]",1398
TR1_1517448389,5,Kayle,1,8,5,9,3.4,15832,18,52859,32852,13218,32743,0.1213260299227261,0.07361544440868831,179,7,53,"[71, 115, 47, 25]",1398
TR1_1517448389,6,Darius,1,9,6,7,2.67,15752,18,48071,51823,16319,87592,0.11033532862823851,0.11612409470132184,161,0,27,"[33, 115, 84, 67]",1398
TR1_1517448389,7,MasterYi,6,8,5,4,2.4,10269,15,26626,20060,6135,30357,0.13614312100730405,0.08084472885403601,109,0,20,"[107, 14, 16]",1398
TR1_1517448389,8,TahmKench,8,10,7,2,1.71,12789,18,56846,140279,56863,247678,0.13047715785521075,0.31433437988952534,184,53,131,"[152, 41, 23, 165]",1398
TR1_1517448389,9,Alistar,8,2,8,10,1.5,12773,18,26871,46282,20148,213213,0.061677346331325815,0.1037095127988356,234,0,140,"[165, 18, 72, 24]",1398
TR1_1517448389,10,Trundle,4,11,5,10,4.2,16250,18,108583,66569,47900,127011,0.2492266141335909,0.1491681622314838,231,0,24,"[23, 79, 52, 36]",1398
TR1_1517448389,11,Yorick,4,11,5,11,4.4,16271,18,78316,53681,23633,91993,0.17975691605607041,0.12028843689110358,293,12,69,"[104, 15, 71, 64]",1398
TR1_1517448389,12,Aatrox,7,3,9,6,1.0,9775,15,34233,51765,28798,71313,0.17503533212537387,0.2086236417702343,309,36,91,"[150, 18, 64]",1398
TR1_1517448389,13,TahmKench,7,7,5,3,2.0,9782,15,34578,67293,41892,118671,0.17679763928015596,0.271201488594934,303,103,163,"[103, 41, 67]",1398
TR1_1517448389,14,Gwen,3,7,8,5,1.5,10750,16,31865,31285,11534,29504,0.07313984310710088,0.07010357068096877,263,27,109,"[103, 79, 16]",1398
TR1_1517448389,15,Zyra,3,6,8,7,1.62,10758,16,32266,23499,2301,14617,0.07406076396573665,0.05265639839807272,194,23,86,"[89, 86, 50]",1398
TR1_1517448389,16,Garen,6,6,7,7,1.86,10330,15,29079,20000,2708,21441,0.14868480967967518,0.08060538423151627,147,0,20,"[151, 48, 52]",1398
TR1_1517441903,1,XinZhao,1,6,8,4,1.25,10795,16,17247,29591,8881,16156,0.06017324484018842,0.11875665612065398,126,0,4,"[36, 48, 85]",1235
TR1_1517441903,2,Vi,1,5,6,7,2.0,10785,16,36557,26947,6065,22867,0.1275386967172626,0.10814571800162893,106,0,5,"[13, 193, 51]",1235
TR1_1517441903,3,Twitch,8,5,6,4,1.5,7520,14,25608,21286,3980,16810,0.1778209967523497,0.1033626841224212,52,3,50,"[107, 125, 7]",1235
TR1_1517441903,4,Vayne,2,3,5,3,1.2,7010,13,8628,14769,1841,6861,0.05991204318591351,0.07171508622668583,64,20,29,"[151, 81]",1235
TR1_1517441903,5,Urgot,2,3,5,3,1.2,7030,13,10977,27601,5125,34541,0.07622403107968818,0.1340263269322053,108,9,55,"[23, 41]",1235
TR1_1517441903,6,Kalista,3,10,7,9,2.71,13825,18,31704,38353,6134,38176,0.11060788190289093,0.1539217605989826,91,8,39,"[71, 19, 87, 36]",1235
TR1_1517441903,7,Olaf,3,13,4,10,5.75,13850,18,59562,44462,34401,81551,0.20779869909819335,0.17843999575253017,225,28,61,"[82, 79, 87, 150]",1235
TR1_1517441903,8,Lulu,8,4,6,5,1.5,7500,14,10598,18343,5344,10704,0.07359412159259397,0.08906955363039841,156,109,138,"[192, 75, 60]",1235
TR1_1517441903,9,Sett,5,10,9,5,1.67,13005,18,60630,41581,12146,57188,0.21152385884837838,0.16687858161283095,86,0,10,"[84, 79, 207, 89]",1235
TR1_1517441903,10,Volibear,4,5,5,7,2.4,10055,15,19003,43557,9612,64901,0.1319578153665018,0.21150255454565275,131,0,44,"[64, 79, 205]",1235
TR1_1517441903,11,Shaco,5,6,7,9,2.14,13020,18,25605,25441,8039,22310,0.08933010024078254,0.10210331041551045,522,0,4,"[104, 11, 46, 150]",1235
TR1_1517441903,12,KSante,4,7,6,5,2.0,10025,19,26190,26824,5459,51607,0.18186139147746339,0.1302517408937684,212,0,36,"[63, 96, 112]",1235
TR1_1517441903,13,LeeSin,6,5,5,9,2.8,11050,16,26108,23841,5127,23176,0.09108512189950495,0.09568143825656146,263,22,51,"[141, 58, 22]",1235
TR1_1517441903,14,Riven,6,10,4,5,3.75,11050,16,29220,18955,3346,32127,0.10194239645279884,0.07607253924130146,486,5,31,"[103, 19, 80]",1235
TR1_1517441903,15,Heimerdinger,7,3,9,2,0.56,9550,15,18293,20730,1316,11905,0.1270233344150132,0.10066046127502602,190,95,190,"[65, 45, 85]",1235
TR1_1517441903,16,Kayn,7,3,7,1,0.57,9550,15,24713,32829,13302,34098,0.17160626613047622,0.15941159237384211,134,0,73,"[154, 53, 93]",1235
TR1_1517438528,1,Fiora,8,8,6,7,2.5,13250,17,54591,48977,34330,81679,0.12781026941036203,0.12179957149331266,273,16,31,"[43, 60, 107]",1370
TR1_1517438528,2,Vladimir,4,10,5,5,3.0,13000,17,54214,62540,68813,43971,0.12692819467657335,0.15552750234783413,295,0,105,"[32, 12, 70]",1370
TR1_1517438528,3,Ashe,4,4,8,10,1.75,13000,17,47889,36270,11327,26903,0.11212014902279951,0.09019814558308566,117,53,535,"[22, 87, 150]",1370
TR1_1517438528,4,Leona,1,3,6,10,2.17,10000,15,23962,49201,25393,85984,0.10584793175843449,0.1610256830823419,233,5,77,"[42, 108, 103]",1370
TR1_1517438528,5,Kayn,1,8,10,5,1.3,10000,15,49884,48516,25331,68810,0.22035460144774335,0.15878302966784985,202,0,45,"[57, 214, 98]",1370
TR1_1517438528,6,Volibear,7,7,7,1,1.14,7250,14,38832,37890,15542,46223,0.17153403539995882,0.12400537178800071,125,0,32,"[22, 92, 90]",1370
TR1_1517438528,7,Swain,5,1,7,3,0.57,7000,13,17778,44219,22294,36358,0.07853387440077932,0.1447193616624763,172,44,175,"[204, 136]",1370
TR1_1517438528,8,Karma,7,2,7,6,1.14,7250,14,12547,22866,6829,14839,0.05542753719923529,0.07483623375133687,127,12,30,"[76, 181, 149]",1370
TR1_1517438528,9,Fizz,6,4,8,6,1.25,9750,15,19664,30232,2864,20551,0.08686491977308476,0.09894290424985085,121,4,26,"[32, 112, 211]",1370
TR1_1517438528,10,Cassiopeia,5,3,11,1,0.36,7000,13,19390,29484,7803,13402,0.08565290076374142,0.09649605539081886,260,9,99,"[138, 44]",1370
TR1_1517438528,11,Kayn,6,6,8,4,1.25,9750,15,44321,43141,17858,36601,0.19578419925702256,0.1411913604073247,184,0,27,"[46, 120, 63]",1370
TR1_1517438528,12,Gragas,2,16,6,3,3.17,13500,18,84551,49444,19786,71586,0.1979550928665336,0.1229606463403105,441,60,171,"[136, 46, 133, 73]",1370
TR1_1517438528,13,Taric,2,4,7,14,2.57,13500,18,16756,46861,17413,131052,0.0392301068815305,0.1165363974422645,204,0,103,"[85, 57, 192, 176]",1370
TR1_1517438528,14,FiddleSticks,8,7,9,9,1.78,13250,17,38455,64196,39778,32920,0.09003343666838078,0.15964703860877194,222,0,14,"[112, 60, 64]",1370
TR1_1517438528,15,Shen,3,6,4,18,6.0,14000,18,46474,41095,14239,103057,0.10880735251405223,0.10219853213203701,221,0,78,"[39, 87, 67, 40]",1370
TR1_1517438528,16,Lillia,3,19,3,6,8.33,14000,18,84193,52730,35525,40438,0.197115397959768,0.1311321660523836,338,5,43,"[28, 171, 165, 214]",1370
TR1_1516983770,1,Shaco,4,9,5,3,2.4,8000,14,15435,18625,6405,11033,0.0848513639497331,0.0833045832311723,264,0,1,"[88, 207, 77]",1308
TR1_1516983770,2,Kayn,4,3,9,8,1.22,8015,14,22977,27097,7558,19773,0.12631358050910468,0.12119827636188979,106,0,3,"[35, 116, 175]",1308
TR1_1516983770,3,Veigar,3,3,10,6,0.9,10310,15,34866,26543,2034,23803,0.19166855187769702,0.11872141862533317,177,33,42,"[156, 46, 151]",1308
TR1_1516983770,4,Chogath,3,6,8,3,1.12,10260,15,18096,45763,8264,68985,0.09948204386151488,0.20468831096483223,128,0,21,"[115, 49, 21]",1308
TR1_1516983770,5,Briar,2,9,9,9,2.0,15880,25,26749,36590,22377,31358,0.09143670577119155,0.12744440162203668,142,3,11,"[96, 7, 64, 151]",1308
TR1_1516983770,6,Malphite,2,10,4,9,4.75,15875,18,48345,34660,6471,46344,0.16525493800817456,0.12072375677145102,167,0,9,"[156, 56, 64, 84]",1308
TR1_1516983770,7,Shen,7,4,5,15,3.8,19311,18,23404,28595,6831,76528,0.0800013918580072,0.09959967178749164,222,0,10,"[220, 57, 107, 36]",1308
TR1_1516983770,8,Teemo,8,4,8,6,1.25,7530,14,22215,25431,1809,10680,0.1221262431790166,0.11374566283892322,98,0,3,"[86, 93, 133]",1308
TR1_1516983770,9,Garen,7,17,9,4,2.33,16415,18,76794,32589,9702,35966,0.262501215572461,0.11350982581060848,150,0,12,"[195, 110, 82, 84]",1308
TR1_1516983770,10,Katarina,5,3,8,5,1.0,10025,16,35758,46834,22405,32156,0.12223209160166845,0.16312587244117652,126,3,35,"[19, 34, 20]",1308
TR1_1516983770,11,Urgot,5,5,6,2,1.17,10040,16,16994,37465,2277,57335,0.058092540051001236,0.1304910299179696,102,3,22,"[41, 136, 149]",1308
TR1_1516983770,12,Shaco,8,6,6,4,1.67,7525,14,19054,21756,4990,11468,0.10474902463816027,0.09731178325903588,264,0,6,"[19, 97, 36]",1308
TR1_1516983770,13,Sett,6,11,5,3,2.8,13360,17,42830,28555,11186,21038,0.1464051027565478,0.09945789616348127,115,0,10,"[48, 92, 10]",1308
TR1_1516983770,14,Illaoi,6,6,7,8,2.0,13430,17,21670,41816,13324,40889,0.07407601438094825,0.14564754548578482,173,8,17,"[53, 138, 82]",1308
TR1_1516983770,15,Singed,1,4,6,8,2.0,9810,15,14613,31970,6093,31357,0.08033676758477785,0.1429957181602843,90,0,12,"[88, 80, 94]",1308
TR1_1516983770,16,Hwei,1,9,7,4,1.86,9850,15,34648,26389,2999,11905,0.19047242439999557,0.11803424655852912,164,6,8,"[135, 92, 113]",1308
TR1_1516975959,1,Volibear,3,3,4,1,1.0,4000,9,7864,11725,1963,7159,0.0493755140396195,0.059444322051781705,36,0,18,[64],1492
TR1_1516975959,2,Sion,4,6,7,4,1.43,7750,13,22340,35434,7692,81914,0.14026218237838292,0.1796362563774799,151,4,126,"[150, 181]",1492
TR1_1516975959,3,Zed,5,13,6,4,2.83,15500,18,81095,36252,16642,52065,0.1694445773013791,0.07198544018843445,409,49,59,"[2, 112, 27, 172]",1492
TR1_1516975959,4,Riven,5,3,8,13,2.0,15500,18,39045,39225,22382,67329,0.08158247844656961,0.0778891341699738,479,6,49,"[151, 138, 75, 7]",1492
TR1_1516975959,5,Aatrox,8,10,9,11,2.33,18500,18,72578,109871,80623,160611,0.15164788758834194,0.2181677208210009,389,16,97,"[154, 73, 41, 57]",1492
TR1_1516975959,6,Lux,3,1,5,3,0.8,4000,9,7610,6793,244,2856,0.047781268871290715,0.0344392621791116,71,37,58,[198],1492
TR1_1516975959,7,Twitch,4,4,11,2,0.55,7750,13,22497,22467,3712,9187,0.14124935181826972,0.11389948575781897,83,3,61,"[52, 22]",1492
TR1_1516975959,8,Kalista,2,4,10,4,0.8,7500,14,23541,23157,4136,13588,0.1478055023592426,0.11740012576985805,59,10,158,"[74, 73, 19]",1492
TR1_1516975959,9,Swain,2,6,5,4,2.0,7500,14,40652,38640,18693,23422,0.25523344226732936,0.19589369416380722,277,237,599,"[133, 112, 135]",1492
TR1_1516975959,10,LeeSin,7,8,8,4,1.5,10500,16,41188,47226,16795,44279,0.08606014800715958,0.09377570987528207,396,14,59,"[165, 112, 193]",1492
TR1_1516975959,11,Alistar,7,5,5,8,2.6,10500,16,19821,39073,13208,100442,0.04141566636277343,0.07758728237483055,131,0,41,"[149, 85, 1]",1492
TR1_1516975959,12,Briar,8,12,5,9,4.2,19351,18,73552,95200,95539,119953,0.15368410828828666,0.18903644743303266,210,9,96,"[63, 42, 125, 57]",1492
TR1_1516975959,13,Qiyana,6,3,10,4,0.7,7000,14,17024,20428,1590,11623,0.10688675150418965,0.10356445618091602,236,10,112,"[82, 46, 88]",1492
TR1_1516975959,14,Anivia,6,5,7,3,1.14,7000,14,17744,38607,1807,15784,0.11140598676167546,0.19572239751922654,268,10,75,"[29, 40, 195]",1492
TR1_1516975959,15,Zed,1,21,8,5,3.25,18750,18,115619,53381,20929,38498,0.2415787158293551,0.10599748863277766,304,68,101,"[84, 138, 193, 12]",1492
TR1_1516975959,16,Skarner,1,5,4,17,5.5,18750,18,35696,83378,37210,160231,0.07458641817613455,0.1655607765046679,186,0,81,"[20, 57, 41, 136]",1492
TR1_1516970937,1,Sett,4,10,5,2,2.4,10014,15,32481,43650,17227,42740,0.07381562733554667,0.10597746608771615,93,0,27,"[22, 32, 79]",1576
TR1_1516970937,2,Ezreal,4,2,9,7,1.0,10003,15,28741,25853,3586,12991,0.06531625482333801,0.06276927765703032,310,38,61,"[105, 69, 48]",1576
TR1_1516970937,3,RekSai,1,3,6,3,1.0,7000,13,17628,22038,8316,32198,0.09383169893256522,0.08588951390608822,151,12,40,"[214, 110]",1576
TR1_1516970937,4,Zed,1,3,7,2,0.71,7000,13,19106,22787,2688,12239,0.10169674739925928,0.08881045897325908,198,37,47,"[73, 120]",1576
TR1_1516970937,5,Chogath,8,8,7,2,1.43,8010,14,34269,47178,15670,53504,0.18240481955534277,0.1838696216772852,257,0,18,"[42, 44, 193]",1576
TR1_1516970937,6,Darius,5,8,12,11,1.58,20755,18,39616,68168,33539,98028,0.0900309647048881,0.16550270359756125,256,0,39,"[39, 57, 62, 103]",1576
TR1_1516970937,7,Sett,7,0,8,8,1.0,7508,13,14210,25183,1887,25313,0.07563955686711833,0.09814872791168074,56,0,21,"[51, 69]",1576
TR1_1516970937,8,Gwen,5,14,9,7,2.33,20755,18,85505,67637,34026,45962,0.19431654164699988,0.16421289079141066,251,48,121,"[170, 205, 195, 24]",1576
TR1_1516970937,9,Poppy,7,8,6,0,1.33,7511,13,17338,26094,8033,49215,0.09228863566546906,0.10169948655882748,105,0,16,"[34, 112]",1576
TR1_1516970937,10,Urgot,6,5,7,13,2.57,16700,18,31891,49612,22083,60729,0.07247658427906283,0.12045140925530262,190,16,103,"[39, 28, 81, 36]",1576
TR1_1516970937,11,Udyr,6,11,8,6,2.12,16706,18,62828,34644,11300,26704,0.14278167996640143,0.08411182823648537,202,0,21,"[17, 80, 54, 82]",1576
TR1_1516970937,12,Morgana,8,2,9,7,1.0,8009,14,25030,23471,5598,12951,0.1332290888040915,0.09147781920113437,124,16,38,"[32, 46, 194]",1576
TR1_1516970937,13,Vladimir,2,6,6,5,1.83,10004,15,28870,41362,31459,19312,0.15367127243624049,0.16120193520079937,216,0,25,"[172, 138, 88]",1576
TR1_1516970937,14,Sion,2,6,9,6,1.33,10007,15,31419,48469,10706,63936,0.16723818033991336,0.18890243657092554,102,3,39,"[7, 49, 78]",1576
TR1_1516970937,15,Zed,3,25,7,3,4.0,21300,18,113335,31345,11309,23376,0.25756439928019775,0.0761020662421424,516,85,104,"[46, 187, 193, 84]",1576
TR1_1516970937,16,Zac,3,5,3,22,9.0,21264,18,45630,90974,93849,146418,0.10369794796356532,0.2208723581323512,183,23,87,"[60, 42, 193, 5]",1576
TR1_1516964541,1,Veigar,7,10,7,3,1.86,13254,18,28102,29162,3358,13228,0.09177547267098403,0.11007906143521987,153,20,35,"[151, 133, 1, 21]",1292
TR1_1516964541,2,Olaf,8,9,4,8,4.25,16000,18,49326,46825,29858,134619,0.16108759372010875,0.17675230035396458,209,24,102,"[154, 70, 45, 5]",1292
TR1_1516964541,3,Vi,1,4,7,2,0.86,9500,15,25073,21946,1772,21698,0.17101253079473908,0.10796134667019495,98,0,13,"[107, 64, 193]",1292
TR1_1516964541,4,Sylas,1,2,8,4,0.75,9500,15,16930,34544,7325,32565,0.11547558418804135,0.16993443680957512,206,15,29,"[103, 150, 6]",1292
TR1_1516964541,5,Galio,3,4,6,6,1.67,8000,14,17228,24905,3590,42443,0.11750277476856015,0.12251572237369983,113,27,43,"[152, 149, 58]",1292
TR1_1516964541,6,Lillia,3,6,8,4,1.25,9120,14,27779,26531,8580,14248,0.18946813362523948,0.13051769907142594,138,11,56,"[84, 38, 195]",1292
TR1_1516964541,7,Ashe,8,8,10,7,1.5,16000,18,36699,39736,8005,20730,0.11984899501128721,0.14999227408962926,126,38,304,"[52, 77, 81, 70]",1292
TR1_1516964541,8,Gragas,2,3,5,4,1.4,7425,14,15366,23269,7806,18457,0.10480467932568664,0.11447064448804695,253,9,44,"[16, 38, 30]",1292
TR1_1516964541,9,Smolder,2,4,7,3,1.0,7007,14,16564,19965,3899,11589,0.11297928824214144,0.09821470383094619,117,11,33,"[47, 71, 79]",1292
TR1_1516964541,10,Viego,6,7,4,8,3.75,13040,17,31655,42692,32650,52480,0.1033793458530265,0.16115132114246924,254,13,65,"[103, 67, 79]",1292
TR1_1516964541,11,Gragas,4,12,7,7,2.71,16508,18,47341,30570,8052,47634,0.15460508441649798,0.11539440225041736,314,7,72,"[84, 65, 88, 180]",1292
TR1_1516964541,12,Jax,5,2,7,0,0.29,6252,12,12262,18507,4219,22687,0.08363615817532226,0.09104546591163941,109,0,52,"[150, 33]",1292
TR1_1516964541,13,Gragas,6,11,6,7,3.0,13007,17,26459,32138,7683,42758,0.08640963202122295,0.12131244443373317,337,4,51,"[50, 180, 53]",1292
TR1_1516964541,14,DrMundo,5,0,6,2,0.33,6253,12,15412,33610,13120,25358,0.1051208508802696,0.1653399808444716,113,5,70,"[67, 94]",1292
TR1_1516964541,15,Poppy,7,5,4,10,3.75,13252,18,32573,25660,7810,61813,0.10637586859846497,0.09685883777905367,163,0,31,"[82, 16, 166, 175]",1292
TR1_1516964541,16,TwistedFate,4,12,3,11,7.67,19942,18,54051,18136,2870,14338,0.17651800770840764,0.06845935851551287,328,38,145,"[71, 113, 195, 133]",1292
TR1_1516406541,1,Veigar,7,6,8,2,1.0,9500,15,30979,22936,2167,12831,0.17458211177201546,0.08915919592876925,154,9,21,"[54, 97, 116]",1305
TR1_1516406541,2,Vladimir,7,2,7,5,1.0,9500,15,24969,35106,19247,17412,0.1407156307449984,0.1364679962006835,202,0,14,"[58, 187, 97]",1305
TR1_1516406541,3,Pantheon,4,15,3,6,7.0,18500,18,79606,34621,17350,40968,0.22819439565748884,0.11617420494462273,176,0,35,"[195, 32, 28, 77]",1305
TR1_1516406541,4,Yuumi,5,5,5,8,2.6,8275,14,16295,13397,8767,9645,0.09183047287388646,0.052078392000881435,104,39,11,"[174, 37, 93]",1305
TR1_1516406541,5,Galio,4,6,2,16,11.0,18500,18,39658,25222,4483,99879,0.11368234766650591,0.08463570874657174,154,43,30,"[18, 56, 9, 16]",1305
TR1_1516406541,6,Briar,5,7,6,5,2.0,8250,14,34704,40990,21186,35538,0.19557415814209067,0.15934048646946,99,3,69,"[41, 92, 112]",1305
TR1_1516406541,7,Brand,8,10,7,6,2.29,18900,18,47009,33037,4503,21724,0.13475331848077413,0.1108578957966627,166,91,174,"[86, 110, 44, 180]",1305
TR1_1516406541,8,Lissandra,3,6,5,6,2.4,10250,16,23013,27303,7879,37265,0.06596965218051606,0.09161861328847903,207,38,72,"[48, 172, 80]",1305
TR1_1516406541,9,Yone,3,6,5,6,2.4,10250,15,32883,19407,4072,15659,0.09426111419880807,0.06512138235651205,436,15,58,"[58, 22, 206]",1305
TR1_1516406541,10,Bard,2,0,9,0,0.0,7847,13,7935,30647,19725,17669,0.04472062912277762,0.11913667438572392,109,14,28,"[78, 37]",1305
TR1_1516406541,11,KSante,1,6,7,11,2.43,16253,18,32090,44131,8980,55472,0.0919873436268704,0.1480850363826752,199,0,50,"[193, 39, 44, 67]",1305
TR1_1516406541,12,Rell,2,2,7,0,0.29,6500,13,22816,32188,10210,60776,0.12858123706856192,0.12512440769304498,197,0,13,"[45, 60]",1305
TR1_1516406541,13,Trundle,1,9,6,5,2.33,16253,18,50537,65511,27660,47127,0.1448667650349046,0.21982645830128109,238,0,28,"[79, 17, 120, 21]",1305
TR1_1516406541,14,Udyr,8,5,7,9,2.0,18925,18,44055,48779,16735,94996,0.12628506315413202,0.16368070018319547,161,0,77,"[79, 17, 46, 107]",1305
TR1_1516406541,15,Maokai,6,4,6,3,1.17,7000,13,13370,29329,8835,43575,0.07534787202459822,0.11400963641065903,135,15,79,"[15, 39]",1305
TR1_1516406541,16,DrMundo,6,3,6,2,0.83,7000,13,26377,52654,15978,57316,0.14864788825107125,0.2046832109107779,121,21,75,"[41, 181]",1305
TR1_1516396437,1,Trundle,3,1,8,10,1.38,12369,16,31333,43926,20284,43286,0.08393164090379233,0.12166360503223729,174,0,14,"[42, 207, 125]",1492
TR1_1516396437,2,Briar,3,9,7,2,1.57,10510,16,36574,35582,27571,30776,0.09796990613683115,0.09855356652821907,137,11,28,"[171, 138, 79]",1492
TR1_1516396437,3,DrMundo,4,3,5,2,1.0,6770,14,20753,41641,22640,80305,0.11032764957044551,0.1790549442444639,164,40,130,"[22, 7, 4]",1492
TR1_1516396437,4,Ryze,4,2,9,3,0.56,6780,15,20489,19928,976,18385,0.10892231906052353,0.08568964656995806,325,84,176,"[97, 34, 1]",1492
TR1_1516396437,5,Volibear,2,11,8,2,1.62,10270,15,30691,34035,8638,37520,0.1631617285689868,0.14634817180513685,151,0,38,"[87, 181, 115]",1492
TR1_1516396437,6,Rakan,1,1,5,20,4.2,18010,18,16413,38209,34035,86820,0.04396659744291709,0.10583140198708275,319,23,96,"[34, 40, 78, 198]",1492
TR1_1516396437,7,Rell,2,2,5,10,2.4,10285,15,28824,24474,5437,78036,0.1532338958868281,0.1052373477382602,227,0,40,"[136, 108, 41]",1492
TR1_1516396437,8,Lillia,1,20,4,1,5.25,18270,18,88359,51446,23785,55843,0.23668288263187445,0.1424939062677233,385,5,78,"[32, 105, 195, 68]",1492
TR1_1516396437,9,MasterYi,8,8,10,1,0.9,10300,16,34793,26725,6557,24794,0.18496794687121992,0.1149169904998455,165,0,26,"[108, 12, 58]",1492
TR1_1516396437,10,Shaco,5,11,5,12,4.6,15750,18,45208,28753,7321,30060,0.12109558559067023,0.0796382420016775,225,0,19,"[40, 102, 45, 180]",1492
TR1_1516396437,11,Evelynn,5,12,7,10,3.14,15750,18,59948,46934,14473,51080,0.1605809554894785,0.12999729215539974,303,30,58,"[97, 116, 208, 63]",1492
TR1_1516396437,12,Blitzcrank,6,3,10,1,0.4,6260,12,14100,20057,2227,15734,0.07496151140150809,0.08624706629869949,113,11,22,"[7, 171]",1492
TR1_1516396437,13,Alistar,6,1,6,3,0.67,6320,12,8161,19923,8068,44639,0.043387740402554165,0.08567049846784529,87,0,10,"[73, 110]",1492
TR1_1516396437,14,Ornn,8,3,6,8,1.83,10375,16,30292,45776,16379,98308,0.16103720823793388,0.19683533437579073,160,15,32,"[102, 42, 174]",1492
TR1_1516396437,15,Vladimir,7,9,7,12,3.0,18985,18,50509,77639,71606,48210,0.1352972106275563,0.2150393438092341,419,0,113,"[112, 138, 195, 109]",1492
TR1_1516396437,16,Ahri,7,13,8,9,2.75,19020,18,44976,38553,9326,21077,0.12047522117687992,0.10678264221842625,328,175,285,"[187, 17, 45, 84]",1492
TR1_1516389519,1,Darius,1,6,1,18,24.0,14001,18,45894,45632,36241,79910,0.12462004441265243,0.12043030790093041,250,0,45,"[70, 108, 20, 67]",1334
TR1_1516389519,2,Galio,2,5,5,10,3.0,13025,18,26599,35895,5364,71337,0.07222609722756096,0.09473388984122644,152,22,152,"[149, 69, 21, 68]",1334
TR1_1516389519,3,Illaoi,2,10,5,5,3.0,13325,18,76896,49795,29479,38356,0.20880066746259843,0.13141669804809322,255,10,155,"[82, 138, 151, 68]",1334
TR1_1516389519,4,Zed,1,21,4,7,7.0,14007,18,77137,28674,12324,23357,0.20945289874441342,0.07567659901166664,310,58,125,"[211, 116, 133, 16]",1334
TR1_1516389519,5,Warwick,4,7,10,1,0.8,10000,16,39886,50917,25075,41830,0.10830439807449005,0.1343789755072504,132,0,85,"[36, 28, 103]",1334
TR1_1516389519,6,Chogath,3,4,5,6,2.0,10001,15,19712,34544,6052,33357,0.09908285887427583,0.14159261047270155,240,0,23,"[151, 32, 2]",1334
TR1_1516389519,7,Zac,4,3,7,7,1.43,10007,16,28530,79529,70920,78464,0.07746903778809039,0.20989027274606956,150,23,172,"[149, 60, 94]",1334
TR1_1516389519,8,Zed,3,7,5,4,2.2,10008,15,30656,14317,2423,6332,0.15409026850924382,0.05868715554766415,331,39,40,"[150, 32, 211]",1334
TR1_1516389519,9,Twitch,7,5,8,3,1.0,7255,14,20609,20234,9226,6505,0.10359216699995429,0.08293804580670434,85,3,35,"[74, 170, 165]",1334
TR1_1516389519,10,Leona,6,1,6,3,0.67,6255,12,20717,20430,9947,28448,0.10413377247924367,0.08374051320943819,99,21,29,"[65, 136]",1334
TR1_1516389519,11,Pyke,5,5,7,7,1.71,13254,17,23160,43336,22008,29700,0.06288735380693818,0.11437220849008647,210,36,75,"[89, 136, 61]",1334
TR1_1516389519,12,Kayn,6,3,12,1,0.33,6250,12,19890,28093,9476,17282,0.09997668609740586,0.11515234307824712,107,0,16,"[103, 116]",1334
TR1_1516389519,13,Kayn,5,10,6,5,2.5,13609,17,50174,45128,25407,50044,0.13623950248325617,0.11910104845467688,255,0,32,"[63, 73, 33]",1334
TR1_1516389519,14,Gragas,8,3,9,4,0.78,7253,14,32631,35200,14035,29786,0.16401834097687962,0.14428394002288278,382,6,51,"[16, 116, 84]",1334
TR1_1516389519,15,DrMundo,7,3,6,5,1.33,7256,14,31526,45690,18384,26356,0.15846511035404304,0.18727775746618391,164,14,64,"[175, 181, 70]",1334
TR1_1516389519,16,TahmKench,8,6,5,3,1.8,7266,14,23205,45458,23639,79243,0.1166407957089539,0.18632763439617794,134,30,67,"[154, 187, 64]",1334
TR1_1515304406,1,DrMundo,1,6,7,3,1.29,9505,15,42950,64151,44319,115150,0.22077359777050737,0.2522958120661273,274,80,120,"[20, 60, 75]",1375
TR1_1515304406,2,Nautilus,1,4,9,6,1.11,9520,15,20159,50867,16829,82727,0.1036228231302015,0.20005134001881186,201,31,74,"[74, 42, 174]",1375
TR1_1515304406,3,Bard,7,4,6,2,1.0,8045,14,24664,26339,10605,20072,0.12677853259844488,0.1035888000471568,129,14,48,"[154, 26, 220]",1375
TR1_1515304406,4,Gangplank,6,8,8,3,1.38,11717,16,45389,29750,5883,16298,0.0987938265609655,0.06407989703614263,251,0,23,"[68, 32, 41]",1375
TR1_1515304406,5,Swain,6,5,4,8,3.25,10515,17,34905,64212,37032,35620,0.07597547090300283,0.13830756956099477,264,27,113,"[103, 42, 41]",1375
TR1_1515304406,6,Gragas,8,7,5,7,2.8,11035,16,25822,78995,31660,100871,0.05620473433800485,0.17014699773117173,493,2,50,"[152, 39, 18]",1375
TR1_1515304406,7,Vayne,8,8,8,7,1.88,11015,16,56269,32961,10310,18192,0.12247504767500415,0.07099580978078314,146,15,46,"[151, 22, 115]",1375
TR1_1515304406,8,Garen,2,7,7,3,1.43,10005,15,20326,21511,4583,24070,0.10448338538539124,0.0846005898548611,107,0,5,"[52, 60, 166]",1375
TR1_1515304406,9,Kayn,2,3,5,7,2.0,10000,15,35583,28893,11690,25669,0.18290389910779725,0.1136328335727621,148,0,13,"[82, 46, 27]",1375
TR1_1515304406,10,Riven,4,10,10,12,2.2,14110,18,49812,36197,8892,44365,0.10842187667548651,0.07796535531885508,429,8,28,"[84, 171, 27, 172]",1375
TR1_1515304406,11,Illaoi,4,15,4,9,6.0,14485,18,108385,93320,79616,81502,0.23591202054239774,0.201002214291023,361,22,44,"[84, 138, 1, 7]",1375
TR1_1515304406,12,Sett,5,1,8,1,0.25,6500,12,12808,17509,2710,15003,0.06583818278253352,0.06886327408215237,50,0,38,"[107, 22]",1375
TR1_1515304406,13,Maokai,5,2,6,2,0.67,6500,12,11935,21402,5638,25635,0.06135000009813456,0.08417189094257925,139,9,63,"[103, 69]",1375
TR1_1515304406,14,Karma,7,2,9,3,0.56,7000,14,26117,23595,2237,14524,0.13424957912698968,0.09279545941554922,173,52,105,"[2, 93, 193]",1375
TR1_1515304406,15,Trundle,3,9,6,12,3.5,14015,18,53374,70967,32245,94141,0.11617477627786067,0.15285596013274094,188,0,38,"[152, 138, 115, 51]",1375
TR1_1515304406,16,Kayn,3,14,4,9,5.75,14040,18,85474,57870,45963,75516,0.18604224702727776,0.12464619614828873,316,0,50,"[63, 206, 6, 69]",1375
TR1_1515292969,1,Pyke,5,9,4,6,3.75,15610,18,24130,36532,24618,43011,0.07122143202494607,0.1047014698144171,267,20,64,"[116, 151, 195, 187]",1427
TR1_1515292969,2,Kayn,5,9,10,9,1.8,16792,18,67823,41909,19100,43637,0.20018113903516233,0.1201119640030717,284,0,42,"[34, 63, 1, 32]",1427
TR1_1515292969,3,Gangplank,7,7,6,0,1.17,7868,14,23391,25517,7982,16486,0.14277411353924455,0.1365094453542111,233,0,13,"[92, 84, 194]",1427
TR1_1515292969,4,Hecarim,6,4,8,7,1.38,10878,16,17564,31974,8621,33616,0.05184173891075663,0.09163888710574371,259,4,24,"[105, 71, 45]",1427
TR1_1515292969,5,Darius,1,14,4,7,5.25,20230,18,51145,50563,27266,64853,0.15095582915542483,0.14491316371558813,192,0,13,"[112, 23, 41, 116]",1427
TR1_1515292969,6,Riven,1,6,7,12,2.57,20205,18,41558,37711,6978,42520,0.12265956496009758,0.1080791933497519,366,6,22,"[17, 64, 193, 187]",1427
TR1_1515292969,7,Shen,8,4,5,3,1.4,7523,13,22378,32759,8936,64665,0.13658726322089,0.17525242729412574,101,0,28,"[110, 64]",1427
TR1_1515292969,8,Qiyana,2,3,8,1,0.5,6795,14,15335,22680,3009,22642,0.09360384987709061,0.12133227901240407,170,20,68,"[57, 68, 66]",1427
TR1_1515292969,9,Shaco,2,1,7,2,0.43,6805,14,19150,19679,2643,10744,0.11688792935232897,0.10527754398712588,148,0,13,"[32, 129, 19]",1427
TR1_1515292969,10,Brand,6,9,7,3,1.71,10782,16,38664,33707,7336,18470,0.11411791497247542,0.09660412234257226,244,14,26,"[172, 2, 135]",1427
TR1_1515292969,11,Vayne,8,3,10,4,0.7,7590,13,23456,24044,4312,24364,0.14316597063880354,0.12863286179746114,81,33,52,"[171, 63]",1427
TR1_1515292969,12,Shaco,7,0,6,6,1.0,7279,14,13391,17438,1976,17218,0.08173802803752984,0.09328870966914472,265,0,7,"[44, 180, 30]",1427
TR1_1515292969,13,Briar,3,7,8,14,2.62,18397,18,43219,73637,61798,71769,0.12756275440538914,0.21104334860887322,205,9,59,"[28, 98, 115, 7]",1427
TR1_1515292969,14,Evelynn,3,15,4,4,4.75,22567,18,54704,42885,25362,35018,0.161459626535748,0.12290785105998198,325,56,142,"[138, 38, 88, 32]",1427
TR1_1515292969,15,Lucian,4,4,6,6,1.67,10596,15,21905,22002,7460,9641,0.13370273672266378,0.1177041648041576,93,12,31,"[43, 77, 48]",1427
TR1_1515292969,16,Kayle,4,9,6,4,2.17,10641,15,24828,22805,6524,8809,0.15154010861144868,0.12200256808136971,93,12,40,"[170, 65, 48]",1427
TR1_1515289171,1,Braum,7,3,7,6,1.29,9505,15,32382,32311,5659,47346,0.14960923629360062,0.13891730033016425,136,19,36,"[175, 66, 85]",1132
TR1_1515289171,2,Maokai,6,2,6,11,2.17,13009,17,37881,69812,50638,127955,0.09836723261501573,0.1763337128934921,348,22,97,"[151, 125, 181]",1132
TR1_1515289171,3,Sett,5,8,6,6,2.33,13500,17,44339,73676,16739,75941,0.11513530507451637,0.1860934760680017,103,0,29,"[152, 41, 136]",1132
TR1_1515289171,4,Volibear,5,9,6,7,2.67,13500,17,62745,69117,27701,75596,0.16293076934363343,0.1745770257714109,223,0,9,"[150, 54, 120]",1132
TR1_1515289171,5,Kayn,7,6,7,3,1.29,9510,15,39725,44733,26040,50852,0.18353643286121132,0.19232388597442793,177,0,29,"[63, 48, 120]",1132
TR1_1515289171,6,Yasuo,2,2,6,5,1.17,7252,14,21641,21566,4412,22707,0.09998774863416943,0.09272429108196441,158,8,20,"[47, 88, 7]",1132
TR1_1515289171,7,Urgot,2,6,5,2,1.6,7253,14,19145,26559,7565,40131,0.08845300243149502,0.11418992196923751,92,6,22,"[84, 62, 105]",1132
TR1_1515289171,8,JarvanIV,3,5,6,4,1.5,10000,15,26178,22046,2539,25321,0.12094859301811833,0.09478482827132531,91,0,25,"[211, 194, 112]",1132
TR1_1515289171,9,Gwen,3,4,6,5,1.5,10006,15,31672,22556,5203,14477,0.14633181320566213,0.09698029158284027,153,21,50,"[65, 11, 87]",1132
TR1_1515289171,10,Garen,6,11,9,2,1.44,13015,21,49732,50647,8670,78397,0.12913890059557503,0.12792562932275728,104,0,24,"[77, 96, 214]",1132
TR1_1515289171,11,Kled,8,4,7,7,1.57,10001,15,23025,37562,11995,30343,0.10638014261954198,0.16149383807145595,155,65,163,"[103, 79, 138]",1132
TR1_1515289171,12,Viego,8,7,9,5,1.33,10021,15,22673,25256,8337,24319,0.10475303093620116,0.10858564271858435,104,11,82,"[77, 174, 46]",1132
TR1_1515289171,13,Zeri,4,7,5,15,4.4,14267,18,32186,22390,8209,17675,0.08357830395052743,0.05655375491107693,644,307,531,"[71, 58, 105, 92]",1132
TR1_1515289171,14,Kayn,4,15,3,8,7.67,14251,18,74642,28339,20969,38515,0.1938227170895713,0.07158021498248715,274,0,193,"[63, 54, 57, 34]",1132
TR1_1515289171,15,Kayn,1,10,5,5,3.0,12750,22,50490,37085,17283,42919,0.1311096710606565,0.09367097042810031,175,0,74,"[82, 96, 42, 80]",1132
TR1_1515289171,16,Mordekaiser,1,5,13,10,1.15,12752,18,33087,44842,3259,62739,0.0859171002705042,0.11326521562267364,172,0,56,"[16, 30, 39, 97]",1132
TR1_1515197920,1,Trundle,2,6,9,10,1.78,18250,18,47073,82888,47737,83702,0.11188714784098643,0.18781469384213975,156,0,21,"[44, 22, 74, 79]",1401
TR1_1515197920,2,Vladimir,2,12,5,7,3.8,18264,18,77091,59322,76036,39526,0.1832379956622499,0.13441750612536466,447,0,20,"[34, 97, 103, 208]",1401
TR1_1515197920,3,Caitlyn,7,7,9,4,1.22,9752,15,31751,26375,2797,14122,0.15501260338521866,0.12477972975205583,90,12,43,"[46, 136, 23]",1401
TR1_1515197920,4,Malphite,4,10,6,5,2.5,11335,16,34479,20571,2437,22292,0.16833315659444267,0.0973210015135662,142,0,3,"[97, 207, 151]",1401
TR1_1515197920,5,Gwen,1,10,4,6,4.0,13037,17,46618,53319,30824,57990,0.110806997510154,0.12081476711966409,252,37,102,"[60, 112, 63]",1401
TR1_1515197920,6,LeeSin,1,6,9,9,1.67,13008,17,30551,38223,12289,43714,0.07261666364257317,0.08660796197874523,394,10,64,"[73, 49, 16]",1401
TR1_1515197920,7,Katarina,5,7,6,5,2.0,12775,17,38856,28284,10866,21061,0.09235695246675155,0.06408847499434797,112,13,72,"[214, 28, 133]",1401
TR1_1515197920,8,Olaf,5,5,9,5,1.11,12752,17,28794,34150,9889,39325,0.0684403321209028,0.07737926009916124,147,17,58,"[7, 49, 47]",1401
TR1_1515197920,9,Urgot,8,1,6,4,0.83,7004,13,15313,17439,1725,23458,0.0747624435263939,0.08250340248393986,74,11,55,"[22, 171]",1401
TR1_1515197920,10,Poppy,7,4,5,5,1.8,9756,15,26019,51483,13021,83438,0.1270324388381171,0.243566087025011,127,0,27,"[172, 120, 103]",1401
TR1_1515197920,11,Malzahar,4,6,6,10,2.67,11250,16,35270,21003,5021,13986,0.172193416214576,0.09936433065842144,215,0,2,"[28, 32, 211]",1401
TR1_1515197920,12,MonkeyKing,3,4,7,5,1.29,9754,15,20318,23917,7961,26076,0.09919781330844514,0.1131534597781362,133,0,26,"[32, 214, 16]",1401
TR1_1515197920,13,Zed,3,6,7,4,1.43,9750,15,29512,25453,9559,19541,0.14408155807055903,0.12042088568330338,226,24,64,"[171, 73, 89]",1401
TR1_1515197920,14,LeeSin,6,11,9,10,2.33,18776,18,45385,64349,28944,132271,0.10787485317749515,0.1458063593225496,432,20,63,"[92, 9, 24, 78]",1401
TR1_1515197920,15,Sett,6,11,8,11,2.75,18792,18,106349,80795,32868,146570,0.252779057578887,0.18307097651802748,200,0,32,"[46, 7, 151, 41]",1401
TR1_1515197920,16,Vayne,8,4,6,1,0.83,7000,13,12164,25130,9529,35872,0.059386570062247464,0.1188911031055661,93,24,47,"[92, 138]",1401
TR1_1515190921,1,Renekton,7,2,6,4,1.0,9006,14,16132,33163,6363,36576,0.10917312582945737,0.16634711197855304,110,0,10,"[47, 41, 151]",1293
TR1_1515190921,2,Shaco,4,2,7,1,0.43,6760,13,18480,15383,2755,10484,0.1250624125206971,0.07716087857859896,169,0,2,"[16, 195]",1293
TR1_1515190921,3,Udyr,4,1,9,2,0.33,6774,13,10545,37531,24859,51820,0.07136647706935968,0.18825441748420405,119,0,4,"[152, 177]",1293
TR1_1515190921,4,Warwick,5,4,6,3,1.17,7260,17,11939,25160,10504,23701,0.08079779934668022,0.12620391303560888,69,0,9,"[77, 96]",1293
TR1_1515190921,5,Samira,5,3,7,4,1.0,7301,17,13850,17756,2772,11261,0.09372910660904447,0.08906571798309909,108,12,23,"[211, 96]",1293
TR1_1515190921,6,Rakan,6,7,3,11,6.0,13635,17,16092,36279,25896,55144,0.04675625231660756,0.10845690094775466,270,14,31,"[103, 27, 2]",1293
TR1_1515190921,7,Kayn,6,11,4,7,4.5,13595,17,64277,38296,15828,50179,0.18675411251715604,0.1144857681255621,197,0,20,"[84, 35, 72]",1293
TR1_1515190921,8,Zed,2,9,6,3,2.0,9860,15,21471,22163,2591,19061,0.145305137747949,0.11116992950536339,181,28,38,"[154, 48, 2]",1293
TR1_1515190921,9,Sett,2,4,5,9,2.6,9877,15,26419,27495,11114,25683,0.17879067110192967,0.1379182976206667,111,0,27,"[107, 79, 52]",1293
TR1_1515190921,10,Gangplank,7,5,6,1,1.0,8192,14,28929,20709,4511,17633,0.19577526977488247,0.10387973381390589,132,0,5,"[82, 194, 61]",1293
TR1_1515190921,11,Shaco,3,5,5,15,4.0,13782,18,35710,24589,4968,16347,0.10375328473232209,0.07350800937071492,382,0,26,"[65, 195, 64, 73]",1293
TR1_1515190921,12,Veigar,3,15,5,5,4.0,13885,18,64852,27077,6344,61469,0.18842363049061456,0.0809481450452163,407,46,63,"[180, 135, 20, 56]",1293
TR1_1515190921,13,Alistar,1,10,8,3,1.62,12923,17,53846,68620,46996,140209,0.15644636261955805,0.20513616440230806,187,0,26,"[150, 193, 67]",1293
TR1_1515190921,14,Rammus,1,3,6,10,2.17,12756,17,30912,68942,12729,145054,0.089815307070244,0.2061008205188036,176,0,20,"[90, 208, 25]",1293
TR1_1515190921,15,Lissandra,8,9,5,5,2.8,13033,18,35246,37402,12304,37205,0.10240722217611249,0.11181140711346188,306,64,108,"[129, 45, 151, 97]",1293
TR1_1515190921,16,Yone,8,5,7,7,1.71,13101,18,43244,33301,11214,35455,0.1256438280773852,0.09955278447617849,285,7,41,"[71, 6, 36, 172]",1293
TR1_1515182991,1,Gragas,4,9,7,7,2.29,15003,18,32160,51800,19150,53082,0.09188334768576,0.15565952495910695,229,10,65,"[166, 90, 175, 48]",1302
TR1_1515182991,2,Leona,4,6,5,10,3.2,15000,18,39140,59115,17732,123010,0.11182587447699828,0.1776411059154581,189,23,73,"[75, 154, 64, 41]",1302
TR1_1515182991,3,Brand,6,4,8,3,0.88,8253,14,19783,18265,883,16197,0.14466234270428605,0.10017461608904264,186,87,167,"[220, 180, 211]",1302
TR1_1515182991,4,Amumu,1,3,5,10,2.6,11006,16,20224,26423,5642,41650,0.057782499775719795,0.07940158749660811,115,11,35,"[75, 21, 50]",1302
TR1_1515182991,5,Katarina,1,10,6,2,2.0,11003,16,51176,25159,7204,15555,0.14621393274464195,0.07560260882984464,161,1,42,"[58, 36, 74]",1302
TR1_1515182991,6,Amumu,2,2,7,3,0.71,7259,13,15151,27106,2336,19217,0.11079206494615336,0.14865896651731994,121,11,57,"[41, 133]",1302
TR1_1515182991,7,KogMaw,2,5,6,2,1.17,7250,13,23195,17538,3037,13002,0.16960589339578222,0.0961870759843064,234,78,129,"[11, 133]",1302
TR1_1515182991,8,MasterYi,7,0,10,0,0.0,5750,12,6955,15158,973,11371,0.05085916173162474,0.0831329658628845,28,0,4,"[53, 77]",1302
TR1_1515182991,9,Pyke,5,11,1,16,27.0,17456,18,41052,28808,27330,41246,0.11728730191113633,0.08656988781307659,179,16,46,"[166, 82, 63, 195]",1302
TR1_1515182991,10,Kayn,5,17,3,10,9.0,17812,18,84705,38579,25720,46350,0.24200638247595183,0.11593033371497549,262,0,23,"[195, 165, 82, 19]",1302
TR1_1515182991,11,Volibear,8,5,5,3,1.6,10000,15,24478,36474,15562,37263,0.17898829517318568,0.20003776050431205,137,0,47,"[48, 154, 107]",1302
TR1_1515182991,12,Lillia,3,15,7,1,2.29,13018,18,56427,53610,22181,35463,0.16121632420193563,0.16109833355852957,233,23,49,"[53, 50, 84, 11]",1302
TR1_1515182991,13,Galio,3,1,6,15,2.67,13009,18,25125,49283,11612,145482,0.0717843367278562,0.14809661771240057,220,15,39,"[18, 16, 67, 45]",1302
TR1_1515182991,14,Zyra,8,4,9,5,1.0,10000,15,21412,21118,1547,7672,0.1565712816263799,0.11582231328313253,233,61,117,"[45, 65, 74]",1302
TR1_1515182991,15,Gwen,6,4,6,4,1.33,7253,14,16240,26850,11153,16757,0.11875083761370839,0.14725730113897215,118,13,80,"[156, 20, 67]",1302
TR1_1515182991,16,Poppy,7,0,6,0,0.0,5750,12,9541,19825,4908,37333,0.06977012280887966,0.1087290006200298,74,2,0,"[88, 152]",1302
TR1_1514588860,1,Zed,8,9,6,14,3.83,16257,18,50700,30545,7181,44068,0.17988801138865543,0.10609955563965628,366,82,96,"[28, 2, 19, 82]",1240
TR1_1514588860,2,Katarina,1,4,7,10,2.0,13001,17,27099,59201,8516,100841,0.09614972050385824,0.20563803789725407,104,11,100,"[97, 133, 41]",1240
TR1_1514588860,3,Gwen,1,9,7,4,1.86,13003,17,39221,52167,17805,56484,0.13916012990444965,0.18120729972755015,207,73,146,"[138, 133, 125]",1240
TR1_1514588860,4,Jhin,2,3,5,8,2.2,10758,16,20774,26857,3484,21703,0.15662083416342246,0.1824045629006627,106,7,22,"[171, 107, 194]",1240
TR1_1514588860,5,Hwei,2,9,4,3,3.0,10785,16,32510,21390,6897,18445,0.24510256374935377,0.145273094427457,134,4,15,"[85, 16, 195]",1240
TR1_1514588860,6,Hecarim,6,0,6,0,0.0,3750,9,7463,10479,1667,5745,0.05626522556593169,0.07117186129016612,40,0,20,[9],1240
TR1_1514588860,7,Trundle,3,2,7,5,1.0,9760,15,20326,22301,6210,22379,0.1532454308494414,0.15145992819305615,103,0,24,"[85, 71, 81]",1240
TR1_1514588860,8,MasterYi,3,4,6,3,1.17,9750,15,16999,19468,6722,18009,0.12815868774779765,0.13221952939900403,87,0,26,"[207, 74, 19]",1240
TR1_1514588860,9,Caitlyn,8,14,6,4,3.0,18215,18,48800,22953,7421,12518,0.1731478331358631,0.07972849139104624,244,39,62,"[170, 38, 6, 52]",1240
TR1_1514588860,10,Syndra,7,1,6,3,0.67,7304,13,15794,17586,2608,7717,0.11907631572202948,0.11943996083346843,227,0,11,"[112, 151]",1240
TR1_1514588860,11,Gragas,4,2,4,11,3.25,15040,18,22950,28811,13389,57487,0.08143080863636377,0.10007735619099561,263,3,40,"[136, 180, 18, 98]",1240
TR1_1514588860,12,Udyr,4,11,5,2,2.6,15007,18,37426,24619,5461,26021,0.13279313706944057,0.08551543976939968,112,0,16,"[181, 20, 174, 16]",1240
TR1_1514588860,13,XinZhao,5,6,8,8,1.75,13000,17,23588,38008,14023,30762,0.08369464679059085,0.13202528057553772,97,0,9,"[116, 21, 115]",1240
TR1_1514588860,14,Jax,5,8,6,6,2.33,13001,17,32055,31584,14080,48456,0.11373571257077839,0.10970853880856025,160,0,7,"[87, 129, 81]",1240
TR1_1514588860,15,TahmKench,6,2,3,0,0.67,3750,9,7574,10923,2929,6623,0.057102266098947675,0.07418976864231323,38,5,24,[32],1240
TR1_1514588860,16,Volibear,7,3,7,1,0.57,7302,13,11198,18234,3056,19420,0.08442867610307589,0.12384129431387235,78,0,24,"[17, 165]",1240
TR1_1514590574,1,Mordekaiser,7,11,11,11,2.0,21014,18,60852,71144,25494,91955,0.1337632131071354,0.14975263160253224,173,68,138,"[9, 38, 50, 72]",1476
TR1_1514590574,2,Warwick,2,2,12,3,0.42,10987,15,16164,35419,9592,48016,0.09476838977965373,0.1793174556626456,88,0,18,"[56, 98, 107]",1476
TR1_1514590574,3,Poppy,6,2,6,11,2.17,10540,16,19344,40391,7513,76645,0.04252335457931292,0.08501907582175103,110,0,41,"[181, 109, 25]",1476
TR1_1514590574,4,Shaco,2,4,6,2,1.0,9250,15,33618,22973,7420,12424,0.19709679119231427,0.11630826914312258,363,57,81,"[9, 84, 107]",1476
TR1_1514590574,5,Volibear,8,5,6,0,0.83,7270,14,27326,38785,20902,74439,0.16020709894186494,0.19635657399526993,150,0,11,"[42, 64, 109]",1476
TR1_1514590574,6,Velkoz,5,3,4,1,1.0,4250,11,13844,8797,1568,9068,0.08116800760986803,0.044540342652286125,140,29,50,"[97, 29]",1476
TR1_1514590574,7,Irelia,5,1,5,3,0.8,4250,11,6586,9569,1063,7166,0.038617908056237375,0.04844808475518019,60,11,56,"[85, 84]",1476
TR1_1514590574,8,Darius,6,12,8,2,1.75,10635,16,43754,70249,28637,81458,0.09618062918847554,0.14786888161430034,174,0,36,"[28, 13, 33]",1476
TR1_1514590574,9,Xayah,3,5,9,5,1.11,7770,14,19028,23671,6876,11755,0.11155973599148013,0.11984293210412983,68,11,46,"[138, 77, 74]",1476
TR1_1514590574,10,Sett,4,10,5,16,5.2,18945,18,56152,51133,15395,85702,0.12343200967254392,0.107630201255562,136,0,15,"[51, 71, 13, 68]",1476
TR1_1514590574,11,Aatrox,3,5,6,5,1.67,7750,14,29515,36392,22310,42863,0.17304275107099076,0.18424387424255148,128,8,35,"[73, 23, 151]",1476
TR1_1514590574,12,Vladimir,4,18,3,9,9.0,18855,18,98153,38484,45531,68296,0.2157581137251366,0.08100665973339277,400,0,28,"[171, 103, 180, 129]",1476
TR1_1514590574,13,Vladimir,7,12,5,9,4.2,18300,18,60848,82531,93195,77727,0.13375401687807703,0.1737204033489711,412,0,32,"[97, 65, 180, 90]",1476
TR1_1514590574,14,Briar,8,0,9,4,0.44,7315,14,24483,21913,12792,29661,0.14353931735759076,0.11094246744481427,93,9,13,"[46, 52, 103]",1476
TR1_1514590574,15,Karma,1,14,6,5,3.17,13510,18,57773,65916,47110,95451,0.12699608509402122,0.13874651083751946,567,44,68,"[37, 68, 180, 211]",1476
TR1_1514590574,16,Viego,1,5,10,12,1.7,13588,18,58045,55231,24207,48216,0.12759257775529734,0.11625563578597109,186,18,65,"[22, 71, 67, 47]",1476
TR1_1514479332,1,Zed,6,7,5,9,3.2,13835,18,30799,19227,4719,12994,0.1054534758017466,0.071932591116635,346,26,45,"[150, 165, 72, 89]",1238
TR1_1514479332,2,Vayne,3,9,5,6,3.0,13561,18,46984,31623,13722,31370,0.1608713259850052,0.11830664553563013,115,58,83,"[154, 151, 13, 47]",1238
TR1_1514479332,3,Briar,3,7,10,7,1.4,13503,18,42677,36859,22407,50447,0.14612431876666715,0.13789199643724295,123,8,52,"[52, 36, 61, 71]",1238
TR1_1514479332,4,Gragas,5,5,6,5,1.67,9794,15,18779,29850,6706,31459,0.11554994573607688,0.12780539173346564,201,9,45,"[175, 65, 84]",1238
TR1_1514479332,5,Twitch,6,9,6,7,2.67,13860,18,29855,28956,5867,17483,0.10222134041922037,0.10832737470252513,121,3,27,"[77, 2, 74, 151]",1238
TR1_1514479332,6,Nasus,1,4,7,5,1.29,9793,15,24828,56684,32837,57097,0.15276989006241481,0.24269632632740382,295,0,13,"[103, 67, 68]",1238
TR1_1514479332,7,Shaco,1,7,11,4,1.0,9772,15,24019,27953,6386,16494,0.14779146436808654,0.11968486730327094,244,0,26,"[52, 165, 47]",1238
TR1_1514479332,8,KSante,7,1,8,4,0.62,7031,13,16854,21422,3462,25528,0.10370962879700621,0.09172063613776786,180,0,39,"[150, 77]",1238
TR1_1514479332,9,Ekko,5,5,7,5,1.43,9752,15,25449,24269,12411,19327,0.15659570800378458,0.10391205968815671,177,34,68,"[129, 84, 68]",1238
TR1_1514479332,10,Heimerdinger,8,9,10,10,1.9,13780,17,43521,29789,5575,28843,0.1490122718949129,0.11144374226857606,251,79,235,"[104, 154, 24]",1238
TR1_1514479332,11,Gragas,2,3,4,6,2.25,7255,13,19172,26723,12528,16897,0.1179727666749611,0.1144180773332436,164,6,24,"[152, 20]",1238
TR1_1514479332,12,Vladimir,2,7,4,3,2.5,7315,13,24227,21084,18919,11942,0.14907535372228495,0.09027471111938574,182,0,23,"[98, 211]",1238
TR1_1514479332,13,Braum,7,4,5,1,1.0,7020,13,9188,25572,5519,73640,0.05653524263538489,0.10948793035730568,127,15,42,"[36, 64]",1238
TR1_1514479332,14,Volibear,8,11,5,7,3.6,13840,17,32655,61598,21467,129899,0.11180790088193059,0.23044184471318563,202,0,127,"[152, 13, 149]",1238
TR1_1514479332,15,Kaisa,4,13,8,2,1.88,11040,16,46899,30408,6656,30800,0.1605797728272738,0.11375797071904709,236,8,35,"[71, 103, 23]",1238
TR1_1514479332,16,Rakan,4,2,5,13,3.0,11035,16,18671,28841,18767,74255,0.0639295934232434,0.10789783450715804,247,23,54,"[198, 63, 72]",1238
TR1_1514475149,1,Sion,7,16,8,4,2.5,15755,26,47883,67434,16882,112142,0.11793277954942553,0.17201878100440463,240,7,59,"[96, 149, 110, 208]",1516
TR1_1514475149,2,Poppy,1,2,7,7,1.29,6750,12,11867,26833,1610,36233,0.06683443122333599,0.10892113962078474,94,0,17,"[35, 13]",1516
TR1_1514475149,3,Sion,1,8,6,2,1.67,6750,12,14828,51651,5250,52856,0.08351366988288701,0.20966143755705374,97,15,53,"[41, 13]",1516
TR1_1514475149,4,Malphite,2,6,6,21,4.5,24917,18,65677,67242,18382,270738,0.16175835284335124,0.17152910672747906,308,0,52,"[193, 152, 12, 41]",1516
TR1_1514475149,5,Veigar,2,22,8,6,3.5,21347,18,86117,40826,14183,39330,0.21209940633395438,0.10414478654582907,455,42,79,"[156, 20, 34, 30]",1516
TR1_1514475149,6,Tristana,6,5,7,6,1.57,10006,15,43819,32721,12629,16257,0.24678273239614334,0.13281974568414687,108,0,37,"[54, 23, 46]",1516
TR1_1514475149,7,Zed,3,9,9,10,2.11,21987,18,40369,49060,11373,33995,0.0994264125202548,0.12514986198154546,330,64,76,"[53, 38, 32, 195]",1516
TR1_1514475149,8,MasterYi,3,12,5,8,4.0,20501,18,62201,42431,26260,50262,0.1531978702308241,0.1082377348984456,139,0,40,"[81, 90, 80, 58]",1516
TR1_1514475149,9,Kayn,8,2,6,0,0.33,6250,12,10196,17750,5072,17034,0.05742509573860452,0.0720498662104713,127,0,4,"[1, 90]",1516
TR1_1514475149,10,Pyke,5,5,6,5,1.67,9750,15,20127,37793,25258,40707,0.04957314214831409,0.09640649410007864,250,27,48,"[1, 63, 116]",1516
TR1_1514475149,11,Kayn,5,7,12,5,1.0,10800,15,30194,47210,24113,33812,0.07436666423533546,0.12043067620916699,260,0,27,"[19, 165, 60]",1516
TR1_1514475149,12,Tryndamere,4,4,9,4,0.89,9500,15,24974,33714,13087,45201,0.1406501175120591,0.13685079383562898,167,0,7,"[19, 63, 138]",1516
TR1_1514475149,13,Poppy,4,4,7,4,1.14,9500,15,26236,38919,5092,85086,0.14775717592053175,0.15797965475711853,216,0,7,"[1, 154, 112]",1516
TR1_1514475149,14,Gragas,6,6,4,5,2.75,10003,15,32462,30765,17878,51567,0.18282527854339067,0.12487993064470576,227,71,166,"[62, 133, 44]",1516
TR1_1514475149,15,Kaisa,8,0,7,2,0.29,6250,12,13177,14002,1905,10990,0.07421149878304763,0.05683743169009006,66,8,11,"[115, 133]",1516
TR1_1514475149,16,Leona,7,4,5,16,4.0,15756,18,53450,40018,2831,198009,0.13164537213854038,0.10208255853305058,285,8,50,"[18, 103, 85, 193]",1516
TR1_1483924154,1,Vi,1,7,6,7,2.33,19800,18,19067,20009,3319,20342,0.16035962628622047,0.2019009558205912,128,0,20,"[88, 58, 6, 170]",907
TR1_1483924154,2,Orianna,1,8,4,7,3.75,19800,18,38039,12571,2743,12778,0.3199179652038061,0.12685230140906756,222,26,21,"[48, 195, 135, 49]",907
TR1_1483924154,3,Pyke,2,11,6,6,2.83,20525,18,25014,35554,15351,25220,0.21037288854322994,0.35875635198397676,174,19,41,"[66, 41, 166, 46]",907
TR1_1483924154,4,Fizz,2,6,6,8,2.33,21900,18,36783,30969,4243,29180,0.3093495199667435,0.3124903907863645,242,8,21,"[88, 30, 125, 56]",907
TR1_1483924154,5,Neeko,3,2,6,8,1.67,12750,13,13701,17565,1467,4732,0.19226422263780826,0.18147357176683857,183,4,19,"[86, 30, 193]",907
TR1_1483924154,6,Fiora,3,8,5,2,2.0,12750,13,18858,20679,9027,19134,0.26464131786756895,0.21364387438001053,140,1,12,"[81, 62, 11]",907
TR1_1483924154,7,Yasuo,4,2,9,5,0.78,15050,15,15598,31491,7255,23053,0.21889595800526085,0.3253445618996713,216,4,10,"[58, 41, 48]",907
TR1_1483924154,8,Kayn,4,5,7,2,1.0,15050,15,23103,27058,12272,15188,0.32419850148936197,0.27953799195347956,205,0,11,"[1, 79, 27]",907
TR1_1483917549,1,Naafiri,1,8,7,7,2.14,22800,18,38359,32399,10583,28784,0.19846870325136556,0.20129926029243428,282,4,123,"[58, 82, 166, 24]",1182
TR1_1483917549,2,TahmKench,1,8,7,8,2.29,22800,18,41578,60391,40119,49082,0.21512610734983068,0.3752152277558345,183,50,120,"[41, 65, 177, 67]",1182
TR1_1483917549,3,Pyke,2,3,5,14,3.4,23868,18,24697,29629,13410,40829,0.1277835654513118,0.1840875926758066,257,16,67,"[18, 59, 1, 68]",1182
TR1_1483917549,4,Kayn,2,18,6,3,3.5,25935,18,88640,38531,22289,35943,0.45862162394749195,0.23939791927592463,383,3,85,"[27, 103, 1, 38]",1182
TR1_1483917549,5,Vayne,3,3,7,8,1.57,16450,15,28064,46399,41048,28582,0.3006285145294556,0.3317389382830103,149,51,119,"[177, 74, 195]",1182
TR1_1483917549,6,Irelia,3,10,12,3,1.08,16546,15,26813,30122,4451,23628,0.28723131152414166,0.2153617890596846,335,16,147,"[54, 151, 58]",1182
TR1_1483917549,7,Nasus,4,2,6,6,1.33,12756,13,17109,35190,12540,43458,0.18327833834687648,0.2515980664389284,159,0,42,"[53, 90, 208]",1182
TR1_1483917549,8,Sion,4,7,9,2,1.0,12774,13,21364,28155,5886,21490,0.22886183559952625,0.2013012062183767,110,9,49,"[208, 36, 48]",1182
TR1_1483916048,1,Kayle,1,11,8,4,1.88,19800,16,37750,28627,12659,13180,0.3187441352192717,0.26795026974969793,183,0,12,"[54, 49, 175]",955
TR1_1483916048,2,Riven,1,5,10,12,1.7,19800,16,23811,38039,12270,46961,0.20104568106588966,0.35604649372924047,264,2,10,"[88, 181, 2]",955
TR1_1483916048,3,Pyke,2,10,1,9,19.0,20500,16,18430,21529,12652,15301,0.15561788234412532,0.20151360009769526,145,24,40,"[195, 60, 82]",955
TR1_1483916048,4,Kayn,2,9,4,8,4.25,21900,16,38443,18642,9206,20631,0.3245923013707133,0.17448963642336635,197,0,15,"[27, 46, 63]",955
TR1_1483916048,5,Nasus,3,0,7,2,0.29,11350,12,11945,23730,6533,21208,0.1659663752097747,0.2491535886157069,129,0,4,"[1, 204]",955
TR1_1483916048,6,Galio,3,2,8,0,0.25,11350,12,14147,18754,389,13213,0.19656716438566527,0.19690856370106166,78,17,0,"[41, 17]",955
TR1_1483916048,7,Ornn,4,6,6,7,2.17,16100,15,24370,34112,10780,52049,0.3386016880426113,0.358160088197151,122,22,42,"[193, 42, 24]",955
TR1_1483916048,8,Hwei,4,5,6,6,1.83,16100,15,21510,18646,3846,13446,0.2988647723619487,0.19577775948608042,129,10,25,"[48, 80, 77]",955
TR1_1483908502,1,Pyke,1,6,7,4,1.43,20850,16,15914,32165,14968,23964,0.17255109959809475,0.35076136920337625,146,8,62,"[33, 17, 85]",824
TR1_1483908502,2,Gragas,1,4,8,6,1.25,21550,16,22408,30709,11785,31258,0.2429597761026644,0.33487923774765493,317,2,81,"[68, 42, 97]",824
TR1_1483908502,3,Lulu,2,4,4,9,3.25,19475,16,11693,12745,4443,8612,0.12677853740646097,0.13899059300212066,277,31,60,"[150, 76, 170]",824
TR1_1483908502,4,Twitch,2,9,5,4,2.6,19555,16,42215,16081,6705,13370,0.4577105868927799,0.17536880004684816,78,3,56,"[36, 138, 51]",824
TR1_1483908502,5,Vayne,3,6,6,5,1.83,16100,15,21799,28460,2510,13510,0.2790186679148934,0.3383546204830974,81,32,69,"[52, 120, 34]",824
TR1_1483908502,6,Shaco,3,6,5,6,2.4,16100,15,16907,15533,1434,9669,0.2164085722205818,0.1846768466098742,190,0,50,"[84, 46, 73]",824
TR1_1483908502,7,Ashe,4,2,7,9,1.57,15865,15,14806,18241,1711,10854,0.18951354569761836,0.21686960778854775,118,34,401,"[47, 7, 46]",824
TR1_1483908502,8,Ezreal,4,9,4,2,2.75,15795,15,24614,21878,3773,10084,0.31505921416690646,0.2600989251184807,234,121,259,"[133, 87, 56]",824
TR1_1483876205,1,Nilah,1,3,8,13,2.0,19800,18,45991,29646,12040,21739,0.2179972615700517,0.21538425518365206,154,0,3,"[29, 79, 52, 61]",1137
TR1_1483876205,2,Mordekaiser,1,14,3,3,5.67,19800,18,75708,24168,12573,50383,0.35885241454904315,0.1755841204379293,168,0,12,"[65, 48, 129, 109]",1137
TR1_1483876205,3,Pyke,2,8,7,6,2.0,19450,18,35933,37286,15582,28953,0.17032230709482948,0.2708905534393931,239,30,68,"[82, 195, 165, 21]",1137
TR1_1483876205,4,Vladimir,2,9,4,8,4.25,21550,18,53339,46542,61014,52317,0.2528280167860757,0.33814107093902557,377,0,14,"[90, 156, 47, 133]",1137
TR1_1483876205,5,Karma,3,1,9,3,0.44,12050,12,6707,32927,22954,35266,0.06658276965726895,0.17019956208536627,196,1,12,"[107, 58]",1137
TR1_1483876205,6,Gnar,3,4,6,1,0.83,12050,12,25445,35210,11225,34125,0.2525873669120969,0.18200327984698006,126,7,15,"[24, 81]",1137
TR1_1483876205,7,Riven,4,7,7,4,1.57,16100,15,37720,56809,14474,100977,0.3744340997865966,0.2936454039952396,482,6,39,"[63, 41, 149]",1137
TR1_1483876205,8,Karma,4,4,6,7,1.83,16100,15,30866,68514,64875,56142,0.3063957636440376,0.35415175407241406,311,52,58,"[67, 15, 70]",1137
TR1_1483871681,1,Pyke,1,8,1,7,15.0,17150,15,21532,16554,7124,11217,0.18048199537968554,0.15480436314522714,189,23,49,"[103, 136, 89]",872
TR1_1483871681,2,Kayn,1,9,1,8,17.0,19600,15,44128,17557,12152,22990,0.3698775626818045,0.16417618939846765,177,0,20,"[154, 37, 98]",872
TR1_1483871681,3,Kayle,2,5,10,4,0.9,12400,13,30343,23000,5724,9976,0.3975957666985421,0.23569278476873018,163,8,37,"[151, 22, 107]",872
TR1_1483871681,4,Alistar,2,4,5,5,1.8,12400,13,9629,28489,9561,33318,0.12617300841646728,0.2919434927702785,113,0,30,"[59, 138, 67]",872
TR1_1483871681,5,Senna,3,5,7,0,0.71,12090,13,21192,18290,10913,12854,0.27769602263602683,0.18743205686908607,95,14,35,"[71, 69, 118]",872
TR1_1483871681,6,Singed,3,0,9,5,0.56,12050,13,15151,27805,9756,32117,0.1985352022489638,0.2849316655919053,87,0,23,"[84, 60, 64]",872
TR1_1483871681,7,Udyr,4,8,5,4,2.4,15750,15,29122,35320,9605,82701,0.2441028322991917,0.33027538350878266,256,0,26,"[13, 171, 133]",872
TR1_1483871681,8,Karma,4,4,5,7,2.2,15750,15,24521,37508,28392,45868,0.20553760963931825,0.35074406394752256,247,29,48,"[192, 9, 180]",872
TR1_1483871037,1,Illaoi,1,13,8,3,2.0,22925,18,60068,40143,5604,35755,0.42574971254949273,0.3003857913760933,260,11,44,"[17, 104, 103, 194]",1139
TR1_1483871037,2,Skarner,1,5,4,12,4.25,22375,18,21170,23006,35837,107616,0.15004870105622065,0.17215218004141222,594,14,51,"[80, 67, 109, 45]",1139
TR1_1483871037,3,Kayn,2,3,8,6,1.12,13265,13,17061,24850,9923,19231,0.2501793397333579,0.27922323568012425,160,0,22,"[116, 150, 70]",1139
TR1_1483871037,4,Ekko,2,6,6,4,1.67,13160,13,20921,21455,6392,14983,0.30678638448591555,0.24107322731015016,201,31,66,"[32, 68, 90]",1139
TR1_1483871037,5,Pyke,3,7,5,7,2.8,19900,18,21258,34492,15268,26882,0.15067312610502448,0.25809715334447597,238,45,90,"[69, 82, 63, 54]",1139
TR1_1483871037,6,Gragas,3,10,7,6,2.29,20975,18,38591,35997,15015,30982,0.27352846028926214,0.26936487523801855,474,16,58,"[136, 98, 151, 6]",1139
TR1_1483871037,7,Mordekaiser,4,3,9,4,0.78,12410,13,16493,28636,5343,33171,0.24185620042918385,0.3217657467654022,122,0,9,"[105, 47, 77]",1139
TR1_1483871037,8,Shaco,4,4,5,2,1.2,12430,13,13719,14056,5113,5871,0.20117807535154275,0.15793779024432336,92,0,7,"[73, 59, 24]",1139
TR1_1483866399,1,Gwen,1,5,7,6,1.57,19120,16,31715,27591,9562,29442,0.2745494967217258,0.30690474331954876,163,36,72,"[170, 65, 28]",936
TR1_1483866399,2,Kayn,1,7,6,5,2.0,19176,16,33501,24068,11839,37874,0.2900039389031603,0.2677177463875304,204,0,52,"[34, 211, 42]",936
TR1_1483866399,3,Jhin,2,9,4,4,3.25,19132,16,20717,12773,3829,6090,0.17934483615239852,0.14208539976928494,128,4,16,"[32, 82, 51]",936
TR1_1483866399,4,Nilah,2,5,6,9,2.33,19126,16,29584,25468,12515,25852,0.2561017282227154,0.28329211052363595,182,0,12,"[112, 154, 46]",936
TR1_1483866399,5,Malzahar,3,2,6,5,1.17,12410,13,11698,20174,3549,12806,0.1802877456622048,0.20980037097536663,196,0,19,"[205, 84, 44]",936
TR1_1483866399,6,Teemo,3,6,7,2,1.14,12400,13,14898,16506,394,7947,0.22960949951125714,0.17165327766841018,97,0,12,"[97, 52, 9]",936
TR1_1483866399,7,Yuumi,4,4,4,6,2.5,17504,15,12687,18566,20560,16262,0.19553645999837485,0.1930721949748223,154,37,0,"[17, 198, 76]",936
TR1_1483866399,8,Leona,4,6,5,3,1.8,17530,15,25601,40914,3620,61106,0.39456629482816324,0.42547415638140085,164,15,80,"[136, 151, 73]",936
